/*!40101 SET @OLD_CHARACTER_SET_CLIENT=@@CHARACTER_SET_CLIENT */;
/*!40101 SET NAMES utf8 */;
/*!50503 SET NAMES utf8mb4 */;
/*!40103 SET @OLD_TIME_ZONE=@@TIME_ZONE */;
/*!40103 SET TIME_ZONE='+00:00' */;
/*!40014 SET @OLD_FOREIGN_KEY_CHECKS=@@FOREIGN_KEY_CHECKS, FOREIGN_KEY_CHECKS=0 */;
/*!40101 SET @OLD_SQL_MODE=@@SQL_MODE, SQL_MODE='NO_AUTO_VALUE_ON_ZERO' */;
/*!40111 SET @OLD_SQL_NOTES=@@SQL_NOTES, SQL_NOTES=0 */;

CREATE DATABASE IF NOT EXISTS `cumisystem` /*!40100 DEFAULT CHARACTER SET utf8mb4 COLLATE utf8mb4_0900_ai_ci */ /*!80016 DEFAULT ENCRYPTION='N' */;
USE `cumisystem`;

CREATE TABLE IF NOT EXISTS `attendances` (
  `id` int unsigned NOT NULL AUTO_INCREMENT,
  `workday` date NOT NULL,
  `aentry_time` varchar(255) COLLATE utf8mb4_unicode_ci NOT NULL,
  `adeparture_time` varchar(255) COLLATE utf8mb4_unicode_ci DEFAULT NULL,
  `employe_id` int unsigned NOT NULL,
  `created_at` timestamp NULL DEFAULT NULL,
  `updated_at` timestamp NULL DEFAULT NULL,
  `deleted_at` timestamp NULL DEFAULT NULL,
  PRIMARY KEY (`id`),
  KEY `attendances_employe_id_foreign` (`employe_id`),
  CONSTRAINT `attendances_employe_id_foreign` FOREIGN KEY (`employe_id`) REFERENCES `employes` (`id`)
) ENGINE=InnoDB AUTO_INCREMENT=685 DEFAULT CHARSET=utf8mb4 COLLATE=utf8mb4_unicode_ci;

INSERT INTO `attendances` (`id`, `workday`, `aentry_time`, `adeparture_time`, `employe_id`, `created_at`, `updated_at`, `deleted_at`) VALUES
	(148, '2023-07-17', '20:00:00', NULL, 1, NULL, NULL, NULL),
	(149, '2023-07-22', '05:12:30', '12:46:29', 5112, NULL, NULL, NULL),
	(150, '2023-07-22', '05:40:46', '14:06:45', 5058, NULL, NULL, NULL),
	(151, '2023-07-22', '05:41:38', '13:54:40', 5066, NULL, NULL, NULL),
	(152, '2023-07-22', '05:41:46', '13:31:40', 5060, NULL, NULL, NULL),
	(153, '2023-07-22', '05:43:17', '13:53:59', 5144, NULL, NULL, NULL),
	(154, '2023-07-22', '05:47:11', '14:09:22', 4948, NULL, NULL, NULL),
	(155, '2023-07-22', '05:50:09', '12:28:56', 5019, NULL, NULL, NULL),
	(156, '2023-07-22', '05:55:56', '13:41:47', 5059, NULL, NULL, NULL),
	(157, '2023-07-22', '05:56:23', '14:02:53', 5070, NULL, NULL, NULL),
	(158, '2023-07-22', '05:56:56', '18:34:04', 5192, NULL, NULL, NULL),
	(159, '2023-07-22', '05:57:15', '13:45:59', 5053, NULL, NULL, NULL),
	(160, '2023-07-22', '06:00:12', '18:15:20', 4889, NULL, NULL, NULL),
	(161, '2023-07-22', '06:00:50', '13:51:08', 5064, NULL, NULL, NULL),
	(162, '2023-07-22', '06:02:06', '13:35:27', 5063, NULL, NULL, NULL),
	(163, '2023-07-22', '06:23:14', '19:40:44', 226, NULL, NULL, NULL),
	(164, '2023-07-22', '06:23:30', '19:27:12', 4918, NULL, NULL, NULL),
	(165, '2023-07-22', '06:26:47', '19:45:01', 4877, NULL, NULL, NULL),
	(166, '2023-07-22', '06:29:12', NULL, 5016, NULL, NULL, NULL),
	(167, '2023-07-22', '06:29:17', '20:02:29', 5127, NULL, NULL, NULL),
	(168, '2023-07-22', '06:29:21', '19:55:48', 5147, NULL, NULL, NULL),
	(169, '2023-07-22', '06:35:23', '12:39:12', 5141, NULL, NULL, NULL),
	(170, '2023-07-22', '06:36:07', '19:30:00', 5128, NULL, NULL, NULL),
	(171, '2023-07-22', '06:38:27', '19:30:07', 4874, NULL, NULL, NULL),
	(172, '2023-07-22', '06:41:21', NULL, 5116, NULL, NULL, NULL),
	(173, '2023-07-22', '06:42:05', '14:23:46', 5114, NULL, NULL, NULL),
	(174, '2023-07-22', '06:42:10', '19:40:49', 5136, NULL, NULL, NULL),
	(175, '2023-07-22', '06:42:45', '20:27:27', 5203, NULL, NULL, NULL),
	(176, '2023-07-22', '06:43:09', '19:24:17', 4980, NULL, NULL, NULL),
	(177, '2023-07-22', '06:43:25', '19:39:41', 5135, NULL, NULL, NULL),
	(178, '2023-07-22', '06:46:54', '13:51:16', 5052, NULL, NULL, NULL),
	(179, '2023-07-22', '06:47:37', '19:43:05', 4895, NULL, NULL, NULL),
	(180, '2023-07-22', '06:47:40', NULL, 5001, NULL, NULL, NULL),
	(181, '2023-07-22', '06:47:44', '19:14:37', 4970, NULL, NULL, NULL),
	(182, '2023-07-22', '06:47:52', '18:54:52', 5153, NULL, NULL, NULL),
	(183, '2023-07-22', '06:49:25', '12:05:53', 4987, NULL, NULL, NULL),
	(184, '2023-07-22', '06:49:42', '19:26:49', 4962, NULL, NULL, NULL),
	(185, '2023-07-22', '06:50:29', '19:27:39', 4919, NULL, NULL, NULL),
	(186, '2023-07-22', '06:51:57', '19:27:31', 5149, NULL, NULL, NULL),
	(187, '2023-07-22', '06:52:54', '19:47:53', 5105, NULL, NULL, NULL),
	(188, '2023-07-22', '06:53:31', '19:27:22', 4915, NULL, NULL, NULL),
	(189, '2023-07-22', '06:53:36', NULL, 5080, NULL, NULL, NULL),
	(190, '2023-07-22', '06:55:15', '15:00:47', 5137, NULL, NULL, NULL),
	(191, '2023-07-22', '06:55:19', '12:32:26', 5138, NULL, NULL, NULL),
	(192, '2023-07-22', '06:55:27', '12:07:23', 53, NULL, NULL, NULL),
	(193, '2023-07-22', '06:55:33', '19:27:06', 5087, NULL, NULL, NULL),
	(194, '2023-07-22', '06:55:37', '19:36:49', 4894, NULL, NULL, NULL),
	(195, '2023-07-22', '06:55:42', '19:32:19', 4969, NULL, NULL, NULL),
	(196, '2023-07-22', '06:55:48', '19:37:57', 5146, NULL, NULL, NULL),
	(197, '2023-07-22', '06:58:35', '15:00:35', 5139, NULL, NULL, NULL),
	(198, '2023-07-22', '06:59:43', '12:13:27', 5140, NULL, NULL, NULL),
	(199, '2023-07-22', '06:59:47', '19:01:02', 4860, NULL, NULL, NULL),
	(200, '2023-07-22', '07:01:13', '19:14:32', 5109, NULL, NULL, NULL),
	(201, '2023-07-22', '07:01:23', '17:00:02', 4989, NULL, NULL, NULL),
	(202, '2023-07-22', '07:01:41', NULL, 4944, NULL, NULL, NULL),
	(203, '2023-07-22', '07:02:32', '19:14:42', 4996, NULL, NULL, NULL),
	(204, '2023-07-22', '07:02:36', '19:20:25', 5024, NULL, NULL, NULL),
	(205, '2023-07-22', '07:02:42', '12:09:21', 63, NULL, NULL, NULL),
	(206, '2023-07-22', '07:03:01', '12:04:35', 54, NULL, NULL, NULL),
	(207, '2023-07-22', '07:03:56', '14:02:00', 50, NULL, NULL, NULL),
	(208, '2023-07-22', '07:04:26', '19:35:54', 4930, NULL, NULL, NULL),
	(209, '2023-07-22', '07:05:46', '14:31:03', 4793, NULL, NULL, NULL),
	(210, '2023-07-22', '07:07:27', NULL, 4965, NULL, NULL, NULL),
	(211, '2023-07-22', '07:08:12', '12:34:14', 5031, NULL, NULL, NULL),
	(212, '2023-07-22', '07:08:37', '19:16:43', 5118, NULL, NULL, NULL),
	(213, '2023-07-22', '07:08:42', '19:10:07', 5124, NULL, NULL, NULL),
	(214, '2023-07-22', '07:10:08', '12:13:23', 5099, NULL, NULL, NULL),
	(215, '2023-07-22', '07:10:16', NULL, 4959, NULL, NULL, NULL),
	(216, '2023-07-22', '07:11:14', '19:23:53', 5229, NULL, NULL, NULL),
	(217, '2023-07-22', '07:14:00', '12:24:59', 5065, NULL, NULL, NULL),
	(218, '2023-07-22', '07:14:06', '19:07:14', 268, NULL, NULL, NULL),
	(219, '2023-07-22', '07:14:09', '13:07:22', 37, NULL, NULL, NULL),
	(220, '2023-07-22', '07:14:59', NULL, 5094, NULL, NULL, NULL),
	(221, '2023-07-22', '07:16:25', '19:29:53', 5120, NULL, NULL, NULL),
	(222, '2023-07-22', '07:18:31', '12:08:39', 4921, NULL, NULL, NULL),
	(223, '2023-07-22', '07:20:05', '19:56:42', 5106, NULL, NULL, NULL),
	(224, '2023-07-22', '07:20:24', '13:05:59', 4954, NULL, NULL, NULL),
	(225, '2023-07-22', '07:20:34', '12:09:35', 52, NULL, NULL, NULL),
	(226, '2023-07-22', '07:21:55', '19:59:03', 4952, NULL, NULL, NULL),
	(227, '2023-07-22', '07:22:00', '19:37:54', 4960, NULL, NULL, NULL),
	(228, '2023-07-22', '07:23:20', NULL, 5045, NULL, NULL, NULL),
	(229, '2023-07-22', '07:25:33', '19:24:09', 4974, NULL, NULL, NULL),
	(230, '2023-07-22', '07:25:41', '20:30:15', 5110, NULL, NULL, NULL),
	(231, '2023-07-22', '07:26:46', '12:32:06', 4923, NULL, NULL, NULL),
	(232, '2023-07-22', '07:29:17', '19:10:40', 4932, NULL, NULL, NULL),
	(233, '2023-07-22', '07:29:25', '12:11:40', 28, NULL, NULL, NULL),
	(234, '2023-07-22', '07:29:29', '19:24:05', 4794, NULL, NULL, NULL),
	(235, '2023-07-22', '07:31:37', '19:27:18', 5122, NULL, NULL, NULL),
	(236, '2023-07-22', '07:32:09', '10:59:47', 4888, NULL, NULL, NULL),
	(237, '2023-07-22', '07:32:28', NULL, 5102, NULL, NULL, NULL),
	(238, '2023-07-22', '07:38:31', '13:00:11', 4931, NULL, NULL, NULL),
	(239, '2023-07-22', '07:39:35', '12:58:10', 4983, NULL, NULL, NULL),
	(240, '2023-07-22', '07:44:08', '11:16:24', 5091, NULL, NULL, NULL),
	(241, '2023-07-22', '07:45:04', '12:31:12', 4926, NULL, NULL, NULL),
	(242, '2023-07-22', '07:47:30', '19:06:11', 4858, NULL, NULL, NULL),
	(243, '2023-07-22', '07:49:04', NULL, 39, NULL, NULL, NULL),
	(244, '2023-07-22', '07:50:19', '13:05:13', 41, NULL, NULL, NULL),
	(245, '2023-07-22', '07:50:46', NULL, 157, NULL, NULL, NULL),
	(246, '2023-07-22', '07:51:05', '16:18:17', 5046, NULL, NULL, NULL),
	(247, '2023-07-22', '07:52:35', '14:05:18', 40, NULL, NULL, NULL),
	(248, '2023-07-22', '07:55:39', '13:21:41', 13, NULL, NULL, NULL),
	(249, '2023-07-22', '07:55:56', '13:13:07', 4925, NULL, NULL, NULL),
	(250, '2023-07-22', '07:56:17', '13:22:59', 14, NULL, NULL, NULL),
	(251, '2023-07-22', '07:56:45', '17:13:13', 42, NULL, NULL, NULL),
	(252, '2023-07-22', '07:57:15', '13:09:25', 33, NULL, NULL, NULL),
	(253, '2023-07-22', '07:57:34', '13:20:37', 4, NULL, NULL, NULL),
	(254, '2023-07-22', '07:57:38', '13:07:30', 2, NULL, NULL, NULL),
	(255, '2023-07-22', '07:57:42', '12:58:14', 4984, NULL, NULL, NULL),
	(256, '2023-07-22', '07:58:11', '13:03:17', 1544, NULL, NULL, NULL),
	(257, '2023-07-22', '08:00:09', '13:23:03', 5, NULL, NULL, NULL),
	(258, '2023-07-22', '08:01:57', '13:05:32', 15, NULL, NULL, NULL),
	(259, '2023-07-22', '08:02:07', '14:05:44', 48, NULL, NULL, NULL),
	(260, '2023-07-22', '08:02:11', '13:05:18', 11, NULL, NULL, NULL),
	(261, '2023-07-22', '08:04:19', '12:54:00', 32, NULL, NULL, NULL),
	(262, '2023-07-22', '08:05:46', '13:09:57', 31, NULL, NULL, NULL),
	(263, '2023-07-22', '08:06:02', '13:06:09', 59, NULL, NULL, NULL),
	(264, '2023-07-22', '08:06:56', '13:10:28', 21, NULL, NULL, NULL),
	(265, '2023-07-22', '08:08:25', '13:08:31', 12, NULL, NULL, NULL),
	(266, '2023-07-22', '08:08:49', '13:19:48', 45, NULL, NULL, NULL),
	(267, '2023-07-22', '08:08:54', '13:02:39', 47, NULL, NULL, NULL),
	(268, '2023-07-22', '08:10:56', '13:13:47', 4869, NULL, NULL, NULL),
	(269, '2023-07-22', '08:11:17', '14:05:25', 38, NULL, NULL, NULL),
	(270, '2023-07-22', '08:12:18', '13:05:23', 16, NULL, NULL, NULL),
	(271, '2023-07-22', '08:14:00', '13:05:26', 19, NULL, NULL, NULL),
	(272, '2023-07-22', '08:14:05', '18:55:26', 22, NULL, NULL, NULL),
	(273, '2023-07-22', '08:14:54', '13:00:20', 4934, NULL, NULL, NULL),
	(274, '2023-07-22', '08:16:24', '13:23:09', 1, NULL, NULL, NULL),
	(275, '2023-07-22', '08:16:28', '13:08:02', 6, NULL, NULL, NULL),
	(276, '2023-07-22', '08:17:26', '16:58:07', 34, NULL, NULL, NULL),
	(277, '2023-07-22', '08:25:33', '13:19:51', 44, NULL, NULL, NULL),
	(278, '2023-07-22', '08:25:57', '13:07:27', 4868, NULL, NULL, NULL),
	(279, '2023-07-22', '08:27:57', NULL, 4891, NULL, NULL, NULL),
	(280, '2023-07-22', '08:33:29', '12:03:55', 5018, NULL, NULL, NULL),
	(281, '2023-07-22', '08:52:19', '13:45:36', 56, NULL, NULL, NULL),
	(282, '2023-07-22', '09:01:02', '19:24:12', 5000, NULL, NULL, NULL),
	(283, '2023-07-22', '09:35:29', '13:04:37', 29, NULL, NULL, NULL),
	(284, '2023-07-22', '09:51:17', '19:01:09', 5256, NULL, NULL, NULL),
	(285, '2023-07-22', '09:58:49', '18:00:27', 4909, NULL, NULL, NULL),
	(296, '2023-07-22', '10:25:42', '16:01:23', 4920, NULL, NULL, NULL),
	(297, '2023-07-22', '11:44:41', '17:01:15', 5143, NULL, NULL, NULL),
	(298, '2023-07-22', '12:25:45', '19:02:18', 4927, NULL, NULL, NULL),
	(299, '2023-07-22', '12:35:29', '18:41:52', 4933, NULL, NULL, NULL),
	(300, '2023-07-22', '13:04:05', '18:10:00', 5104, NULL, NULL, NULL),
	(301, '2023-07-22', '13:11:58', '21:03:57', 5103, NULL, NULL, NULL),
	(302, '2023-07-22', '14:03:01', NULL, 5095, NULL, NULL, NULL),
	(303, '2023-07-22', '14:59:51', '19:05:55', 5091, NULL, NULL, NULL),
	(304, '2023-07-22', '16:04:51', '09:06:39', 2627, NULL, NULL, NULL),
	(305, '2023-07-22', '17:44:59', '07:22:50', 5088, NULL, NULL, NULL),
	(306, '2023-07-22', '17:51:53', NULL, 4940, NULL, NULL, NULL),
	(307, '2023-07-22', '18:22:43', '07:24:21', 5042, NULL, NULL, NULL),
	(308, '2023-07-22', '18:29:59', '07:53:04', 4904, NULL, NULL, NULL),
	(309, '2023-07-22', '18:33:03', '07:29:35', 4901, NULL, NULL, NULL),
	(310, '2023-07-22', '18:33:54', '07:55:56', 5079, NULL, NULL, NULL),
	(311, '2023-07-22', '18:33:59', '07:56:38', 5048, NULL, NULL, NULL),
	(312, '2023-07-22', '18:34:11', '07:24:25', 5083, NULL, NULL, NULL),
	(313, '2023-07-22', '18:38:22', '07:26:29', 168, NULL, NULL, NULL),
	(314, '2023-07-22', '18:39:02', '07:41:46', 5004, NULL, NULL, NULL),
	(315, '2023-07-22', '18:39:45', '07:11:55', 143, NULL, NULL, NULL),
	(316, '2023-07-22', '18:39:50', '07:26:57', 4917, NULL, NULL, NULL),
	(317, '2023-07-22', '18:39:55', '07:29:31', 4900, NULL, NULL, NULL),
	(318, '2023-07-22', '18:40:07', '07:24:29', 4872, NULL, NULL, NULL),
	(319, '2023-07-22', '18:40:12', '07:24:33', 5033, NULL, NULL, NULL),
	(320, '2023-07-22', '18:40:55', '07:42:32', 5241, NULL, NULL, NULL),
	(321, '2023-07-22', '18:42:32', '07:31:23', 4912, NULL, NULL, NULL),
	(322, '2023-07-22', '18:43:24', '07:53:07', 4914, NULL, NULL, NULL),
	(323, '2023-07-22', '18:43:32', NULL, 5085, NULL, NULL, NULL),
	(324, '2023-07-22', '18:43:35', '07:56:49', 5086, NULL, NULL, NULL),
	(325, '2023-07-22', '18:43:40', '07:48:32', 4911, NULL, NULL, NULL),
	(326, '2023-07-22', '18:44:27', '07:42:35', 4963, NULL, NULL, NULL),
	(327, '2023-07-22', '18:45:29', '07:33:12', 4834, NULL, NULL, NULL),
	(328, '2023-07-22', '18:45:53', '07:36:50', 2624, NULL, NULL, NULL),
	(329, '2023-07-22', '18:46:01', NULL, 309, NULL, NULL, NULL),
	(330, '2023-07-22', '18:46:49', NULL, 5011, NULL, NULL, NULL),
	(331, '2023-07-22', '18:46:54', '07:29:43', 5096, NULL, NULL, NULL),
	(332, '2023-07-22', '18:46:58', NULL, 5032, NULL, NULL, NULL),
	(333, '2023-07-22', '18:47:02', '07:42:27', 4881, NULL, NULL, NULL),
	(334, '2023-07-22', '18:47:05', '07:47:14', 4908, NULL, NULL, NULL),
	(335, '2023-07-22', '18:47:14', '08:10:44', 4977, NULL, NULL, NULL),
	(336, '2023-07-22', '18:47:58', '07:56:01', 5097, NULL, NULL, NULL),
	(337, '2023-07-22', '18:49:13', '07:16:32', 5100, NULL, NULL, NULL),
	(338, '2023-07-22', '18:49:26', '07:11:51', 5054, NULL, NULL, NULL),
	(339, '2023-07-22', '18:49:52', '08:46:22', 5028, NULL, NULL, NULL),
	(340, '2023-07-22', '18:50:55', '07:36:57', 4899, NULL, NULL, NULL),
	(341, '2023-07-22', '18:51:05', NULL, 4964, NULL, NULL, NULL),
	(342, '2023-07-22', '18:51:38', NULL, 4992, NULL, NULL, NULL),
	(343, '2023-07-22', '18:51:42', '07:51:11', 5036, NULL, NULL, NULL),
	(344, '2023-07-22', '18:51:51', '07:53:00', 4913, NULL, NULL, NULL),
	(345, '2023-07-22', '18:54:45', '07:29:47', 158, NULL, NULL, NULL),
	(346, '2023-07-22', '18:57:31', '07:05:55', 5111, NULL, NULL, NULL),
	(347, '2023-07-22', '18:57:53', '07:38:27', 3782, NULL, NULL, NULL),
	(348, '2023-07-22', '19:00:07', '19:00:15', 2708, NULL, NULL, NULL),
	(349, '2023-07-23', '05:30:42', '13:47:38', 5066, NULL, NULL, NULL),
	(350, '2023-07-23', '05:37:44', '13:32:23', 5058, NULL, NULL, NULL),
	(351, '2023-07-23', '05:41:07', '13:32:34', 5060, NULL, NULL, NULL),
	(352, '2023-07-23', '05:48:36', '13:38:08', 5062, NULL, NULL, NULL),
	(353, '2023-07-23', '05:51:08', '13:32:27', 5063, NULL, NULL, NULL),
	(354, '2023-07-23', '05:54:07', '13:50:40', 5064, NULL, NULL, NULL),
	(355, '2023-07-23', '05:59:14', '13:58:16', 5070, NULL, NULL, NULL),
	(356, '2023-07-23', '06:00:01', '15:02:47', 5068, NULL, NULL, NULL),
	(357, '2023-07-23', '06:10:44', '14:19:00', 5103, NULL, NULL, NULL),
	(358, '2023-07-23', '06:13:05', '13:52:23', 5059, NULL, NULL, NULL),
	(359, '2023-07-23', '06:20:41', '19:19:17', 5000, NULL, NULL, NULL),
	(360, '2023-07-23', '06:21:07', '19:42:42', 4877, NULL, NULL, NULL),
	(361, '2023-07-23', '06:25:54', '19:20:50', 4993, NULL, NULL, NULL),
	(362, '2023-07-23', '06:27:36', '19:37:26', 5135, NULL, NULL, NULL),
	(363, '2023-07-23', '06:28:49', '19:17:14', 5288, NULL, NULL, NULL),
	(364, '2023-07-23', '06:31:24', '13:18:10', 4956, NULL, NULL, NULL),
	(365, '2023-07-23', '06:32:12', NULL, 4891, NULL, NULL, NULL),
	(366, '2023-07-23', '06:32:17', '19:09:52', 5077, NULL, NULL, NULL),
	(367, '2023-07-23', '06:33:34', '19:42:38', 4998, NULL, NULL, NULL),
	(368, '2023-07-23', '06:34:33', '19:27:25', 5043, NULL, NULL, NULL),
	(369, '2023-07-23', '06:35:18', '19:20:53', 5128, NULL, NULL, NULL),
	(370, '2023-07-23', '06:36:27', '19:11:13', 5010, NULL, NULL, NULL),
	(371, '2023-07-23', '06:36:39', NULL, 4991, NULL, NULL, NULL),
	(372, '2023-07-23', '06:37:26', '19:37:30', 5145, NULL, NULL, NULL),
	(373, '2023-07-23', '06:38:09', '19:44:39', 5257, NULL, NULL, NULL),
	(374, '2023-07-23', '06:38:57', '19:42:52', 4995, NULL, NULL, NULL),
	(375, '2023-07-23', '06:41:13', '19:53:49', 5232, NULL, NULL, NULL),
	(376, '2023-07-23', '06:42:45', '19:48:28', 5287, NULL, NULL, NULL),
	(377, '2023-07-23', '06:44:36', '19:31:03', 5214, NULL, NULL, NULL),
	(378, '2023-07-23', '06:44:46', '19:42:35', 5034, NULL, NULL, NULL),
	(379, '2023-07-23', '06:44:52', '19:29:17', 4997, NULL, NULL, NULL),
	(380, '2023-07-23', '06:45:19', '19:23:40', 5172, NULL, NULL, NULL),
	(381, '2023-07-23', '06:45:27', NULL, 450, NULL, NULL, NULL),
	(382, '2023-07-23', '06:46:44', '19:27:29', 5124, NULL, NULL, NULL),
	(383, '2023-07-23', '06:47:38', NULL, 5017, NULL, NULL, NULL),
	(384, '2023-07-23', '06:48:19', '19:29:08', 5005, NULL, NULL, NULL),
	(385, '2023-07-23', '06:48:26', '19:29:12', 4990, NULL, NULL, NULL),
	(386, '2023-07-23', '06:49:41', '19:37:22', 5134, NULL, NULL, NULL),
	(387, '2023-07-23', '06:50:05', '19:16:16', 5013, NULL, NULL, NULL),
	(388, '2023-07-23', '06:50:16', '13:06:57', 5055, NULL, NULL, NULL),
	(389, '2023-07-23', '06:52:06', '18:56:17', 236, NULL, NULL, NULL),
	(390, '2023-07-23', '06:52:10', '19:17:09', 4887, NULL, NULL, NULL),
	(391, '2023-07-23', '06:52:37', '19:20:46', 5022, NULL, NULL, NULL),
	(392, '2023-07-23', '06:52:52', '19:10:00', 5084, NULL, NULL, NULL),
	(393, '2023-07-23', '06:52:55', '19:21:32', 4859, NULL, NULL, NULL),
	(394, '2023-07-23', '06:54:43', '19:38:05', 4895, NULL, NULL, NULL),
	(395, '2023-07-23', '06:55:34', '19:27:33', 5239, NULL, NULL, NULL),
	(396, '2023-07-23', '06:55:41', '19:31:06', 5082, NULL, NULL, NULL),
	(397, '2023-07-23', '06:55:53', '14:00:34', 4924, NULL, NULL, NULL),
	(398, '2023-07-23', '06:56:26', '19:27:38', 5007, NULL, NULL, NULL),
	(399, '2023-07-23', '06:56:58', NULL, 5050, NULL, NULL, NULL),
	(400, '2023-07-23', '06:57:04', '19:02:55', 5080, NULL, NULL, NULL),
	(401, '2023-07-23', '06:57:13', '19:02:34', 2587, NULL, NULL, NULL),
	(402, '2023-07-23', '06:57:23', '19:05:15', 4927, NULL, NULL, NULL),
	(403, '2023-07-23', '06:57:44', NULL, 5131, NULL, NULL, NULL),
	(404, '2023-07-23', '06:58:56', '14:07:38', 5109, NULL, NULL, NULL),
	(405, '2023-07-23', '06:59:02', NULL, 2686, NULL, NULL, NULL),
	(406, '2023-07-23', '06:59:39', '19:10:05', 4967, NULL, NULL, NULL),
	(407, '2023-07-23', '06:59:46', '18:02:48', 4909, NULL, NULL, NULL),
	(408, '2023-07-23', '06:59:59', '19:03:09', 4996, NULL, NULL, NULL),
	(409, '2023-07-23', '07:00:14', '19:53:39', 5229, NULL, NULL, NULL),
	(410, '2023-07-23', '07:00:18', '19:53:35', 5156, NULL, NULL, NULL),
	(411, '2023-07-23', '07:00:21', '19:48:25', 5117, NULL, NULL, NULL),
	(412, '2023-07-23', '07:01:58', '19:04:05', 247, NULL, NULL, NULL),
	(413, '2023-07-23', '07:03:54', '19:03:05', 4873, NULL, NULL, NULL),
	(414, '2023-07-23', '07:04:51', '19:05:24', 5047, NULL, NULL, NULL),
	(415, '2023-07-23', '07:10:53', '12:12:09', 5074, NULL, NULL, NULL),
	(416, '2023-07-23', '07:10:56', '20:22:54', 5110, NULL, NULL, NULL),
	(417, '2023-07-23', '07:22:44', NULL, 5046, NULL, NULL, NULL),
	(418, '2023-07-23', '07:26:36', NULL, 5102, NULL, NULL, NULL),
	(419, '2023-07-23', '07:27:12', NULL, 1, NULL, NULL, NULL),
	(420, '2023-07-23', '07:48:57', '13:11:37', 4926, NULL, NULL, NULL),
	(421, '2023-07-23', '07:56:59', '16:20:20', 30, NULL, NULL, NULL),
	(422, '2023-07-23', '08:05:32', '16:10:27', 4935, NULL, NULL, NULL),
	(423, '2023-07-23', '12:19:26', '17:28:14', 5072, NULL, NULL, NULL),
	(424, '2023-07-23', '12:42:21', '19:05:10', 4949, NULL, NULL, NULL),
	(425, '2023-07-23', '12:49:15', '18:49:20', 5150, NULL, NULL, NULL),
	(426, '2023-07-23', '12:51:38', '19:30:26', 5052, NULL, NULL, NULL),
	(427, '2023-07-23', '13:00:10', NULL, 4957, NULL, NULL, NULL),
	(428, '2023-07-23', '13:03:49', '21:05:10', 5069, NULL, NULL, NULL),
	(429, '2023-07-23', '18:15:35', '07:38:56', 4980, NULL, NULL, NULL),
	(430, '2023-07-23', '18:15:39', '07:41:08', 4982, NULL, NULL, NULL),
	(431, '2023-07-23', '18:18:32', '07:51:14', 5147, NULL, NULL, NULL),
	(432, '2023-07-23', '18:20:46', '07:33:38', 226, NULL, NULL, NULL),
	(433, '2023-07-23', '18:25:13', '07:24:55', 5025, NULL, NULL, NULL),
	(434, '2023-07-23', '18:25:18', '07:30:20', 4981, NULL, NULL, NULL),
	(435, '2023-07-23', '18:31:06', '07:38:51', 5096, NULL, NULL, NULL),
	(436, '2023-07-23', '18:32:28', '07:19:58', 5118, NULL, NULL, NULL),
	(437, '2023-07-23', '18:34:11', '07:18:17', 5024, NULL, NULL, NULL),
	(438, '2023-07-23', '18:34:31', NULL, 5146, NULL, NULL, NULL),
	(439, '2023-07-23', '18:34:37', '07:34:06', 4969, NULL, NULL, NULL),
	(440, '2023-07-23', '18:35:33', '07:30:32', 4894, NULL, NULL, NULL),
	(441, '2023-07-23', '18:35:54', '07:44:03', 5125, NULL, NULL, NULL),
	(442, '2023-07-23', '18:36:13', '07:06:16', 5116, NULL, NULL, NULL),
	(443, '2023-07-23', '18:36:19', '07:40:21', 2606, NULL, NULL, NULL),
	(444, '2023-07-23', '18:37:00', NULL, 4960, NULL, NULL, NULL),
	(445, '2023-07-23', '18:37:08', '07:34:17', 4904, NULL, NULL, NULL),
	(446, '2023-07-23', '18:37:12', '07:51:47', 4973, NULL, NULL, NULL),
	(447, '2023-07-23', '18:38:50', '07:41:38', 4858, NULL, NULL, NULL),
	(448, '2023-07-23', '18:39:27', NULL, 4970, NULL, NULL, NULL),
	(449, '2023-07-23', '18:40:48', '07:26:39', 4965, NULL, NULL, NULL),
	(450, '2023-07-23', '18:40:57', '07:43:58', 5127, NULL, NULL, NULL),
	(451, '2023-07-23', '18:41:01', '07:39:01', 5101, NULL, NULL, NULL),
	(452, '2023-07-23', '18:41:31', '07:53:22', 4794, NULL, NULL, NULL),
	(453, '2023-07-23', '18:41:41', '07:34:21', 4908, NULL, NULL, NULL),
	(454, '2023-07-23', '18:42:31', '08:10:28', 5028, NULL, NULL, NULL),
	(455, '2023-07-23', '18:42:41', '07:40:49', 5120, NULL, NULL, NULL),
	(456, '2023-07-23', '18:43:06', NULL, 5106, NULL, NULL, NULL),
	(457, '2023-07-23', '18:43:41', '07:08:51', 5075, NULL, NULL, NULL),
	(458, '2023-07-23', '18:44:56', NULL, 298, NULL, NULL, NULL),
	(459, '2023-07-23', '18:45:13', '07:34:09', 4912, NULL, NULL, NULL),
	(460, '2023-07-23', '18:46:31', '07:48:12', 4896, NULL, NULL, NULL),
	(461, '2023-07-23', '18:46:39', '07:20:03', 4933, NULL, NULL, NULL),
	(462, '2023-07-23', '18:46:44', NULL, 4959, NULL, NULL, NULL),
	(463, '2023-07-23', '18:46:48', '07:18:14', 4919, NULL, NULL, NULL),
	(464, '2023-07-23', '18:47:07', '07:30:27', 5029, NULL, NULL, NULL),
	(465, '2023-07-23', '18:47:16', '07:42:39', 4915, NULL, NULL, NULL),
	(466, '2023-07-23', '18:48:28', NULL, 5148, NULL, NULL, NULL),
	(467, '2023-07-23', '18:50:27', '07:33:33', 2708, NULL, NULL, NULL),
	(468, '2023-07-23', '18:50:34', '07:24:50', 4892, NULL, NULL, NULL),
	(469, '2023-07-23', '18:52:57', '07:30:23', 4962, NULL, NULL, NULL),
	(470, '2023-07-23', '18:53:03', '07:40:57', 5126, NULL, NULL, NULL),
	(471, '2023-07-23', '18:55:02', '08:10:24', 5105, NULL, NULL, NULL),
	(472, '2023-07-23', '18:59:20', '07:40:53', 5123, NULL, NULL, NULL),
	(473, '2023-07-23', '18:59:27', NULL, 5149, NULL, NULL, NULL),
	(474, '2023-07-23', '18:59:31', '07:42:42', 5094, NULL, NULL, NULL),
	(475, '2023-07-23', '19:00:22', '07:42:35', 4936, NULL, NULL, NULL),
	(476, '2023-07-23', '19:10:11', '07:35:38', 5039, NULL, NULL, NULL),
	(477, '2023-07-24', '05:19:09', NULL, 5112, NULL, NULL, NULL),
	(478, '2023-07-24', '05:35:58', NULL, 5066, NULL, NULL, NULL),
	(479, '2023-07-24', '05:37:49', NULL, 5062, NULL, NULL, NULL),
	(480, '2023-07-24', '05:38:16', NULL, 5060, NULL, NULL, NULL),
	(481, '2023-07-24', '05:47:16', NULL, 4950, NULL, NULL, NULL),
	(482, '2023-07-24', '05:56:51', NULL, 4890, NULL, NULL, NULL),
	(483, '2023-07-24', '05:57:00', NULL, 5069, NULL, NULL, NULL),
	(484, '2023-07-24', '05:57:04', NULL, 5068, NULL, NULL, NULL),
	(485, '2023-07-24', '05:57:12', NULL, 5144, NULL, NULL, NULL),
	(486, '2023-07-24', '05:57:16', NULL, 5051, NULL, NULL, NULL),
	(487, '2023-07-24', '06:00:57', NULL, 5192, NULL, NULL, NULL),
	(488, '2023-07-24', '06:05:02', '16:20:20', 4924, NULL, NULL, NULL),
	(489, '2023-07-24', '06:06:44', NULL, 5064, NULL, NULL, NULL),
	(490, '2023-07-24', '06:06:47', NULL, 5063, NULL, NULL, NULL),
	(491, '2023-07-24', '06:15:48', NULL, 5059, NULL, NULL, NULL),
	(492, '2023-07-24', '06:16:42', NULL, 5152, NULL, NULL, NULL),
	(493, '2023-07-24', '06:16:46', '17:04:17', 1544, NULL, NULL, NULL),
	(494, '2023-07-24', '06:17:01', '17:13:57', 4921, NULL, NULL, NULL),
	(495, '2023-07-24', '06:21:24', '16:06:51', 5065, NULL, NULL, NULL),
	(496, '2023-07-24', '06:21:30', NULL, 4949, NULL, NULL, NULL),
	(497, '2023-07-24', '06:28:41', '19:44:17', 4880, NULL, NULL, NULL),
	(498, '2023-07-24', '06:29:41', '19:47:48', 5014, NULL, NULL, NULL),
	(499, '2023-07-24', '06:31:12', NULL, 5151, NULL, NULL, NULL),
	(500, '2023-07-24', '06:31:44', '17:42:48', 28, NULL, NULL, NULL),
	(501, '2023-07-24', '06:31:50', '19:17:22', 4882, NULL, NULL, NULL),
	(502, '2023-07-24', '06:33:19', '19:22:53', 5077, NULL, NULL, NULL),
	(503, '2023-07-24', '06:33:48', '19:42:05', 4976, NULL, NULL, NULL),
	(504, '2023-07-24', '06:34:20', NULL, 5153, NULL, NULL, NULL),
	(505, '2023-07-24', '06:35:01', NULL, 25, NULL, NULL, NULL),
	(506, '2023-07-24', '06:36:21', '19:55:11', 5012, NULL, NULL, NULL),
	(507, '2023-07-24', '06:36:44', '18:10:10', 14, NULL, NULL, NULL),
	(508, '2023-07-24', '06:37:17', '19:38:46', 4975, NULL, NULL, NULL),
	(509, '2023-07-24', '06:38:00', '19:30:18', 4905, NULL, NULL, NULL),
	(510, '2023-07-24', '06:38:24', '19:41:58', 5038, NULL, NULL, NULL),
	(511, '2023-07-24', '06:39:14', '19:18:32', 5074, NULL, NULL, NULL),
	(512, '2023-07-24', '06:39:22', NULL, 5114, NULL, NULL, NULL),
	(513, '2023-07-24', '06:39:26', NULL, 5150, NULL, NULL, NULL),
	(514, '2023-07-24', '06:39:38', '19:55:15', 5084, NULL, NULL, NULL),
	(515, '2023-07-24', '06:41:33', '20:01:11', 5078, NULL, NULL, NULL),
	(516, '2023-07-24', '06:41:49', '19:12:39', 158, NULL, NULL, NULL),
	(517, '2023-07-24', '06:42:28', '19:17:25', 4998, NULL, NULL, NULL),
	(518, '2023-07-24', '06:42:41', '19:46:59', 5048, NULL, NULL, NULL),
	(519, '2023-07-24', '06:43:12', '17:18:51', 53, NULL, NULL, NULL),
	(520, '2023-07-24', '06:43:19', NULL, 4903, NULL, NULL, NULL),
	(521, '2023-07-24', '06:43:27', '19:25:03', 157, NULL, NULL, NULL),
	(522, '2023-07-24', '06:43:31', NULL, 509, NULL, NULL, NULL),
	(523, '2023-07-24', '06:43:34', '19:32:36', 5044, NULL, NULL, NULL),
	(524, '2023-07-24', '06:43:37', NULL, 5004, NULL, NULL, NULL),
	(525, '2023-07-24', '06:44:07', '17:05:58', 63, NULL, NULL, NULL),
	(526, '2023-07-24', '06:44:11', '19:13:16', 5113, NULL, NULL, NULL),
	(527, '2023-07-24', '06:44:21', '17:13:17', 13, NULL, NULL, NULL),
	(528, '2023-07-24', '06:45:41', '20:13:44', 4958, NULL, NULL, NULL),
	(529, '2023-07-24', '06:45:45', '19:25:12', 5090, NULL, NULL, NULL),
	(530, '2023-07-24', '06:45:50', '17:15:36', 5137, NULL, NULL, NULL),
	(531, '2023-07-24', '06:45:52', '20:02:30', 4999, NULL, NULL, NULL),
	(532, '2023-07-24', '06:46:11', '19:28:02', 4885, NULL, NULL, NULL),
	(533, '2023-07-24', '06:46:18', '19:04:47', 4966, NULL, NULL, NULL),
	(534, '2023-07-24', '06:47:16', '19:22:49', 4979, NULL, NULL, NULL),
	(535, '2023-07-24', '06:48:53', NULL, 323, NULL, NULL, NULL),
	(536, '2023-07-24', '06:48:58', '19:22:55', 5010, NULL, NULL, NULL),
	(537, '2023-07-24', '06:49:04', '19:17:29', 4887, NULL, NULL, NULL),
	(538, '2023-07-24', '06:49:09', '17:03:57', 5018, NULL, NULL, NULL),
	(539, '2023-07-24', '06:49:57', '17:51:03', 27, NULL, NULL, NULL),
	(540, '2023-07-24', '06:50:04', NULL, 5082, NULL, NULL, NULL),
	(541, '2023-07-24', '06:50:08', '18:41:51', 4931, NULL, NULL, NULL),
	(542, '2023-07-24', '06:50:17', NULL, 4947, NULL, NULL, NULL),
	(543, '2023-07-24', '06:50:35', '18:55:43', 5072, NULL, NULL, NULL),
	(544, '2023-07-24', '06:50:55', '17:05:22', 39, NULL, NULL, NULL),
	(545, '2023-07-24', '06:50:58', '17:08:34', 4926, NULL, NULL, NULL),
	(546, '2023-07-24', '06:51:33', NULL, 4955, NULL, NULL, NULL),
	(547, '2023-07-24', '06:51:37', '17:17:04', 58, NULL, NULL, NULL),
	(548, '2023-07-24', '06:51:45', '17:03:51', 4922, NULL, NULL, NULL),
	(549, '2023-07-24', '06:51:54', '18:48:26', 4935, NULL, NULL, NULL),
	(550, '2023-07-24', '06:53:15', NULL, 5030, NULL, NULL, NULL),
	(551, '2023-07-24', '06:53:19', '19:27:56', 5045, NULL, NULL, NULL),
	(552, '2023-07-24', '06:54:32', '17:43:28', 46, NULL, NULL, NULL),
	(553, '2023-07-24', '06:54:37', '17:50:47', 38, NULL, NULL, NULL),
	(554, '2023-07-24', '06:54:51', '19:17:34', 5131, NULL, NULL, NULL),
	(555, '2023-07-24', '06:54:55', '19:46:38', 5041, NULL, NULL, NULL),
	(556, '2023-07-24', '06:55:19', '19:29:24', 5089, NULL, NULL, NULL),
	(557, '2023-07-24', '06:55:26', NULL, 5054, NULL, NULL, NULL),
	(558, '2023-07-24', '06:55:44', '19:41:12', 5020, NULL, NULL, NULL),
	(559, '2023-07-24', '06:55:48', NULL, 447, NULL, NULL, NULL),
	(560, '2023-07-24', '06:56:11', '17:01:15', 4987, NULL, NULL, NULL),
	(561, '2023-07-24', '06:56:33', '19:06:49', 4873, NULL, NULL, NULL),
	(562, '2023-07-24', '06:56:55', '19:45:16', 4893, NULL, NULL, NULL),
	(563, '2023-07-24', '06:57:00', '19:22:46', 5013, NULL, NULL, NULL),
	(564, '2023-07-24', '06:57:28', '19:08:22', 5080, NULL, NULL, NULL),
	(565, '2023-07-24', '06:57:34', '17:21:46', 52, NULL, NULL, NULL),
	(566, '2023-07-24', '06:57:39', '17:25:06', 5, NULL, NULL, NULL),
	(567, '2023-07-24', '06:57:51', '17:50:56', 42, NULL, NULL, NULL),
	(568, '2023-07-24', '06:57:58', '18:19:02', 5031, NULL, NULL, NULL),
	(569, '2023-07-24', '06:58:04', NULL, 5088, NULL, NULL, NULL),
	(570, '2023-07-24', '06:59:29', '17:50:41', 4902, NULL, NULL, NULL),
	(571, '2023-07-24', '06:59:38', '18:55:36', 4932, NULL, NULL, NULL),
	(572, '2023-07-24', '06:59:41', '17:03:29', 5143, NULL, NULL, NULL),
	(573, '2023-07-24', '07:00:00', '17:02:51', 5140, NULL, NULL, NULL),
	(574, '2023-07-24', '07:00:45', '19:28:53', 4954, NULL, NULL, NULL),
	(575, '2023-07-24', '07:00:48', '17:22:43', 54, NULL, NULL, NULL),
	(576, '2023-07-24', '07:01:14', '19:06:12', 5047, NULL, NULL, NULL),
	(577, '2023-07-24', '07:01:19', NULL, 4946, NULL, NULL, NULL),
	(578, '2023-07-24', '07:01:28', '18:17:17', 37, NULL, NULL, NULL),
	(579, '2023-07-24', '07:01:34', '17:21:03', 21, NULL, NULL, NULL),
	(580, '2023-07-24', '07:02:11', NULL, 5057, NULL, NULL, NULL),
	(581, '2023-07-24', '07:02:18', '17:02:59', 5141, NULL, NULL, NULL),
	(582, '2023-07-24', '07:02:45', NULL, 5076, NULL, NULL, NULL),
	(583, '2023-07-24', '07:02:59', NULL, 4985, NULL, NULL, NULL),
	(584, '2023-07-24', '07:03:39', NULL, 4988, NULL, NULL, NULL),
	(585, '2023-07-24', '07:03:49', '19:02:43', 4886, NULL, NULL, NULL),
	(586, '2023-07-24', '07:04:18', NULL, 5111, NULL, NULL, NULL),
	(587, '2023-07-24', '07:07:01', '20:00:47', 4920, NULL, NULL, NULL),
	(588, '2023-07-24', '07:08:58', NULL, 43, NULL, NULL, NULL),
	(589, '2023-07-24', '07:11:07', '17:21:50', 5099, NULL, NULL, NULL),
	(590, '2023-07-24', '07:11:12', '17:28:31', 26, NULL, NULL, NULL),
	(591, '2023-07-24', '07:12:25', '21:39:41', 4793, NULL, NULL, NULL),
	(592, '2023-07-24', '07:13:46', '17:07:24', 40, NULL, NULL, NULL),
	(593, '2023-07-24', '07:13:50', '17:00:03', 4898, NULL, NULL, NULL),
	(594, '2023-07-24', '07:15:37', '17:19:55', 3, NULL, NULL, NULL),
	(595, '2023-07-24', '07:15:42', NULL, 57, NULL, NULL, NULL),
	(596, '2023-07-24', '07:19:08', '17:24:57', 4888, NULL, NULL, NULL),
	(597, '2023-07-24', '07:20:56', '18:55:39', 4934, NULL, NULL, NULL),
	(598, '2023-07-24', '07:21:11', '17:07:31', 5180, NULL, NULL, NULL),
	(599, '2023-07-24', '07:32:35', '17:33:46', 4983, NULL, NULL, NULL),
	(600, '2023-07-24', '07:33:20', '17:33:50', 4984, NULL, NULL, NULL),
	(601, '2023-07-24', '07:33:24', '17:33:54', 4929, NULL, NULL, NULL),
	(602, '2023-07-24', '07:33:50', NULL, 5102, NULL, NULL, NULL),
	(603, '2023-07-24', '07:39:30', '17:13:25', 1, NULL, NULL, NULL),
	(604, '2023-07-24', '07:40:42', '17:07:20', 41, NULL, NULL, NULL),
	(605, '2023-07-24', '07:47:16', '17:01:30', 32, NULL, NULL, NULL),
	(606, '2023-07-24', '07:53:07', '18:02:10', 20, NULL, NULL, NULL),
	(607, '2023-07-24', '07:53:12', '17:05:39', 4923, NULL, NULL, NULL),
	(608, '2023-07-24', '07:53:17', '17:25:09', 19, NULL, NULL, NULL),
	(609, '2023-07-24', '07:53:27', '17:06:53', 35, NULL, NULL, NULL),
	(610, '2023-07-24', '07:53:46', '17:47:28', 30, NULL, NULL, NULL),
	(611, '2023-07-24', '07:53:50', '17:04:02', 33, NULL, NULL, NULL),
	(612, '2023-07-24', '07:53:57', '17:27:51', 15, NULL, NULL, NULL),
	(613, '2023-07-24', '07:54:04', '17:04:32', 10, NULL, NULL, NULL),
	(614, '2023-07-24', '07:54:34', NULL, 48, NULL, NULL, NULL),
	(615, '2023-07-24', '07:55:33', '18:30:16', 56, NULL, NULL, NULL),
	(616, '2023-07-24', '07:56:34', '17:13:21', 11, NULL, NULL, NULL),
	(617, '2023-07-24', '07:57:07', '17:02:11', 23, NULL, NULL, NULL),
	(618, '2023-07-24', '07:57:38', '17:00:29', 4925, NULL, NULL, NULL),
	(619, '2023-07-24', '07:57:42', '17:27:54', 4, NULL, NULL, NULL),
	(620, '2023-07-24', '07:58:19', '17:24:33', 47, NULL, NULL, NULL),
	(621, '2023-07-24', '07:58:24', '17:07:57', 16, NULL, NULL, NULL),
	(622, '2023-07-24', '07:58:29', '18:05:50', 8, NULL, NULL, NULL),
	(623, '2023-07-24', '07:58:50', '19:13:46', 5019, NULL, NULL, NULL),
	(624, '2023-07-24', '07:59:53', '17:16:10', 34, NULL, NULL, NULL),
	(625, '2023-07-24', '07:59:58', '17:09:06', 4868, NULL, NULL, NULL),
	(626, '2023-07-24', '08:01:56', '17:26:12', 45, NULL, NULL, NULL),
	(627, '2023-07-24', '08:02:22', '17:31:45', 12, NULL, NULL, NULL),
	(628, '2023-07-24', '08:03:16', '17:14:44', 31, NULL, NULL, NULL),
	(629, '2023-07-24', '08:03:26', '20:43:14', 5095, NULL, NULL, NULL),
	(630, '2023-07-24', '08:03:30', '17:17:38', 44, NULL, NULL, NULL),
	(631, '2023-07-24', '08:03:54', '17:08:04', 59, NULL, NULL, NULL),
	(632, '2023-07-24', '08:05:52', '17:30:42', 24, NULL, NULL, NULL),
	(633, '2023-07-24', '08:08:07', '17:18:44', 29, NULL, NULL, NULL),
	(634, '2023-07-24', '08:08:18', '17:07:37', 2, NULL, NULL, NULL),
	(635, '2023-07-24', '08:10:15', '17:49:39', 6, NULL, NULL, NULL),
	(636, '2023-07-24', '18:13:31', NULL, 4877, NULL, NULL, NULL),
	(637, '2023-07-24', '18:13:46', NULL, 5156, NULL, NULL, NULL),
	(638, '2023-07-24', '18:13:55', NULL, 5134, NULL, NULL, NULL),
	(639, '2023-07-24', '18:15:05', NULL, 5214, NULL, NULL, NULL),
	(640, '2023-07-24', '18:23:26', NULL, 5145, NULL, NULL, NULL),
	(641, '2023-07-24', '18:23:30', NULL, 4993, NULL, NULL, NULL),
	(642, '2023-07-24', '18:27:09', NULL, 5000, NULL, NULL, NULL),
	(643, '2023-07-24', '18:27:22', NULL, 4948, NULL, NULL, NULL),
	(644, '2023-07-24', '18:27:45', NULL, 5052, NULL, NULL, NULL),
	(645, '2023-07-24', '18:27:52', NULL, 4878, NULL, NULL, NULL),
	(646, '2023-07-24', '18:29:06', NULL, 450, NULL, NULL, NULL),
	(647, '2023-07-24', '18:29:34', NULL, 4991, NULL, NULL, NULL),
	(648, '2023-07-24', '18:31:25', NULL, 5136, NULL, NULL, NULL),
	(649, '2023-07-24', '18:32:27', NULL, 5146, NULL, NULL, NULL),
	(650, '2023-07-24', '18:33:49', NULL, 5288, NULL, NULL, NULL),
	(651, '2023-07-24', '18:34:46', NULL, 5079, NULL, NULL, NULL),
	(652, '2023-07-24', '18:35:45', NULL, 5130, NULL, NULL, NULL),
	(653, '2023-07-24', '18:36:53', NULL, 5154, NULL, NULL, NULL),
	(654, '2023-07-24', '18:37:38', NULL, 5257, NULL, NULL, NULL),
	(655, '2023-07-24', '18:39:00', NULL, 4997, NULL, NULL, NULL),
	(656, '2023-07-24', '18:39:08', NULL, 4995, NULL, NULL, NULL),
	(657, '2023-07-24', '18:39:48', NULL, 2587, NULL, NULL, NULL),
	(658, '2023-07-24', '18:39:52', NULL, 5217, NULL, NULL, NULL),
	(659, '2023-07-24', '18:39:56', NULL, 5172, NULL, NULL, NULL),
	(660, '2023-07-24', '18:40:23', NULL, 5132, NULL, NULL, NULL),
	(661, '2023-07-24', '18:40:53', NULL, 236, NULL, NULL, NULL),
	(662, '2023-07-24', '18:43:03', NULL, 5124, NULL, NULL, NULL),
	(663, '2023-07-24', '18:43:07', NULL, 5120, NULL, NULL, NULL),
	(664, '2023-07-24', '18:43:13', NULL, 5125, NULL, NULL, NULL),
	(665, '2023-07-24', '18:43:31', NULL, 5023, NULL, NULL, NULL),
	(666, '2023-07-24', '18:43:40', NULL, 5287, NULL, NULL, NULL),
	(667, '2023-07-24', '18:43:52', NULL, 5239, NULL, NULL, NULL),
	(668, '2023-07-24', '18:43:56', NULL, 5005, NULL, NULL, NULL),
	(669, '2023-07-24', '18:44:30', NULL, 5025, NULL, NULL, NULL),
	(670, '2023-07-24', '18:46:12', NULL, 5223, NULL, NULL, NULL),
	(671, '2023-07-24', '18:47:24', NULL, 4930, NULL, NULL, NULL),
	(672, '2023-07-24', '18:48:02', NULL, 5002, NULL, NULL, NULL),
	(673, '2023-07-24', '18:48:57', NULL, 4881, NULL, NULL, NULL),
	(674, '2023-07-24', '18:50:23', NULL, 4876, NULL, NULL, NULL),
	(675, '2023-07-24', '18:51:11', NULL, 5232, NULL, NULL, NULL),
	(676, '2023-07-24', '18:51:20', NULL, 5229, NULL, NULL, NULL),
	(677, '2023-07-24', '18:51:25', NULL, 2686, NULL, NULL, NULL),
	(678, '2023-07-24', '18:52:04', NULL, 5017, NULL, NULL, NULL),
	(679, '2023-07-24', '18:52:22', NULL, 4990, NULL, NULL, NULL),
	(680, '2023-07-24', '18:53:08', NULL, 5110, NULL, NULL, NULL),
	(681, '2023-07-24', '18:53:23', NULL, 5007, NULL, NULL, NULL),
	(682, '2023-07-24', '18:55:29', NULL, 5022, NULL, NULL, NULL),
	(683, '2023-07-24', '19:00:13', NULL, 4977, NULL, NULL, NULL),
	(684, '2023-07-24', '19:07:30', NULL, 5039, NULL, NULL, NULL);

CREATE TABLE IF NOT EXISTS `calendars` (
  `id` int unsigned NOT NULL AUTO_INCREMENT,
  `start_date` date NOT NULL,
  `end_date` date NOT NULL,
  `entry_time` varchar(255) COLLATE utf8mb4_unicode_ci NOT NULL,
  `departure_time` varchar(255) COLLATE utf8mb4_unicode_ci NOT NULL,
  `floor` varchar(255) COLLATE utf8mb4_unicode_ci NOT NULL,
  `employe_id` int unsigned NOT NULL,
  `created_at` timestamp NULL DEFAULT NULL,
  `updated_at` timestamp NULL DEFAULT NULL,
  `deleted_at` timestamp NULL DEFAULT NULL,
  PRIMARY KEY (`id`),
  KEY `calendars_employe_id_foreign` (`employe_id`),
  CONSTRAINT `calendars_employe_id_foreign` FOREIGN KEY (`employe_id`) REFERENCES `employes` (`id`)
) ENGINE=InnoDB DEFAULT CHARSET=utf8mb4 COLLATE=utf8mb4_unicode_ci;


CREATE TABLE IF NOT EXISTS `cards` (
  `id` bigint unsigned NOT NULL AUTO_INCREMENT,
  `delivery_date_card` date NOT NULL,
  `signature_employe_card` text CHARACTER SET utf8mb4 COLLATE utf8mb4_unicode_ci NOT NULL,
  `card_item` varchar(255) COLLATE utf8mb4_unicode_ci NOT NULL,
  `employe_id` int unsigned NOT NULL,
  `created_at` timestamp NULL DEFAULT NULL,
  `updated_at` timestamp NULL DEFAULT NULL,
  `deleted_at` timestamp NULL DEFAULT NULL,
  PRIMARY KEY (`id`),
  KEY `cards_employe_id_foreign` (`employe_id`),
  CONSTRAINT `cards_employe_id_foreign` FOREIGN KEY (`employe_id`) REFERENCES `employes` (`id`)
) ENGINE=InnoDB DEFAULT CHARSET=utf8mb4 COLLATE=utf8mb4_unicode_ci;


CREATE TABLE IF NOT EXISTS `contracts` (
  `id` int unsigned NOT NULL AUTO_INCREMENT,
  `salary` decimal(15,2) NOT NULL,
  `start_date_contract` date NOT NULL,
  `disable` varchar(255) COLLATE utf8mb4_unicode_ci NOT NULL,
  `employe_id` int unsigned NOT NULL,
  `created_at` timestamp NULL DEFAULT NULL,
  `updated_at` timestamp NULL DEFAULT NULL,
  `deleted_at` timestamp NULL DEFAULT NULL,
  PRIMARY KEY (`id`),
  KEY `contracts_employe_id_foreign` (`employe_id`),
  CONSTRAINT `contracts_employe_id_foreign` FOREIGN KEY (`employe_id`) REFERENCES `employes` (`id`)
) ENGINE=InnoDB AUTO_INCREMENT=2117 DEFAULT CHARSET=utf8mb4 COLLATE=utf8mb4_unicode_ci;

INSERT INTO `contracts` (`id`, `salary`, `start_date_contract`, `disable`, `employe_id`, `created_at`, `updated_at`, `deleted_at`) VALUES
	(1620, 1301000.00, '2021-01-15', '0', 5155, '2023-11-07 14:55:44', '2023-11-07 14:55:44', NULL),
	(1621, 2321000.00, '2021-01-16', '0', 5156, '2023-11-07 14:55:44', '2023-11-07 14:55:44', NULL),
	(1622, 1192300.00, '2021-01-16', '0', 5157, '2023-11-07 14:55:44', '2023-11-07 14:55:44', NULL),
	(1623, 1192300.00, '2021-01-19', '0', 5158, '2023-11-07 14:55:44', '2023-11-07 14:55:44', NULL),
	(1624, 1192300.00, '2021-01-22', '0', 5011, '2023-11-07 14:55:44', '2023-11-07 14:55:44', NULL),
	(1625, 1430000.00, '2021-01-22', '0', 4868, '2023-11-07 14:55:44', '2023-11-07 14:55:44', NULL),
	(1626, 2281000.00, '2021-01-19', '0', 5151, '2023-11-07 14:55:44', '2023-11-07 14:55:44', NULL),
	(1627, 2321000.00, '2021-02-01', '0', 5096, '2023-11-07 14:55:44', '2023-11-07 14:55:44', NULL),
	(1628, 1192300.00, '2021-02-08', '0', 4953, '2023-11-07 14:55:44', '2023-11-07 14:55:44', NULL),
	(1629, 2321000.00, '2021-02-22', '0', 4941, '2023-11-07 14:55:44', '2023-11-07 14:55:44', NULL),
	(1630, 2321000.00, '2021-02-22', '0', 4834, '2023-11-07 14:55:45', '2023-11-07 14:55:45', NULL),
	(1631, 2363000.00, '2021-02-22', '0', 38, '2023-11-07 14:55:45', '2023-11-07 14:55:45', NULL),
	(1632, 1192300.00, '2021-03-01', '0', 5123, '2023-11-07 14:55:45', '2023-11-07 14:55:45', NULL),
	(1633, 1192300.00, '2021-03-01', '0', 5159, '2023-11-07 14:55:45', '2023-11-07 14:55:45', NULL),
	(1634, 1192300.00, '2021-03-01', '0', 5160, '2023-11-07 14:55:45', '2023-11-07 14:55:45', NULL),
	(1635, 3465000.00, '2023-05-23', '3', 4867, '2023-11-07 14:55:45', '2023-11-24 14:45:40', NULL),
	(1636, 16000000.00, '2021-03-15', '0', 5161, '2023-11-07 14:55:45', '2023-11-07 14:55:45', NULL),
	(1637, 1192300.00, '2021-03-08', '0', 5162, '2023-11-07 14:55:45', '2023-11-07 14:55:45', NULL),
	(1638, 1430000.00, '2021-03-08', '0', 9, '2023-11-07 14:55:45', '2023-11-07 14:55:45', NULL),
	(1639, 1192300.00, '2021-03-20', '0', 5163, '2023-11-07 14:55:45', '2023-11-07 14:55:45', NULL),
	(1640, 1192300.00, '2021-03-20', '0', 4877, '2023-11-07 14:55:45', '2023-11-07 14:55:45', NULL),
	(1641, 2281000.00, '2021-03-20', '0', 4906, '2023-11-07 14:55:45', '2023-11-07 14:55:45', NULL),
	(1642, 1620000.00, '2021-03-24', '0', 48, '2023-11-07 14:55:45', '2023-11-07 14:55:45', NULL),
	(1643, 1301000.00, '2021-09-23', '0', 35, '2023-11-07 14:55:45', '2023-11-07 14:55:45', NULL),
	(1644, 1192300.00, '2021-03-27', '0', 5164, '2023-11-07 14:55:45', '2023-11-07 14:55:45', NULL),
	(1645, 1192300.00, '2021-03-27', '0', 5135, '2023-11-07 14:55:45', '2023-11-07 14:55:45', NULL),
	(1646, 1192300.00, '2021-03-27', '0', 5165, '2023-11-07 14:55:45', '2023-11-07 14:55:45', NULL),
	(1647, 1430000.00, '2021-03-26', '0', 4869, '2023-11-07 14:55:45', '2023-11-07 14:55:45', NULL),
	(1648, 6264000.00, '2021-03-29', '0', 26, '2023-11-07 14:55:45', '2023-11-07 14:55:45', NULL),
	(1649, 1192300.00, '2021-04-01', '0', 4874, '2023-11-07 14:55:45', '2023-11-07 14:55:45', NULL),
	(1650, 1192300.00, '2021-04-01', '0', 4981, '2023-11-07 14:55:45', '2023-11-07 14:55:45', NULL),
	(1651, 2281000.00, '2021-04-07', '0', 5026, '2023-11-07 14:55:45', '2023-11-07 14:55:45', NULL),
	(1652, 2281000.00, '2021-04-07', '0', 5009, '2023-11-07 14:55:45', '2023-11-07 14:55:45', NULL),
	(1653, 1192300.00, '2021-04-13', '0', 5167, '2023-11-07 14:55:45', '2023-11-07 14:55:45', NULL),
	(1654, 1192300.00, '2021-04-13', '0', 5095, '2023-11-07 14:55:45', '2023-11-07 14:55:45', NULL),
	(1655, 1301000.00, '2021-10-15', '0', 63, '2023-11-07 14:55:45', '2023-11-07 14:55:45', NULL),
	(1656, 1192300.00, '2021-04-17', '0', 4908, '2023-11-07 14:55:45', '2023-11-07 14:55:45', NULL),
	(1657, 1192300.00, '2021-04-17', '0', 4950, '2023-11-07 14:55:45', '2023-11-07 14:55:45', NULL),
	(1658, 1192300.00, '2021-04-17', '0', 5017, '2023-11-07 14:55:45', '2023-11-07 14:55:45', NULL),
	(1659, 1814000.00, '2021-04-19', '0', 12, '2023-11-07 14:55:45', '2023-11-07 14:55:45', NULL),
	(1660, 1192300.00, '2021-04-27', '0', 5085, '2023-11-07 14:55:45', '2023-11-07 14:55:45', NULL),
	(1661, 1160000.00, '2021-05-01', '0', 5144, '2023-11-07 14:55:45', '2023-11-07 14:55:45', NULL),
	(1662, 1192300.00, '2021-05-14', '0', 5118, '2023-11-07 14:55:45', '2023-11-07 14:55:45', NULL),
	(1663, 1192300.00, '2021-05-14', '0', 5168, '2023-11-07 14:55:45', '2023-11-07 14:55:45', NULL),
	(1664, 1192300.00, '2021-05-22', '0', 5169, '2023-11-07 14:55:45', '2023-11-07 14:55:45', NULL),
	(1665, 1192300.00, '2021-05-22', '0', 4872, '2023-11-07 14:55:45', '2023-11-07 14:55:45', NULL),
	(1666, 1192300.00, '2021-05-22', '0', 5029, '2023-11-07 14:55:45', '2023-11-07 14:55:45', NULL),
	(1667, 1160000.00, '2021-05-22', '0', 5067, '2023-11-07 14:55:45', '2023-11-07 14:55:45', NULL),
	(1668, 1386000.00, '2021-05-22', '0', 5137, '2023-11-07 14:55:45', '2023-11-07 14:55:45', NULL),
	(1669, 2041000.00, '2021-05-22', '0', 5143, '2023-11-07 14:55:45', '2023-11-07 14:55:45', NULL),
	(1670, 1160000.00, '2021-05-24', '0', 5104, '2023-11-07 14:55:45', '2023-11-07 14:55:45', NULL),
	(1671, 2041000.00, '2021-05-25', '0', 19, '2023-11-07 14:55:45', '2023-11-07 14:55:45', NULL),
	(1672, 1192300.00, '2021-06-01', '0', 5145, '2023-11-07 14:55:45', '2023-11-07 14:55:45', NULL),
	(1673, 2281000.00, '2021-06-12', '0', 5025, '2023-11-07 14:55:45', '2023-11-07 14:55:45', NULL),
	(1674, 3465000.00, '2021-06-10', '0', 4946, '2023-11-07 14:55:45', '2023-11-07 14:55:45', NULL),
	(1675, 2321000.00, '2021-06-12', '0', 4999, '2023-11-07 14:55:45', '2023-11-07 14:55:45', NULL),
	(1676, 2321000.00, '2021-06-15', '0', 5171, '2023-11-07 14:55:45', '2023-11-07 14:55:45', NULL),
	(1677, 1192300.00, '2021-06-15', '0', 4952, '2023-11-07 14:55:45', '2023-11-07 14:55:45', NULL),
	(1678, 1192300.00, '2021-06-17', '0', 4956, '2023-11-07 14:55:45', '2023-11-07 14:55:45', NULL),
	(1679, 1192300.00, '2021-06-19', '0', 5002, '2023-11-07 14:55:45', '2023-11-07 14:55:45', NULL),
	(1680, 1192300.00, '2021-06-19', '0', 5172, '2023-11-07 14:55:45', '2023-11-07 14:55:45', NULL),
	(1681, 1192300.00, '2021-06-22', '0', 4871, '2023-11-07 14:55:45', '2023-11-07 14:55:45', NULL),
	(1682, 3465000.00, '2021-06-22', '0', 5173, '2023-11-07 14:55:45', '2023-11-07 14:55:45', NULL),
	(1683, 1160000.00, '2021-06-22', '0', 5066, '2023-11-07 14:55:45', '2023-11-07 14:55:45', NULL),
	(1684, 1192300.00, '2021-06-23', '0', 4885, '2023-11-07 14:55:45', '2023-11-07 14:55:45', NULL),
	(1685, 1192300.00, '2021-06-23', '0', 143, '2023-11-07 14:55:45', '2023-11-07 14:55:45', NULL),
	(1686, 20000000.00, '2021-06-01', '0', 5174, '2023-11-07 14:55:45', '2023-11-07 14:55:45', NULL),
	(1687, 2281000.00, '2021-07-07', '0', 5007, '2023-11-07 14:55:45', '2023-11-07 14:55:45', NULL),
	(1688, 1192300.00, '2021-07-12', '0', 157, '2023-11-07 14:55:45', '2023-11-07 14:55:45', NULL),
	(1689, 1192300.00, '2021-07-12', '0', 158, '2023-11-07 14:55:45', '2023-11-07 14:55:45', NULL),
	(1690, 1192300.00, '2021-07-12', '0', 5100, '2023-11-07 14:55:45', '2023-11-07 14:55:45', NULL),
	(1691, 1192300.00, '2021-07-12', '0', 5027, '2023-11-07 14:55:45', '2023-11-07 14:55:45', NULL),
	(1692, 1192300.00, '2021-07-12', '0', 5074, '2023-11-07 14:55:45', '2023-11-07 14:55:45', NULL),
	(1693, 1430000.00, '2021-07-13', '0', 34, '2023-11-07 14:55:45', '2023-11-07 14:55:45', NULL),
	(1694, 1192300.00, '2021-07-15', '0', 4881, '2023-11-07 14:55:45', '2023-11-07 14:55:45', NULL),
	(1695, 3150000.00, '2017-07-01', '0', 5176, '2023-11-07 14:55:45', '2023-11-07 14:55:45', NULL),
	(1696, 6339000.00, '2016-09-01', '0', 53, '2023-11-07 14:55:45', '2023-11-07 14:55:45', NULL),
	(1697, 2457000.00, '2009-09-01', '0', 45, '2023-11-07 14:55:45', '2023-11-07 14:55:45', NULL),
	(1698, 2484000.00, '2019-02-18', '0', 4988, '2023-11-07 14:55:45', '2023-11-07 14:55:45', NULL),
	(1699, 1301000.00, '2019-03-01', '0', 39, '2023-11-07 14:55:45', '2023-11-07 14:55:45', NULL),
	(1700, 3609000.00, '2019-04-24', '0', 23, '2023-11-07 14:55:45', '2023-11-07 14:55:45', NULL),
	(1701, 4100000.00, '2019-04-04', '0', 28, '2023-11-07 14:55:45', '2023-11-07 14:55:45', NULL),
	(1702, 1160000.00, '2020-08-21', '0', 5059, '2023-11-07 14:55:45', '2023-11-07 14:55:45', NULL),
	(1703, 1160000.00, '2019-04-01', '0', 5052, '2023-11-07 14:55:45', '2023-11-07 14:55:45', NULL),
	(1704, 1160000.00, '2020-08-21', '0', 5057, '2023-11-07 14:55:45', '2023-11-07 14:55:45', NULL),
	(1705, 1160000.00, '2019-04-01', '0', 5060, '2023-11-07 14:55:45', '2023-11-07 14:55:45', NULL),
	(1706, 1160000.00, '2019-04-01', '0', 4927, '2023-11-07 14:55:45', '2023-11-07 14:55:45', NULL),
	(1707, 8000000.00, '2019-05-06', '0', 5177, '2023-11-07 14:55:45', '2023-11-07 14:55:45', NULL),
	(1708, 3402000.00, '2019-05-16', '0', 20, '2023-11-07 14:55:45', '2023-11-07 14:55:45', NULL),
	(1709, 1386000.00, '2019-06-18', '0', 4931, '2023-11-07 14:55:45', '2023-11-07 14:55:45', NULL),
	(1710, 1732500.00, '2019-06-17', '0', 5178, '2023-11-07 14:55:45', '2023-11-07 14:55:45', NULL),
	(1711, 3696000.00, '2019-09-23', '0', 22, '2023-11-07 14:55:45', '2023-11-07 14:55:45', NULL),
	(1712, 1160000.00, '2020-03-02', '0', 13, '2023-11-07 14:55:45', '2023-11-07 14:55:45', NULL),
	(1713, 3003000.00, '2019-10-01', '0', 4, '2023-11-07 14:55:45', '2023-11-07 14:55:45', NULL),
	(1714, 3000000.00, '2019-12-19', '0', 25, '2023-11-07 14:55:45', '2023-11-07 14:55:45', NULL),
	(1715, 1192300.00, '2019-12-17', '0', 201, '2023-11-07 14:55:45', '2023-11-07 14:55:45', NULL),
	(1716, 1192300.00, '2019-12-18', '0', 4898, '2023-11-07 14:55:45', '2023-11-07 14:55:45', NULL),
	(1717, 2281000.00, '2019-12-18', '0', 4949, '2023-11-07 14:55:45', '2023-11-07 14:55:45', NULL),
	(1718, 1192300.00, '2019-12-19', '0', 4913, '2023-11-07 14:55:45', '2023-11-07 14:55:45', NULL),
	(1719, 1192300.00, '2019-12-18', '0', 5152, '2023-11-07 14:55:45', '2023-11-07 14:55:45', NULL),
	(1720, 1386000.00, '2019-12-18', '0', 4934, '2023-11-07 14:55:45', '2023-11-07 14:55:45', NULL),
	(1721, 1192300.00, '2019-12-18', '0', 4916, '2023-11-07 14:55:45', '2023-11-07 14:55:45', NULL),
	(1722, 1192300.00, '2019-12-19', '0', 5179, '2023-11-07 14:55:45', '2023-11-07 14:55:45', NULL),
	(1723, 1192300.00, '2020-01-08', '0', 4912, '2023-11-07 14:55:45', '2023-11-07 14:55:45', NULL),
	(1724, 1192300.00, '2020-01-08', '0', 5116, '2023-11-07 14:55:45', '2023-11-07 14:55:45', NULL),
	(1725, 1192300.00, '2020-01-09', '0', 5180, '2023-11-07 14:55:45', '2023-11-07 14:55:45', NULL),
	(1726, 1192300.00, '2020-01-07', '0', 5181, '2023-11-07 14:55:45', '2023-11-07 14:55:45', NULL),
	(1727, 1192300.00, '2020-01-13', '0', 226, '2023-11-07 14:55:45', '2023-11-07 14:55:45', NULL),
	(1728, 2500000.00, '2020-01-07', '0', 37, '2023-11-07 14:55:45', '2023-11-07 14:55:45', NULL),
	(1729, 3500000.00, '2020-01-11', '0', 4902, '2023-11-07 14:55:45', '2023-11-07 14:55:45', NULL),
	(1730, 2281000.00, '2020-08-05', '0', 4961, '2023-11-07 14:55:45', '2023-11-07 14:55:45', NULL),
	(1731, 2608000.00, '2020-01-16', '0', 50, '2023-11-07 14:55:45', '2023-11-07 14:55:45', NULL),
	(1732, 1192300.00, '2020-01-17', '0', 4911, '2023-11-07 14:55:45', '2023-11-07 14:55:45', NULL),
	(1733, 1192300.00, '2020-01-17', '0', 5035, '2023-11-07 14:55:45', '2023-11-07 14:55:45', NULL),
	(1734, 1192300.00, '2020-01-17', '0', 5182, '2023-11-07 14:55:45', '2023-11-07 14:55:45', NULL),
	(1735, 1192300.00, '2020-08-01', '0', 236, '2023-11-07 14:55:45', '2023-11-07 14:55:45', NULL),
	(1736, 2321000.00, '2023-04-25', '0', 4882, '2023-11-07 14:55:45', '2023-11-07 14:55:45', NULL),
	(1737, 1160000.00, '2020-02-03', '0', 4984, '2023-11-07 14:55:45', '2023-11-07 14:55:45', NULL),
	(1738, 2321000.00, '2020-02-01', '0', 5094, '2023-11-07 14:55:45', '2023-11-07 14:55:45', NULL),
	(1739, 1192300.00, '2020-02-01', '0', 5184, '2023-11-07 14:55:45', '2023-11-07 14:55:45', NULL),
	(1740, 1192300.00, '2020-02-01', '0', 4900, '2023-11-07 14:55:45', '2023-11-07 14:55:45', NULL),
	(1741, 2281000.00, '2020-02-06', '0', 5185, '2023-11-07 14:55:45', '2023-11-07 14:55:45', NULL),
	(1742, 1192300.00, '2020-03-05', '0', 5005, '2023-11-07 14:55:45', '2023-11-07 14:55:45', NULL),
	(1743, 2321000.00, '2020-03-02', '0', 247, '2023-11-07 14:55:45', '2023-11-07 14:55:45', NULL),
	(1744, 1192300.00, '2020-03-02', '0', 4891, '2023-11-07 14:55:45', '2023-11-07 14:55:45', NULL),
	(1745, 2321000.00, '2020-03-05', '0', 36, '2023-11-07 14:55:45', '2023-11-07 14:55:45', NULL),
	(1746, 2321000.00, '2020-03-05', '0', 4964, '2023-11-07 14:55:45', '2023-11-07 14:55:45', NULL),
	(1747, 2281000.00, '2020-03-10', '0', 4943, '2023-11-07 14:55:45', '2023-11-07 14:55:45', NULL),
	(1748, 2281000.00, '2020-03-13', '0', 43, '2023-11-07 14:55:45', '2023-11-07 14:55:45', NULL),
	(1749, 1192300.00, '2020-03-02', '0', 5186, '2023-11-07 14:55:45', '2023-11-07 14:55:45', NULL),
	(1750, 1160000.00, '2020-03-17', '0', 4986, '2023-11-07 14:55:45', '2023-11-07 14:55:45', NULL),
	(1751, 1192300.00, '2020-05-18', '0', 5087, '2023-11-07 14:55:45', '2023-11-07 14:55:45', NULL),
	(1752, 1192300.00, '2020-05-24', '0', 5187, '2023-11-07 14:55:45', '2023-11-07 14:55:45', NULL),
	(1753, 1192300.00, '2020-05-23', '0', 259, '2023-11-07 14:55:45', '2023-11-07 14:55:45', NULL),
	(1754, 1192300.00, '2020-05-23', '0', 5101, '2023-11-07 14:55:45', '2023-11-07 14:55:45', NULL),
	(1755, 1192300.00, '2020-05-26', '0', 5013, '2023-11-07 14:55:45', '2023-11-07 14:55:45', NULL),
	(1756, 1192300.00, '2020-06-19', '0', 4892, '2023-11-07 14:55:45', '2023-11-07 14:55:45', NULL),
	(1757, 1192300.00, '2020-06-20', '0', 5012, '2023-11-07 14:55:45', '2023-11-07 14:55:45', NULL),
	(1758, 1192300.00, '2020-06-23', '0', 4960, '2023-11-07 14:55:45', '2023-11-07 14:55:45', NULL),
	(1759, 1192300.00, '2020-06-26', '0', 5188, '2023-11-07 14:55:45', '2023-11-07 14:55:45', NULL),
	(1760, 1192300.00, '2021-01-16', '0', 268, '2023-11-07 14:55:45', '2023-11-07 14:55:45', NULL),
	(1761, 1250000.00, '2020-07-01', '0', 5189, '2023-11-07 14:55:45', '2023-11-07 14:55:45', NULL),
	(1762, 1192300.00, '2020-07-08', '0', 5098, '2023-11-07 14:55:45', '2023-11-07 14:55:45', NULL),
	(1763, 1192300.00, '2020-07-08', '0', 5190, '2023-11-07 14:55:45', '2023-11-07 14:55:45', NULL),
	(1764, 2281000.00, '2020-07-08', '0', 5191, '2023-11-07 14:55:45', '2023-11-07 14:55:45', NULL),
	(1765, 1192300.00, '2020-07-10', '0', 4991, '2023-11-07 14:55:45', '2023-11-07 14:55:45', NULL),
	(1766, 2281000.00, '2021-01-02', '0', 4910, '2023-11-07 14:55:45', '2023-11-07 14:55:45', NULL),
	(1767, 2321000.00, '2020-07-13', '0', 5192, '2023-11-07 14:55:45', '2023-11-07 14:55:45', NULL),
	(1768, 1192300.00, '2020-07-13', '0', 4951, '2023-11-07 14:55:45', '2023-11-07 14:55:45', NULL),
	(1769, 1192300.00, '2020-07-15', '0', 5093, '2023-11-07 14:55:45', '2023-11-07 14:55:45', NULL),
	(1770, 1474200.00, '2020-07-14', '0', 5193, '2023-11-07 14:55:45', '2023-11-07 14:55:45', NULL),
	(1771, 2321000.00, '2020-07-15', '0', 5194, '2023-11-07 14:55:45', '2023-11-07 14:55:45', NULL),
	(1772, 2321000.00, '2020-07-15', '0', 5148, '2023-11-07 14:55:45', '2023-11-07 14:55:45', NULL),
	(1773, 1192300.00, '2020-07-17', '0', 5195, '2023-11-07 14:55:45', '2023-11-07 14:55:45', NULL),
	(1774, 1192300.00, '2020-07-17', '0', 4890, '2023-11-07 14:55:45', '2023-11-07 14:55:45', NULL),
	(1775, 1192300.00, '2020-11-04', '0', 298, '2023-11-07 14:55:45', '2023-11-07 14:55:45', NULL),
	(1776, 1192300.00, '2020-11-04', '0', 4884, '2023-11-07 14:55:45', '2023-11-07 14:55:45', NULL),
	(1777, 15080000.00, '2020-07-16', '0', 5196, '2023-11-07 14:55:45', '2023-11-07 14:55:45', NULL),
	(1778, 1192300.00, '2020-11-04', '3', 5000, '2023-11-07 14:55:45', '2023-11-24 14:45:47', NULL),
	(1779, 1192300.00, '2020-11-04', '0', 5197, '2023-11-07 14:55:45', '2023-11-07 14:55:45', NULL),
	(1780, 2321000.00, '2020-07-24', '0', 4915, '2023-11-07 14:55:45', '2023-11-07 14:55:45', NULL),
	(1781, 1192300.00, '2020-07-24', '0', 309, '2023-11-07 14:55:45', '2023-11-07 14:55:45', NULL),
	(1782, 2321000.00, '2020-07-25', '0', 5049, '2023-11-07 14:55:45', '2023-11-07 14:55:45', NULL),
	(1783, 1192300.00, '2020-07-29', '0', 5198, '2023-11-07 14:55:45', '2023-11-07 14:55:45', NULL),
	(1784, 2281000.00, '2020-07-30', '0', 5022, '2023-11-07 14:55:45', '2023-11-07 14:55:45', NULL),
	(1785, 1192300.00, '2020-08-01', '0', 5038, '2023-11-07 14:55:45', '2023-11-07 14:55:45', NULL),
	(1786, 1192300.00, '2020-08-01', '0', 5199, '2023-11-07 14:55:45', '2023-11-07 14:55:45', NULL),
	(1787, 1192300.00, '2020-08-04', '0', 4959, '2023-11-07 14:55:45', '2023-11-07 14:55:45', NULL),
	(1788, 2281000.00, '2020-08-04', '0', 4919, '2023-11-07 14:55:45', '2023-11-07 14:55:45', NULL),
	(1789, 1192300.00, '2020-08-06', '0', 323, '2023-11-07 14:55:45', '2023-11-07 14:55:45', NULL),
	(1790, 1192300.00, '2020-08-10', '0', 5200, '2023-11-07 14:55:45', '2023-11-07 14:55:45', NULL),
	(1791, 2321000.00, '2020-08-11', '0', 4896, '2023-11-07 14:55:45', '2023-11-07 14:55:45', NULL),
	(1792, 2281000.00, '2020-08-12', '0', 4966, '2023-11-07 14:55:45', '2023-11-07 14:55:45', NULL),
	(1793, 1192300.00, '2020-08-14', '0', 5201, '2023-11-07 14:55:45', '2023-11-07 14:55:45', NULL),
	(1794, 1192300.00, '2021-01-22', '0', 5108, '2023-11-07 14:55:45', '2023-11-07 14:55:45', NULL),
	(1795, 1192300.00, '2020-08-18', '0', 5202, '2023-11-07 14:55:45', '2023-11-07 14:55:45', NULL),
	(1796, 2321000.00, '2020-08-18', '0', 5034, '2023-11-07 14:55:45', '2023-11-07 14:55:45', NULL),
	(1797, 2281000.00, '2020-08-22', '0', 5203, '2023-11-07 14:55:45', '2023-11-07 14:55:45', NULL),
	(1798, 1160000.00, '2020-08-21', '0', 5091, '2023-11-07 14:55:45', '2023-11-07 14:55:45', NULL),
	(1799, 1160000.00, '2020-08-21', '0', 3071, '2023-11-07 14:55:45', '2023-11-07 14:55:45', NULL),
	(1800, 1160000.00, '2020-08-21', '0', 5069, '2023-11-07 14:55:45', '2023-11-07 14:55:45', NULL),
	(1801, 1160000.00, '2020-08-21', '0', 5068, '2023-11-07 14:55:45', '2023-11-07 14:55:45', NULL),
	(1802, 2484000.00, '2020-09-08', '0', 5110, '2023-11-07 14:55:45', '2023-11-07 14:55:45', NULL),
	(1803, 1160000.00, '2020-09-08', '0', 5070, '2023-11-07 14:55:45', '2023-11-07 14:55:45', NULL),
	(1804, 2041000.00, '2020-09-16', '0', 21, '2023-11-07 14:55:45', '2023-11-07 14:55:45', NULL),
	(1805, 1160000.00, '2021-09-08', '0', 2, '2023-11-07 14:55:45', '2023-11-07 14:55:45', NULL),
	(1806, 4500000.00, '2020-09-23', '0', 52, '2023-11-07 14:55:45', '2023-11-07 14:55:45', NULL),
	(1807, 1160000.00, '2021-03-25', '0', 4928, '2023-11-07 14:55:45', '2023-11-07 14:55:45', NULL),
	(1808, 1160000.00, '2020-10-02', '0', 5204, '2023-11-07 14:55:45', '2023-11-07 14:55:45', NULL),
	(1809, 1386000.00, '2020-10-09', '0', 4935, '2023-11-07 14:55:45', '2023-11-07 14:55:45', NULL),
	(1810, 1192300.00, '2020-10-14', '0', 5205, '2023-11-07 14:55:45', '2023-11-07 14:55:45', NULL),
	(1811, 1160000.00, '2020-10-26', '0', 5138, '2023-11-07 14:55:45', '2023-11-07 14:55:45', NULL),
	(1812, 1192300.00, '2020-11-13', '0', 4918, '2023-11-07 14:55:45', '2023-11-07 14:55:45', NULL),
	(1813, 2321000.00, '2020-12-01', '0', 5089, '2023-11-07 14:55:45', '2023-11-07 14:55:45', NULL),
	(1814, 1900000.00, '2020-12-01', '0', 5207, '2023-11-07 14:55:45', '2023-11-07 14:55:45', NULL),
	(1815, 1192300.00, '2020-12-05', '0', 4917, '2023-11-07 14:55:45', '2023-11-07 14:55:45', NULL),
	(1816, 1192300.00, '2020-12-05', '0', 4969, '2023-11-07 14:55:45', '2023-11-07 14:55:45', NULL),
	(1817, 2321000.00, '2020-12-05', '0', 5208, '2023-11-07 14:55:45', '2023-11-07 14:55:45', NULL),
	(1818, 1192300.00, '2020-12-05', '0', 5209, '2023-11-07 14:55:45', '2023-11-07 14:55:45', NULL),
	(1819, 1160000.00, '2020-12-09', '0', 5112, '2023-11-07 14:55:45', '2023-11-07 14:55:45', NULL),
	(1820, 1192300.00, '2021-01-15', '0', 374, '2023-11-07 14:55:45', '2023-11-07 14:55:45', NULL),
	(1821, 1160000.00, '2021-01-15', '0', 5107, '2023-11-07 14:55:45', '2023-11-07 14:55:45', NULL),
	(1822, 1160000.00, '2021-01-15', '0', 5058, '2023-11-07 14:55:45', '2023-11-07 14:55:45', NULL),
	(1823, 2281000.00, '2021-07-28', '0', 5211, '2023-11-07 14:55:45', '2023-11-07 14:55:45', NULL),
	(1824, 3465000.00, '2021-08-06', '0', 5142, '2023-11-07 14:55:45', '2023-11-07 14:55:45', NULL),
	(1825, 1474200.00, '2021-08-09', '0', 5213, '2023-11-07 14:55:45', '2023-11-07 14:55:45', NULL),
	(1826, 1160000.00, '2021-08-10', '0', 4983, '2023-11-07 14:55:45', '2023-11-07 14:55:45', NULL),
	(1827, 2281000.00, '2021-08-12', '0', 4945, '2023-11-07 14:55:45', '2023-11-07 14:55:45', NULL),
	(1828, 2281000.00, '2021-08-09', '0', 5045, '2023-11-07 14:55:45', '2023-11-07 14:55:45', NULL),
	(1829, 1192300.00, '2021-08-21', '0', 5040, '2023-11-07 14:55:45', '2023-11-07 14:55:45', NULL),
	(1830, 1192300.00, '2021-09-01', '0', 4948, '2023-11-07 14:55:45', '2023-11-07 14:55:45', NULL),
	(1831, 1192300.00, '2021-09-01', '0', 5150, '2023-11-07 14:55:45', '2023-11-07 14:55:45', NULL),
	(1832, 2281000.00, '2021-09-08', '0', 5153, '2023-11-07 14:55:45', '2023-11-07 14:55:45', NULL),
	(1833, 1192300.00, '2021-09-01', '0', 5215, '2023-11-07 14:55:45', '2023-11-07 14:55:45', NULL),
	(1834, 2281000.00, '2021-09-01', '0', 5216, '2023-11-07 14:55:45', '2023-11-07 14:55:45', NULL),
	(1835, 1192300.00, '2021-09-17', '0', 4947, '2023-11-07 14:55:45', '2023-11-07 14:55:45', NULL),
	(1836, 1192300.00, '2021-10-11', '0', 4901, '2023-11-07 14:55:45', '2023-11-07 14:55:45', NULL),
	(1837, 1192300.00, '2021-10-11', '0', 4995, '2023-11-07 14:55:45', '2023-11-07 14:55:45', NULL),
	(1838, 1192300.00, '2021-10-11', '0', 5124, '2023-11-07 14:55:45', '2023-11-07 14:55:45', NULL),
	(1839, 1192300.00, '2021-10-11', '0', 5030, '2023-11-07 14:55:45', '2023-11-07 14:55:45', NULL),
	(1840, 1192300.00, '2021-10-11', '0', 5041, '2023-11-07 14:55:45', '2023-11-07 14:55:45', NULL),
	(1841, 2321000.00, '2021-10-13', '0', 4895, '2023-11-07 14:55:45', '2023-11-07 14:55:45', NULL),
	(1842, 1192300.00, '2021-10-15', '0', 5217, '2023-11-07 14:55:45', '2023-11-07 14:55:45', NULL),
	(1843, 1192300.00, '2021-10-15', '0', 5218, '2023-11-07 14:55:45', '2023-11-07 14:55:45', NULL),
	(1844, 1301000.00, '2022-05-02', '0', 5219, '2023-11-07 14:55:45', '2023-11-07 14:55:45', NULL),
	(1845, 1301000.00, '2022-05-02', '0', 4920, '2023-11-07 14:55:45', '2023-11-07 14:55:45', NULL),
	(1846, 1301000.00, '2022-08-04', '0', 4924, '2023-11-07 14:55:45', '2023-11-07 14:55:45', NULL),
	(1847, 2321000.00, '2021-11-01', '0', 5050, '2023-11-07 14:55:45', '2023-11-07 14:55:45', NULL),
	(1848, 2321000.00, '2021-11-01', '0', 5220, '2023-11-07 14:55:45', '2023-11-07 14:55:45', NULL),
	(1849, 1160000.00, '2021-11-02', '0', 5018, '2023-11-07 14:55:45', '2023-11-07 14:55:45', NULL),
	(1850, 1301000.00, '2021-11-02', '0', 5221, '2023-11-07 14:55:45', '2023-11-07 14:55:45', NULL),
	(1851, 1430000.00, '2021-11-04', '0', 32, '2023-11-07 14:55:45', '2023-11-07 14:55:45', NULL),
	(1852, 1701000.00, '2023-10-03', '0', 5111, '2023-11-07 14:55:45', '2023-11-07 14:55:45', NULL),
	(1853, 1192300.00, '2021-11-24', '0', 4992, '2023-11-07 14:55:45', '2023-11-07 14:55:45', NULL),
	(1854, 1192300.00, '2021-11-24', '0', 447, '2023-11-07 14:55:45', '2023-11-07 14:55:45', NULL),
	(1855, 1192300.00, '2021-11-24', '0', 4973, '2023-11-07 14:55:45', '2023-11-07 14:55:45', NULL),
	(1856, 1192300.00, '2021-11-25', '0', 450, '2023-11-07 14:55:45', '2023-11-07 14:55:45', NULL),
	(1857, 1192300.00, '2023-10-17', '0', 10943, '2023-11-07 14:55:45', '2023-11-07 14:55:45', NULL),
	(1858, 1192300.00, '2021-12-15', '0', 5073, '2023-11-07 14:55:45', '2023-11-07 14:55:45', NULL),
	(1859, 2281000.00, '2021-12-15', '0', 5222, '2023-11-07 14:55:45', '2023-11-07 14:55:45', NULL),
	(1860, 1192300.00, '2021-12-16', '0', 4930, '2023-11-07 14:55:45', '2023-11-07 14:55:45', NULL),
	(1861, 2321000.00, '2021-12-22', '0', 5223, '2023-11-07 14:55:45', '2023-11-07 14:55:45', NULL),
	(1862, 2321000.00, '2021-12-02', '0', 4963, '2023-11-07 14:55:45', '2023-11-07 14:55:45', NULL),
	(1863, 1192300.00, '2022-01-04', '0', 5224, '2023-11-07 14:55:45', '2023-11-07 14:55:45', NULL),
	(1864, 2321000.00, '2022-01-18', '0', 468, '2023-11-07 14:55:45', '2023-11-07 14:55:45', NULL),
	(1865, 1160000.00, '2022-01-19', '0', 5055, '2023-11-07 14:55:45', '2023-11-07 14:55:45', NULL),
	(1866, 1460000.00, '2022-01-19', '0', 5141, '2023-11-07 14:55:45', '2023-11-07 14:55:45', NULL),
	(1867, 1160000.00, '2022-01-11', '0', 5061, '2023-11-07 14:55:45', '2023-11-07 14:55:45', NULL),
	(1868, 1430000.00, '2022-01-25', '0', 33, '2023-11-07 14:55:45', '2023-11-07 14:55:45', NULL),
	(1869, 1192300.00, '2022-02-04', '0', 5004, '2023-11-07 14:55:45', '2023-11-07 14:55:45', NULL),
	(1870, 1192300.00, '2022-02-07', '0', 5225, '2023-11-07 14:55:45', '2023-11-07 14:55:45', NULL),
	(1871, 2321000.00, '2022-02-08', '0', 5117, '2023-11-07 14:55:45', '2023-11-07 14:55:45', NULL),
	(1872, 1192300.00, '2022-02-08', '0', 4940, '2023-11-07 14:55:45', '2023-11-07 14:55:45', NULL),
	(1873, 3465000.00, '2022-02-17', '0', 5227, '2023-11-07 14:55:45', '2023-11-07 14:55:45', NULL),
	(1874, 1430000.00, '2022-02-22', '0', 31, '2023-11-07 14:55:45', '2023-11-07 14:55:45', NULL),
	(1875, 1192300.00, '2022-02-24', '0', 5097, '2023-11-07 14:55:45', '2023-11-07 14:55:45', NULL),
	(1876, 1192300.00, '2022-02-24', '0', 5046, '2023-11-07 14:55:45', '2023-11-07 14:55:45', NULL),
	(1877, 1301000.00, '2022-03-03', '0', 4939, '2023-11-07 14:55:45', '2023-11-07 14:55:45', NULL),
	(1878, 1020500.00, '2022-03-03', '0', 11, '2023-11-07 14:55:45', '2023-11-07 14:55:45', NULL),
	(1879, 1192300.00, '2022-03-11', '0', 509, '2023-11-07 14:55:45', '2023-11-07 14:55:45', NULL),
	(1880, 1192300.00, '2022-03-11', '0', 4888, '2023-11-07 14:55:45', '2023-11-07 14:55:45', NULL),
	(1881, 1192300.00, '2022-03-11', '0', 5033, '2023-11-07 14:55:45', '2023-11-07 14:55:45', NULL),
	(1882, 1301000.00, '2022-03-14', '0', 4923, '2023-11-07 14:55:45', '2023-11-07 14:55:45', NULL),
	(1883, 3465000.00, '2022-03-15', '0', 4883, '2023-11-07 14:55:45', '2023-11-07 14:55:45', NULL),
	(1884, 1192300.00, '2022-03-16', '0', 5228, '2023-11-07 14:55:45', '2023-11-07 14:55:45', NULL),
	(1885, 1192300.00, '2022-03-18', '0', 5229, '2023-11-07 14:55:45', '2023-11-07 14:55:45', NULL),
	(1886, 1192300.00, '2022-03-18', '0', 5122, '2023-11-07 14:55:45', '2023-11-07 14:55:45', NULL),
	(1887, 1192300.00, '2022-03-18', '0', 5121, '2023-11-07 14:55:45', '2023-11-07 14:55:45', NULL),
	(1888, 1192300.00, '2022-03-18', '0', 5231, '2023-11-07 14:55:45', '2023-11-07 14:55:45', NULL),
	(1889, 2321000.00, '2022-03-23', '0', 4897, '2023-11-07 14:55:45', '2023-11-07 14:55:45', NULL),
	(1890, 1192300.00, '2022-04-01', '0', 5133, '2023-11-07 14:55:45', '2023-11-07 14:55:45', NULL),
	(1891, 1192300.00, '2022-04-01', '0', 5232, '2023-11-07 14:55:45', '2023-11-07 14:55:45', NULL),
	(1892, 1192300.00, '2022-04-01', '0', 5051, '2023-11-07 14:55:45', '2023-11-07 14:55:45', NULL),
	(1893, 1192300.00, '2022-04-01', '0', 5233, '2023-11-07 14:55:45', '2023-11-07 14:55:45', NULL),
	(1894, 3465000.00, '2022-04-01', '0', 4886, '2023-11-07 14:55:45', '2023-11-07 14:55:45', NULL),
	(1895, 3465000.00, '2022-04-04', '0', 5234, '2023-11-07 14:55:45', '2023-11-07 14:55:45', NULL),
	(1896, 2321000.00, '2022-04-04', '3', 4978, '2023-11-07 14:55:45', '2023-11-24 14:45:39', NULL),
	(1897, 12000000.00, '2022-04-11', '0', 5235, '2023-11-07 14:55:45', '2023-11-07 14:55:45', NULL),
	(1898, 1192300.00, '2022-04-14', '0', 5236, '2023-11-07 14:55:45', '2023-11-07 14:55:45', NULL),
	(1899, 1430000.00, '2022-04-18', '0', 1544, '2023-11-07 14:55:45', '2023-11-07 14:55:45', NULL),
	(1900, 1160000.00, '2022-04-04', '0', 5065, '2023-11-07 14:55:45', '2023-11-07 14:55:45', NULL),
	(1901, 1160000.00, '2022-10-20', '0', 4929, '2023-11-07 14:55:45', '2023-11-07 14:55:45', NULL),
	(1902, 1192300.00, '2022-04-25', '0', 5120, '2023-11-07 14:55:45', '2023-11-07 14:55:45', NULL),
	(1903, 2281000.00, '2022-04-26', '0', 5075, '2023-11-07 14:55:45', '2023-11-07 14:55:45', NULL),
	(1904, 2281000.00, '2022-05-02', '0', 5238, '2023-11-07 14:55:45', '2023-11-07 14:55:45', NULL),
	(1905, 1620000.00, '2022-05-02', '0', 16, '2023-11-07 14:55:45', '2023-11-07 14:55:45', NULL),
	(1906, 2415000.00, '2022-05-02', '0', 58, '2023-11-07 14:55:45', '2023-11-07 14:55:45', NULL),
	(1907, 1192300.00, '2022-05-02', '0', 5127, '2023-11-07 14:55:45', '2023-11-07 14:55:45', NULL),
	(1908, 3630000.00, '2022-05-03', '0', 57, '2023-11-07 14:55:45', '2023-11-07 14:55:45', NULL),
	(1909, 1192300.00, '2022-05-09', '0', 5014, '2023-11-07 14:55:45', '2023-11-07 14:55:45', NULL),
	(1910, 2281000.00, '2022-05-11', '0', 5021, '2023-11-07 14:55:45', '2023-11-07 14:55:45', NULL),
	(1911, 1192300.00, '2022-05-11', '0', 5077, '2023-11-07 14:55:45', '2023-11-07 14:55:45', NULL),
	(1912, 1160000.00, '2022-05-16', '0', 4909, '2023-11-07 14:55:45', '2023-11-07 14:55:45', NULL),
	(1913, 1192300.00, '2022-05-19', '0', 5239, '2023-11-07 14:55:45', '2023-11-07 14:55:45', NULL),
	(1914, 1192300.00, '2022-06-01', '0', 5240, '2023-11-07 14:55:45', '2023-11-07 14:55:45', NULL),
	(1915, 1192300.00, '2022-06-01', '0', 4889, '2023-11-07 14:55:45', '2023-11-07 14:55:45', NULL),
	(1916, 2321000.00, '2022-06-17', '0', 5092, '2023-11-07 14:55:45', '2023-11-07 14:55:45', NULL),
	(1917, 1192300.00, '2022-07-01', '0', 4878, '2023-11-07 14:55:45', '2023-11-07 14:55:45', NULL),
	(1918, 3465000.00, '2022-07-01', '0', 5039, '2023-11-07 14:55:45', '2023-11-07 14:55:45', NULL),
	(1919, 1430000.00, '2022-07-05', '0', 29, '2023-11-07 14:55:45', '2023-11-07 14:55:45', NULL),
	(1920, 2321000.00, '2022-07-09', '0', 2587, '2023-11-07 14:55:45', '2023-11-07 14:55:45', NULL),
	(1921, 2321000.00, '2022-07-13', '0', 5078, '2023-11-07 14:55:45', '2023-11-07 14:55:45', NULL),
	(1922, 1192300.00, '2022-07-16', '0', 5241, '2023-11-07 14:55:45', '2023-11-07 14:55:45', NULL),
	(1923, 1192300.00, '2022-07-16', '0', 4904, '2023-11-07 14:55:45', '2023-11-07 14:55:45', NULL),
	(1924, 1192300.00, '2022-07-19', '0', 4970, '2023-11-07 14:55:45', '2023-11-07 14:55:45', NULL),
	(1925, 1192300.00, '2022-07-19', '0', 5242, '2023-11-07 14:55:45', '2023-11-07 14:55:45', NULL),
	(1926, 1192300.00, '2022-07-23', '0', 5244, '2023-11-07 14:55:45', '2023-11-07 14:55:45', NULL),
	(1927, 1192300.00, '2022-07-23', '0', 5088, '2023-11-07 14:55:45', '2023-11-07 14:55:45', NULL),
	(1928, 3465000.00, '2022-08-02', '0', 2606, '2023-11-07 14:55:45', '2023-11-07 14:55:45', NULL),
	(1929, 1192300.00, '2022-08-04', '0', 5113, '2023-11-07 14:55:45', '2023-11-07 14:55:45', NULL),
	(1930, 2321000.00, '2022-08-05', '0', 4903, '2023-11-07 14:55:45', '2023-11-07 14:55:45', NULL),
	(1931, 1192300.00, '2022-08-09', '0', 5246, '2023-11-07 14:55:45', '2023-11-07 14:55:45', NULL),
	(1932, 2321000.00, '2022-08-09', '0', 5105, '2023-11-07 14:55:46', '2023-11-07 14:55:46', NULL),
	(1933, 1160000.00, '2022-08-17', '0', 5062, '2023-11-07 14:55:46', '2023-11-07 14:55:46', NULL),
	(1934, 3630000.00, '2022-08-16', '0', 8, '2023-11-07 14:55:46', '2023-11-07 14:55:46', NULL),
	(1935, 2321000.00, '2022-08-17', '0', 5028, '2023-11-07 14:55:46', '2023-11-07 14:55:46', NULL),
	(1936, 1192300.00, '2022-08-17', '0', 2624, '2023-11-07 14:55:46', '2023-11-07 14:55:46', NULL),
	(1937, 3465000.00, '2022-08-20', '0', 2627, '2023-11-07 14:55:46', '2023-11-07 14:55:46', NULL),
	(1938, 3465000.00, '2022-08-20', '0', 5247, '2023-11-07 14:55:46', '2023-11-07 14:55:46', NULL),
	(1939, 2321000.00, '2022-08-17', '0', 5082, '2023-11-07 14:55:46', '2023-11-07 14:55:46', NULL),
	(1940, 3465000.00, '2022-08-22', '0', 5080, '2023-11-07 14:55:46', '2023-11-07 14:55:46', NULL),
	(1941, 1192300.00, '2022-09-01', '0', 5130, '2023-11-07 14:55:46', '2023-11-07 14:55:46', NULL),
	(1942, 1192300.00, '2022-09-01', '0', 5042, '2023-11-07 14:55:46', '2023-11-07 14:55:46', NULL),
	(1943, 1160000.00, '2022-09-01', '0', 5064, '2023-11-07 14:55:46', '2023-11-07 14:55:46', NULL),
	(1944, 2281000.00, '2022-09-05', '0', 5248, '2023-11-07 14:55:46', '2023-11-07 14:55:46', NULL),
	(1945, 4500000.00, '2022-09-05', '0', 49, '2023-11-07 14:55:46', '2023-11-07 14:55:46', NULL),
	(1946, 3465000.00, '2022-09-05', '0', 4873, '2023-11-07 14:55:46', '2023-11-07 14:55:46', NULL),
	(1947, 1192300.00, '2022-09-05', '0', 5119, '2023-11-07 14:55:46', '2023-11-07 14:55:46', NULL),
	(1948, 1192300.00, '2022-09-05', '0', 5115, '2023-11-07 14:55:46', '2023-11-07 14:55:46', NULL),
	(1949, 1192300.00, '2022-09-05', '0', 5083, '2023-11-07 14:55:46', '2023-11-07 14:55:46', NULL),
	(1950, 1192300.00, '2022-09-01', '0', 5249, '2023-11-07 14:55:46', '2023-11-07 14:55:46', NULL),
	(1951, 1192300.00, '2022-09-21', '0', 4975, '2023-11-07 14:55:46', '2023-11-07 14:55:46', NULL),
	(1952, 1192300.00, '2022-09-21', '0', 5146, '2023-11-07 14:55:46', '2023-11-07 14:55:46', NULL),
	(1953, 1192300.00, '2022-09-21', '0', 5134, '2023-11-07 14:55:46', '2023-11-07 14:55:46', NULL),
	(1954, 2321000.00, '2022-09-26', '0', 4994, '2023-11-07 14:55:46', '2023-11-07 14:55:46', NULL),
	(1955, 1474200.00, '2022-09-26', '0', 4987, '2023-11-07 14:55:46', '2023-11-07 14:55:46', NULL),
	(1956, 2281000.00, '2022-10-01', '0', 4958, '2023-11-07 14:55:46', '2023-11-07 14:55:46', NULL),
	(1957, 1474200.00, '2022-10-01', '0', 5250, '2023-11-07 14:55:46', '2023-11-07 14:55:46', NULL),
	(1958, 1160000.00, '2022-10-04', '0', 5251, '2023-11-07 14:55:46', '2023-11-07 14:55:46', NULL),
	(1959, 1386000.00, '2022-10-11', '0', 5139, '2023-11-07 14:55:46', '2023-11-07 14:55:46', NULL),
	(1960, 2321000.00, '2022-10-11', '0', 5, '2023-11-07 14:55:46', '2023-11-07 14:55:46', NULL),
	(1961, 1620000.00, '2022-10-11', '0', 15, '2023-11-07 14:55:46', '2023-11-07 14:55:46', NULL),
	(1962, 1192300.00, '2022-10-14', '0', 5114, '2023-11-07 14:55:46', '2023-11-07 14:55:46', NULL),
	(1963, 1192300.00, '2022-10-14', '0', 5044, '2023-11-07 14:55:46', '2023-11-07 14:55:46', NULL),
	(1964, 1192300.00, '2022-10-14', '0', 4907, '2023-11-07 14:55:46', '2023-11-07 14:55:46', NULL),
	(1965, 2321000.00, '2022-10-14', '0', 5252, '2023-11-07 14:55:46', '2023-11-07 14:55:46', NULL),
	(1966, 2321000.00, '2022-10-21', '0', 5253, '2023-11-07 14:55:46', '2023-11-07 14:55:46', NULL),
	(1967, 2321000.00, '2022-10-21', '0', 5001, '2023-11-07 14:55:46', '2023-11-07 14:55:46', NULL),
	(1968, 3465000.00, '2022-10-15', '0', 5006, '2023-11-07 14:55:46', '2023-11-07 14:55:46', NULL),
	(1969, 1160000.00, '2022-10-14', '0', 5140, '2023-11-07 14:55:46', '2023-11-07 14:55:46', NULL),
	(1970, 3465000.00, '2022-10-24', '0', 2686, '2023-11-07 14:55:46', '2023-11-07 14:55:46', NULL),
	(1971, 1160000.00, '2023-04-21', '0', 4925, '2023-11-07 14:55:46', '2023-11-07 14:55:46', NULL),
	(1972, 1301000.00, '2023-04-25', '0', 4921, '2023-11-07 14:55:46', '2023-11-07 14:55:46', NULL),
	(1973, 5000000.00, '2022-11-02', '0', 2695, '2023-11-07 14:55:46', '2023-11-07 14:55:46', NULL),
	(1974, 2321000.00, '2022-11-01', '0', 5048, '2023-11-07 14:55:46', '2023-11-07 14:55:46', NULL),
	(1975, 2321000.00, '2022-11-11', '0', 4990, '2023-11-07 14:55:46', '2023-11-07 14:55:46', NULL),
	(1976, 1430000.00, '2022-11-01', '0', 10, '2023-11-07 14:55:46', '2023-11-07 14:55:46', NULL),
	(1977, 1192300.00, '2022-11-01', '0', 5254, '2023-11-07 14:55:46', '2023-11-07 14:55:46', NULL),
	(1978, 1192300.00, '2022-11-11', '3', 2708, '2023-11-07 14:55:46', '2023-11-24 14:45:43', NULL),
	(1979, 1192300.00, '2022-11-11', '0', 4998, '2023-11-07 14:55:46', '2023-11-07 14:55:46', NULL),
	(1980, 1192300.00, '2022-11-16', '0', 4937, '2023-11-07 14:55:46', '2023-11-07 14:55:46', NULL),
	(1981, 1192300.00, '2022-11-24', '0', 4932, '2023-11-07 14:55:46', '2023-11-07 14:55:46', NULL),
	(1982, 1160000.00, '2022-12-01', '0', 5056, '2023-11-07 14:55:46', '2023-11-07 14:55:46', NULL),
	(1983, 1620000.00, '2022-12-01', '0', 6, '2023-11-07 14:55:46', '2023-11-07 14:55:46', NULL),
	(1984, 1192300.00, '2022-12-01', '0', 5125, '2023-11-07 14:55:46', '2023-11-07 14:55:46', NULL),
	(1985, 1192300.00, '2022-12-01', '0', 5043, '2023-11-07 14:55:46', '2023-11-07 14:55:46', NULL),
	(1986, 1192300.00, '2022-12-01', '0', 5079, '2023-11-07 14:55:46', '2023-11-07 14:55:46', NULL),
	(1987, 1192300.00, '2022-12-07', '0', 5154, '2023-11-07 14:55:46', '2023-11-07 14:55:46', NULL),
	(1988, 1192300.00, '2022-12-07', '0', 5255, '2023-11-07 14:55:46', '2023-11-07 14:55:46', NULL),
	(1989, 1192300.00, '2022-12-07', '0', 4982, '2023-11-07 14:55:46', '2023-11-07 14:55:46', NULL),
	(1990, 1192300.00, '2022-12-07', '0', 5256, '2023-11-07 14:55:46', '2023-11-07 14:55:46', NULL),
	(1991, 3465000.00, '2022-12-13', '0', 4955, '2023-11-07 14:55:46', '2023-11-07 14:55:46', NULL),
	(1992, 1192300.00, '2022-12-17', '0', 5136, '2023-11-07 14:55:46', '2023-11-07 14:55:46', NULL),
	(1993, 1192300.00, '2022-12-17', '0', 5257, '2023-11-07 14:55:46', '2023-11-07 14:55:46', NULL),
	(1994, 3465000.00, '2023-04-24', '0', 5258, '2023-11-07 14:55:46', '2023-11-07 14:55:46', NULL),
	(1995, 1192300.00, '2023-01-02', '0', 5084, '2023-11-07 14:55:46', '2023-11-07 14:55:46', NULL),
	(1996, 1192300.00, '2023-01-02', '0', 4967, '2023-11-07 14:55:46', '2023-11-07 14:55:46', NULL),
	(1997, 1192300.00, '2023-01-02', '0', 5010, '2023-11-07 14:55:46', '2023-11-07 14:55:46', NULL),
	(1998, 2281000.00, '2023-01-02', '0', 5259, '2023-11-07 14:55:46', '2023-11-07 14:55:46', NULL),
	(1999, 2281000.00, '2023-01-02', '0', 5024, '2023-11-07 14:55:46', '2023-11-07 14:55:46', NULL),
	(2000, 3465000.00, '2023-01-04', '0', 4972, '2023-11-07 14:55:46', '2023-11-07 14:55:46', NULL),
	(2001, 1160000.00, '2023-01-19', '0', 5063, '2023-11-07 14:55:46', '2023-11-07 14:55:46', NULL),
	(2002, 3465000.00, '2023-01-19', '0', 4957, '2023-11-07 14:55:46', '2023-11-07 14:55:46', NULL),
	(2003, 2321000.00, '2023-01-21', '0', 5149, '2023-11-07 14:55:46', '2023-11-07 14:55:46', NULL),
	(2004, 3465000.00, '2023-01-27', '0', 4944, '2023-11-07 14:55:46', '2023-11-07 14:55:46', NULL),
	(2005, 4500000.00, '2023-02-01', '0', 55, '2023-11-07 14:55:46', '2023-11-07 14:55:46', NULL),
	(2006, 2321000.00, '2023-02-01', '0', 5260, '2023-11-07 14:55:46', '2023-11-07 14:55:46', NULL),
	(2007, 2321000.00, '2023-02-01', '0', 5261, '2023-11-07 14:55:46', '2023-11-07 14:55:46', NULL),
	(2008, 3465000.00, '2023-02-08', '0', 2765, '2023-11-07 14:55:46', '2023-11-07 14:55:46', NULL),
	(2009, 2321000.00, '2023-02-08', '0', 4977, '2023-11-07 14:55:46', '2023-11-07 14:55:46', NULL),
	(2010, 1301000.00, '2023-02-08', '0', 4922, '2023-11-07 14:55:46', '2023-11-07 14:55:46', NULL),
	(2011, 1192300.00, '2023-02-08', '0', 4936, '2023-11-07 14:55:46', '2023-11-07 14:55:46', NULL),
	(2012, 1430000.00, '2023-02-08', '0', 30, '2023-11-07 14:55:46', '2023-11-07 14:55:46', NULL),
	(2013, 1430000.00, '2023-02-09', '0', 42, '2023-11-07 14:55:46', '2023-11-07 14:55:46', NULL),
	(2014, 1430000.00, '2023-02-15', '0', 46, '2023-11-07 14:55:46', '2023-11-07 14:55:46', NULL),
	(2015, 1192300.00, '2023-02-24', '0', 5047, '2023-11-07 14:55:46', '2023-11-07 14:55:46', NULL),
	(2016, 2281000.00, '2023-03-01', '0', 5086, '2023-11-07 14:55:46', '2023-11-07 14:55:46', NULL),
	(2017, 1160000.00, '2023-03-01', '0', 5102, '2023-11-07 14:55:46', '2023-11-07 14:55:46', NULL),
	(2018, 3465000.00, '2023-03-07', '0', 5263, '2023-11-07 14:55:46', '2023-11-07 14:55:46', NULL),
	(2019, 3465000.00, '2023-03-07', '0', 3781, '2023-11-07 14:55:46', '2023-11-07 14:55:46', NULL),
	(2020, 3465000.00, '2023-03-07', '0', 3782, '2023-11-07 14:55:46', '2023-11-07 14:55:46', NULL),
	(2021, 2321000.00, '2023-03-07', '0', 4942, '2023-11-07 14:55:46', '2023-11-07 14:55:46', NULL),
	(2022, 1192300.00, '2023-03-07', '0', 4894, '2023-11-07 14:55:46', '2023-11-07 14:55:46', NULL),
	(2023, 2100000.00, '2023-03-13', '0', 1, '2023-11-07 14:55:46', '2023-11-07 14:55:46', NULL),
	(2024, 2600000.00, '2023-03-16', '0', 3, '2023-11-07 14:55:46', '2023-11-07 14:55:46', NULL),
	(2025, 2321000.00, '2023-03-18', '0', 4787, '2023-11-07 14:55:46', '2023-11-07 14:55:46', NULL),
	(2026, 1192300.00, '2023-03-18', '0', 4985, '2023-11-07 14:55:46', '2023-11-07 14:55:46', NULL),
	(2027, 1192300.00, '2023-03-18', '0', 4993, '2023-11-07 14:55:46', '2023-11-07 14:55:46', NULL),
	(2028, 1192300.00, '2023-03-18', '0', 4794, '2023-11-07 14:55:46', '2023-11-07 14:55:46', NULL),
	(2029, 1192300.00, '2023-08-22', '0', 5271, '2023-11-07 14:55:46', '2023-11-07 14:55:46', NULL),
	(2030, 1192300.00, '2023-08-22', '0', 5274, '2023-11-07 14:55:46', '2023-11-07 14:55:46', NULL),
	(2031, 1192300.00, '2023-08-22', '0', 5283, '2023-11-07 14:55:46', '2023-11-07 14:55:46', NULL),
	(2032, 1192300.00, '2023-08-28', '0', 5285, '2023-11-07 14:55:46', '2023-11-07 14:55:46', NULL),
	(2033, 1160000.00, '2023-03-24', '0', 4989, '2023-11-07 14:55:46', '2023-11-07 14:55:46', NULL),
	(2034, 3500000.00, '2023-03-27', '0', 54, '2023-11-07 14:55:46', '2023-11-07 14:55:46', NULL),
	(2035, 2281000.00, '2023-03-28', '0', 5023, '2023-11-07 14:55:46', '2023-11-07 14:55:46', NULL),
	(2036, 2281000.00, '2023-03-28', '0', 4899, '2023-11-07 14:55:46', '2023-11-07 14:55:46', NULL),
	(2037, 1192300.00, '2023-04-01', '0', 5126, '2023-11-07 14:55:46', '2023-11-07 14:55:46', NULL),
	(2038, 1192300.00, '2023-04-01', '0', 4905, '2023-11-07 14:55:46', '2023-11-07 14:55:46', NULL),
	(2039, 1192300.00, '2023-04-01', '0', 5287, '2023-11-07 14:55:46', '2023-11-07 14:55:46', NULL),
	(2040, 1192300.00, '2023-04-01', '0', 5132, '2023-11-07 14:55:46', '2023-11-07 14:55:46', NULL),
	(2041, 1192300.00, '2023-04-01', '0', 5106, '2023-11-07 14:55:46', '2023-11-07 14:55:46', NULL),
	(2042, 1192300.00, '2023-04-01', '0', 5072, '2023-11-07 14:55:46', '2023-11-07 14:55:46', NULL),
	(2043, 3200000.00, '2023-04-01', '0', 4831, '2023-11-07 14:55:46', '2023-11-07 14:55:46', NULL),
	(2044, 3465000.00, '2023-04-05', '0', 4832, '2023-11-07 14:55:46', '2023-11-07 14:55:46', NULL),
	(2045, 1192300.00, '2023-04-25', '0', 4933, '2023-11-07 14:55:46', '2023-11-07 14:55:46', NULL),
	(2046, 1160000.00, '2023-04-25', '0', 5054, '2023-11-07 14:55:46', '2023-11-07 14:55:46', NULL),
	(2047, 2425500.00, '2023-04-25', '0', 14, '2023-11-07 14:55:46', '2023-11-07 14:55:46', NULL),
	(2048, 2000000.00, '2023-05-02', '0', 5296, '2023-11-07 14:55:46', '2023-11-07 14:55:46', NULL),
	(2049, 2300000.00, '2023-05-02', '0', 5297, '2023-11-07 14:55:46', '2023-11-07 14:55:46', NULL),
	(2050, 2321000.00, '2023-05-02', '3', 4876, '2023-11-07 14:55:46', '2023-11-24 14:45:47', NULL),
	(2051, 3465000.00, '2023-05-04', '0', 5076, '2023-11-07 14:55:46', '2023-11-07 14:55:46', NULL),
	(2052, 1192300.00, '2023-05-09', '0', 5128, '2023-11-07 14:55:46', '2023-11-07 14:55:46', NULL),
	(2053, 1192300.00, '2023-05-09', '0', 5036, '2023-11-07 14:55:46', '2023-11-07 14:55:46', NULL),
	(2054, 1192300.00, '2023-05-09', '3', 5016, '2023-11-07 14:55:46', '2023-11-24 14:45:44', NULL),
	(2055, 2321000.00, '2023-05-09', '0', 4858, '2023-11-07 14:55:46', '2023-11-07 14:55:46', NULL),
	(2056, 1192300.00, '2023-05-15', '0', 4859, '2023-11-07 14:55:46', '2023-11-07 14:55:46', NULL),
	(2057, 3465000.00, '2023-05-15', '0', 4860, '2023-11-07 14:55:46', '2023-11-07 14:55:46', NULL),
	(2058, 1160000.00, '2023-05-15', '0', 5019, '2023-11-07 14:55:46', '2023-11-07 14:55:46', NULL),
	(2059, 1430000.00, '2023-05-23', '0', 59, '2023-11-07 14:55:46', '2023-11-07 14:55:46', NULL),
	(2060, 2281000.00, '2023-05-23', '0', 5299, '2023-11-07 14:55:46', '2023-11-07 14:55:46', NULL),
	(2061, 1474200.00, '2023-05-23', '0', 5020, '2023-11-07 14:55:46', '2023-11-07 14:55:46', NULL),
	(2062, 1160000.00, '2023-06-01', '0', 5053, '2023-11-07 14:55:46', '2023-11-07 14:55:46', NULL),
	(2063, 1192300.00, '2023-06-13', '0', 4976, '2023-11-07 14:55:46', '2023-11-07 14:55:46', NULL),
	(2064, 1192300.00, '2023-06-13', '0', 4893, '2023-11-07 14:55:46', '2023-11-07 14:55:46', NULL),
	(2065, 3465000.00, '2023-06-13', '0', 5300, '2023-11-07 14:55:46', '2023-11-07 14:55:46', NULL),
	(2066, 3630000.00, '2023-06-13', '0', 5099, '2023-11-07 14:55:46', '2023-11-07 14:55:46', NULL),
	(2067, 4116000.00, '2023-07-01', '0', 5302, '2023-11-07 14:55:46', '2023-11-07 14:55:46', NULL),
	(2068, 3465000.00, '2023-07-13', '0', 5303, '2023-11-07 14:55:46', '2023-11-07 14:55:46', NULL),
	(2069, 1650000.00, '2023-07-24', '0', 5306, '2023-11-07 14:55:46', '2023-11-07 14:55:46', NULL),
	(2070, 1430000.00, '2023-07-26', '0', 5307, '2023-11-07 14:55:46', '2023-11-07 14:55:46', NULL),
	(2071, 3465000.00, '2023-08-01', '0', 10938, '2023-11-07 14:55:46', '2023-11-07 14:55:46', NULL),
	(2072, 3500000.00, '2023-08-08', '0', 10946, '2023-11-07 14:55:46', '2023-11-07 14:55:46', NULL),
	(2073, 3630000.00, '2023-08-08', '0', 10966, '2023-11-07 14:55:46', '2023-11-07 14:55:46', NULL),
	(2074, 1701000.00, '2023-08-11', '0', 10969, '2023-11-07 14:55:46', '2023-11-07 14:55:46', NULL),
	(2075, 3465000.00, '2023-08-09', '3', 10955, '2023-11-07 14:55:46', '2023-11-24 14:45:45', NULL),
	(2076, 3465000.00, '2023-08-22', '3', 10956, '2023-11-07 14:55:46', '2023-11-24 14:45:46', NULL),
	(2077, 1192300.00, '2023-08-22', '3', 10939, '2023-11-07 14:55:46', '2023-11-24 14:45:40', NULL),
	(2078, 1192300.00, '2023-08-22', '0', 10954, '2023-11-07 14:55:46', '2023-11-07 14:55:46', NULL),
	(2079, 1192300.00, '2023-08-23', '0', 10936, '2023-11-07 14:55:46', '2023-11-07 14:55:46', NULL),
	(2080, 1192300.00, '2023-08-23', '0', 10958, '2023-11-07 14:55:46', '2023-11-07 14:55:46', NULL),
	(2081, 1192300.00, '2023-08-23', '0', 10941, '2023-11-07 14:55:46', '2023-11-07 14:55:46', NULL),
	(2082, 2321000.00, '2023-08-23', '0', 10959, '2023-11-07 14:55:46', '2023-11-07 14:55:46', NULL),
	(2083, 4500000.00, '2023-09-06', '0', 10948, '2023-11-07 14:55:46', '2023-11-07 14:55:46', NULL),
	(2084, 3465000.00, '2023-09-07', '0', 10957, '2023-11-07 14:55:46', '2023-11-07 14:55:46', NULL),
	(2085, 1160000.00, '2023-09-07', '0', 10968, '2023-11-07 14:55:46', '2023-11-07 14:55:46', NULL),
	(2086, 2321000.00, '2023-09-11', '0', 10962, '2023-11-07 14:55:46', '2023-11-07 14:55:46', NULL),
	(2087, 2321000.00, '2023-09-11', '0', 10940, '2023-11-07 14:55:46', '2023-11-07 14:55:46', NULL),
	(2088, 3465000.00, '2023-09-11', '0', 10947, '2023-11-07 14:55:46', '2023-11-07 14:55:46', NULL),
	(2089, 3465000.00, '2023-09-14', '0', 10937, '2023-11-07 14:55:46', '2023-11-07 14:55:46', NULL),
	(2090, 2321000.00, '2023-09-21', '0', 10964, '2023-11-07 14:55:46', '2023-11-07 14:55:46', NULL),
	(2091, 3465000.00, '2023-09-21', '0', 10949, '2023-11-07 14:55:46', '2023-11-07 14:55:46', NULL),
	(2092, 1160000.00, '2023-09-21', '0', 10934, '2023-11-07 14:55:46', '2023-11-07 14:55:46', NULL),
	(2093, 1192300.00, '2023-09-21', '0', 10944, '2023-11-07 14:55:46', '2023-11-07 14:55:46', NULL),
	(2094, 2321000.00, '2023-09-27', '0', 10952, '2023-11-07 14:55:46', '2023-11-07 14:55:46', NULL),
	(2095, 1160000.00, '2023-09-27', '0', 10931, '2023-11-07 14:55:46', '2023-11-07 14:55:46', NULL),
	(2096, 2321000.00, '2023-09-27', '0', 10963, '2023-11-07 14:55:46', '2023-11-07 14:55:46', NULL),
	(2097, 3630000.00, '2023-10-11', '0', 10967, '2023-11-07 14:55:46', '2023-11-07 14:55:46', NULL),
	(2098, 3630000.00, '2023-10-11', '0', 10933, '2023-11-07 14:55:46', '2023-11-07 14:55:46', NULL),
	(2099, 1160000.00, '2023-10-11', '0', 10932, '2023-11-07 14:55:46', '2023-11-07 14:55:46', NULL),
	(2100, 3465000.00, '2023-10-11', '0', 10935, '2023-11-07 14:55:46', '2023-11-07 14:55:46', NULL),
	(2101, 3465000.00, '2023-10-11', '0', 10950, '2023-11-07 14:55:46', '2023-11-07 14:55:46', NULL),
	(2102, 1701000.00, '2023-10-11', '0', 10953, '2023-11-07 14:55:46', '2023-11-07 14:55:46', NULL),
	(2103, 1192300.00, '2023-10-17', '0', 10942, '2023-11-07 14:55:46', '2023-11-07 14:55:46', NULL),
	(2104, 1192300.00, '2023-10-17', '0', 10951, '2023-11-07 14:55:46', '2023-11-07 14:55:46', NULL),
	(2105, 1192300.00, '2023-10-17', '0', 10945, '2023-11-07 14:55:46', '2023-11-07 14:55:46', NULL),
	(2106, 1192300.00, '2023-10-17', '0', 10965, '2023-11-07 14:55:46', '2023-11-07 14:55:46', NULL),
	(2107, 2321000.00, '2023-10-17', '0', 10960, '2023-11-07 14:55:46', '2023-11-07 14:55:46', NULL),
	(2108, 3465000.00, '2023-10-23', '3', 10961, '2023-11-07 14:55:46', '2023-11-24 14:45:47', NULL),
	(2109, 2321000.00, '2023-11-01', '0', 10975, '2023-11-07 14:55:46', '2023-11-07 14:55:46', NULL),
	(2110, 2321000.00, '2023-11-01', '0', 10977, '2023-11-07 14:55:46', '2023-11-07 14:55:46', NULL),
	(2111, 2321000.00, '2023-11-01', '0', 10974, '2023-11-07 14:55:46', '2023-11-07 14:55:46', NULL),
	(2112, 2321000.00, '2023-11-01', '0', 10972, '2023-11-07 14:55:46', '2023-11-07 14:55:46', NULL),
	(2113, 3465000.00, '2023-11-01', '0', 10971, '2023-11-07 14:55:46', '2023-11-07 14:55:46', NULL),
	(2114, 3465000.00, '2023-11-01', '3', 10973, '2023-11-07 14:55:46', '2023-11-24 14:45:43', NULL),
	(2115, 3747000.00, '2023-11-01', '0', 10970, '2023-11-07 14:55:46', '2023-11-07 14:55:46', NULL),
	(2116, 3747000.00, '2023-11-01', '0', 10976, '2023-11-07 14:55:46', '2023-11-07 14:55:46', NULL);

CREATE TABLE IF NOT EXISTS `employes` (
  `id` int unsigned NOT NULL AUTO_INCREMENT,
  `dni` int NOT NULL,
  `name` varchar(255) COLLATE utf8mb4_unicode_ci NOT NULL,
  `work_position` varchar(255) COLLATE utf8mb4_unicode_ci NOT NULL,
  `unit` varchar(255) COLLATE utf8mb4_unicode_ci NOT NULL,
  `cost_center` varchar(255) COLLATE utf8mb4_unicode_ci NOT NULL,
  `service` varchar(255) CHARACTER SET utf8mb4 COLLATE utf8mb4_unicode_ci NOT NULL,
  `created_at` timestamp NULL DEFAULT NULL,
  `updated_at` timestamp NULL DEFAULT NULL,
  `deleted_at` timestamp NULL DEFAULT NULL,
  PRIMARY KEY (`id`)
) ENGINE=InnoDB AUTO_INCREMENT=10996 DEFAULT CHARSET=utf8mb4 COLLATE=utf8mb4_unicode_ci;

INSERT INTO `employes` (`id`, `dni`, `name`, `work_position`, `unit`, `cost_center`, `service`, `created_at`, `updated_at`, `deleted_at`) VALUES
	(1, 1067954877, 'JOSE MAURICIO CAMARGO BUENDIA', 'INGENIERO DE SOPORTE', 'Administrativo', 'ADMINISTRACION', 'SISTEMAS', '2023-04-08 00:10:52', '2023-11-04 13:30:24', NULL),
	(2, 1003002244, 'JULIO MIGUEL ALVAREZ CHAVEZ', 'AUXILIAR DE SISTEMAS', 'Administrativo', 'ADMINISTRACION', 'SISTEMAS', '2023-04-08 00:10:52', '2023-11-04 13:30:24', NULL),
	(3, 1100629122, 'JESUS DAVID RUIZ PERALTA', 'ANALISTA DE DATOS', 'Administrativo', 'ADMINISTRACION', 'FINANZAS', '2023-04-08 00:10:52', '2023-11-04 13:30:24', NULL),
	(4, 1067289534, 'GUILLERMO JESUS AVILA ARRIETA', 'INGENIERO BIOMEDICO', 'Administrativo', 'ADMINISTRACION', 'MANTENIMIENTO (BIOMEDICO)   ', '2023-04-08 00:10:52', '2023-11-04 13:30:24', NULL),
	(5, 1067947645, 'MARIA ALEJANDRA PONCE CARDENAS', 'COMUNICADORA ORGANIZACIONAL', 'Administrativo', 'ADMINISTRACION', 'FINANZAS', '2023-04-08 00:10:52', '2023-11-04 13:30:24', NULL),
	(6, 1067927399, 'YISEL VANESSA SALAZAR FLOREZ', 'PROFESIONAL LOGISTICA', 'Administrativo', 'ADMINISTRACION', 'ASEO            ', '2023-04-27 17:01:02', '2023-11-04 13:30:25', NULL),
	(7, 1067954877, 'Fulanito de tal', 'Ingeniero de soporte', 'Deshabilitado', 'Piso 11', '', '2023-04-12 15:36:06', '2023-08-01 16:30:53', NULL),
	(8, 1067862700, 'ERICA JOANA AGUDELO URANGO', 'ENFERMERA AUDITORA DE CUENTAS MEDICAS', 'Administrativo', 'ADMINISTRACION', 'CONTRATACION                            ', '2023-04-27 17:06:55', '2023-11-04 13:30:24', NULL),
	(9, 1064998062, 'ANDREA STEFANIA REYES BOHORQUEZ', 'AUXILIAR DE RADICACION', 'Administrativo', 'ADMINISTRACION', 'ADMISION Y FACTURACION', '2023-04-27 17:10:36', '2023-11-04 13:30:23', NULL),
	(10, 1067890234, 'YERARDIN YOJANA TUIRN VARGAS', 'AUXILIAR DE AUTORIZACIONES', 'Administrativo', 'ADMINISTRACION', 'ADMISION Y FACTURACION', '2023-04-27 17:13:25', '2023-11-04 13:30:25', NULL),
	(11, 1067956947, 'DANIELA SOFIA SALAS DIAZ', 'PSICLOGO ORGANIZACIONAL', 'Otros', 'ADMINISTRACION', 'TALENTO HUMANO                  ', '2023-04-27 17:15:22', '2023-11-04 13:30:24', NULL),
	(12, 1067877609, 'LUCIA MARGARITA CORCHO DIAZ', 'PROFESIONAL DE CARTERA', 'Administrativo', 'ADMINISTRACION', 'FINANZAS', '2023-04-27 17:17:43', '2023-11-04 13:30:24', NULL),
	(13, 1003190388, 'ALEJANDRA MILENA MIRANDA VELASQUEZ', 'AUXILIAR DE TALENTO HUMANO', 'Administrativo', 'ADMINISTRACION', 'TALENTO HUMANO                  ', '2023-04-27 17:20:38', '2023-11-04 13:29:32', NULL),
	(14, 1067958229, 'MELISA MARIA ALVAREZ MARQUEZ', 'PROFESIONAL DE SALUD Y SEGURIDAD EN EL TRABAJO', 'Administrativo asistencial', 'ADMINISTRACION', 'TALENTO HUMANO                  ', '2023-04-27 17:20:38', '2023-11-04 13:30:25', NULL),
	(15, 1003716436, 'ANA SOFIA LOPEZ MARTINEZ', 'PROFESIONAL DE GESTIN  RIESGO Y CONTROL INTERNO', 'Administrativo', 'ADMINISTRACION', 'FINANZAS', '2023-04-27 18:41:12', '2023-11-04 14:30:02', NULL),
	(16, 1003395501, 'LEANDRA VANESSA GARCIA GOMEZ', 'ASISTENTE CONTABLE', 'Administrativo', 'ADMINISTRACION', 'CONTABILIDAD', '2023-04-27 19:00:13', '2023-11-04 13:30:24', NULL),
	(17, 1003043704, 'Mateo Paez Cogollo', 'Ingeniero de procesos', 'Deshabilitado', 'Piso 2', '', '2023-04-27 19:08:30', '2023-05-24 14:22:36', NULL),
	(18, 1067937435, 'Daniel Jose Quintero Doria', 'Asistente contable torre 2', 'Administrativo', 'Piso 2', '', '2023-04-27 19:08:30', '2023-04-27 19:08:30', NULL),
	(19, 1065009429, 'MARISOL  GARCIA ARRIETA', 'PROFESIONAL DE COSTOS Y PRESUPUETOS', 'Administrativo', 'ADMINISTRACION', 'COSTO Y PRESUPUESTO                     ', '2023-04-27 19:15:09', '2023-11-04 13:30:25', NULL),
	(20, 26173922, 'JOSEFINA DEL CARMEN DURANGO NEGRETE', 'TESORERO/CARTERA', 'Administrativo', 'ADMINISTRACION', 'TESORERIA', '2023-04-27 19:18:18', '2023-11-04 13:30:24', NULL),
	(21, 1067891102, 'KELLY  DE LAS SALAS ENSUNCHO', 'PROFESIONAL DE NOMINA', 'Administrativo', 'ADMINISTRACION', 'TALENTO HUMANO                  ', '2023-04-28 13:31:14', '2023-11-04 14:40:35', NULL),
	(22, 50966594, 'VILMA TERESA HERRERA GUERRA', 'COORDINADOR DE FACTURACION', 'Administrativo', 'ADMINISTRACION', 'ADMISION Y FACTURACION', '2023-04-28 20:25:05', '2023-11-04 13:30:25', NULL),
	(23, 1067877865, 'PEDRO SEGUNDO LEON POMBO', 'COORDINADOR DE SISTEMA ', 'Pendiente', 'ADMINISTRACION', 'SISTEMAS', '2023-05-10 22:00:55', '2023-11-03 16:45:48', NULL),
	(24, 1067463611, 'Sandra Padilla', 'Contadora', 'Administrativo', 'Piso 2', '', '2023-05-10 22:02:39', '2023-05-10 22:02:39', NULL),
	(25, 1104377098, 'ALIS ALCIRA GARCIA MARTINEZ', 'REFERENTE DE SEGURIDAD DEL PACIENTE', 'Administrativo asistencial', 'ADMINISTRACION', 'SEGURIDAD DEL PACIENTE                  ', '2023-05-13 13:53:04', '2023-11-24 14:45:37', NULL),
	(26, 55304624, 'HAIDY ARLENIS ESPITIA MUOZ', 'AUDITOR MEDICO', 'Administrativo asistencial', 'ADMINISTRACION', 'CONTRATACION                            ', '2023-05-13 13:56:36', '2023-11-04 13:30:24', NULL),
	(27, 26037454, 'Dayana Regino Fuentes', 'Coordinadora general de enfermeria', 'Deshabilitado', 'Piso 6', '', '2023-05-13 13:58:28', '2023-11-03 16:50:51', NULL),
	(28, 1129508295, 'DIANA PATRICIA MOLINA ARENAS', 'COORDINADOR SERVICIOS FARMACEUTICOS/ DIRECTOR TECNICO ', 'Pendiente', 'ADMINISTRACION', 'FARMACIA                                ', '2023-05-13 14:30:57', '2023-11-24 14:45:37', NULL),
	(29, 1067851692, 'SINDY MILENA BURGOS DIAZ', 'AUXILIAR DE FACTURACION', 'Administrativo asistencial', 'ADMINISTRACION', 'ADMISION Y FACTURACION', '2023-05-13 14:36:53', '2023-11-04 13:30:25', NULL),
	(30, 35116315, 'CLAUDIA PATRICIA DEL SOCORRO MERCADO PORTILLO', 'AUXILIAR DE FACTURACION', 'Administrativo asistencial', 'ADMINISTRACION', 'ADMISION Y FACTURACION', '2023-05-13 14:42:52', '2023-11-04 13:30:24', NULL),
	(31, 1067946048, 'ANA MARCELA OYOLA DIAZ', 'AUXILIAR DE FACTURACION ', 'Pendiente', 'ADMINISTRACION', 'ADMISION Y FACTURACION', '2023-05-13 14:45:04', '2023-11-03 16:41:49', NULL),
	(32, 1063153338, 'JUAN DAVID ALTAMIRANDA COGOLLO', 'AUXILIAR DE FACTURACION', 'Administrativo asistencial', 'ADMINISTRACION', 'ADMISION Y FACTURACION', '2023-05-13 14:47:53', '2023-11-04 13:30:24', NULL),
	(33, 1064978322, 'JORGE EMILIO GUERRERO OSPINO', 'AUXILIAR DE FACTURACION', 'Administrativo asistencial', 'ADMINISTRACION', 'ADMISION Y FACTURACION', '2023-05-13 14:49:21', '2023-11-04 13:30:24', NULL),
	(34, 50986841, 'KATTIA INES COGOLLO MARTINEZ', 'AUXILIAR DE FACTURACION', 'Administrativo asistencial', 'ADMINISTRACION', 'ADMISION Y FACTURACION', '2023-05-13 14:51:10', '2023-11-04 13:30:24', NULL),
	(35, 1133809225, 'YURLEIS  GONZALEZ MARTINEZ', 'AUXILIAR DE ADMISIONES', 'Otros', 'ADMINISTRACION', 'ADMISION Y FACTURACION', '2023-05-13 14:54:00', '2023-11-04 13:30:25', NULL),
	(36, 1032468914, 'SANDRA MILENA CASTILLO GLORIA', 'ENFERMERO (A) JEFE', 'Asistencial', 'UCI', 'PISO 8 UCI INTERMEDIO', '2023-05-13 14:57:18', '2023-11-04 13:30:25', NULL),
	(37, 1068658491, 'ELIANA JOSEFA CASTAO ZARUR', 'FISIOTERAPEUTA  LIDER', 'Pendiente', 'UCI', 'UCI PISO 6                              ', '2023-05-13 15:00:22', '2023-11-03 16:45:47', NULL),
	(38, 1066188447, 'ZAHAMARIA KAROLY CARMONA VERTEL', 'INGENIERA DE PROCESOS/CIRUGIA', 'Administrativo asistencial', 'CIRUGIA', 'CIRUGIA          ', '2023-05-13 15:02:56', '2023-11-04 13:30:25', NULL),
	(39, 1065010935, 'KEYLA SAUDITH MARTINEZ CANTERO', 'AUXILIAR DE ADMISIONES', 'Otros', 'ADMINISTRACION', 'ADMISION Y FACTURACION', '2023-05-13 15:05:58', '2023-11-04 13:30:24', NULL),
	(40, 30685352, 'Lorena Saibis Bedoya', 'Programacion de cirugia', 'Deshabilitado', 'Piso 3', '', '2023-05-13 15:08:25', '2023-11-03 16:50:55', NULL),
	(41, 1064977945, 'Breilly Saena Baron Arroyo', 'Gestor quirurgico', 'Deshabilitado', 'Piso 3', '', '2023-05-13 15:10:14', '2023-11-03 16:50:51', NULL),
	(42, 1065000844, 'YULIETH PAOLA HERAZO HOYOS', 'GESTOR QUIRURGICO', 'Administrativo asistencial', 'CIRUGIA', 'CIRUGIA          ', '2023-05-13 15:12:00', '2023-11-24 14:45:38', NULL),
	(43, 1067913894, 'YULI MARIA HERNANDEZ NEGRETE', 'PSICLOGO CLINICO', 'Administrativo asistencial', 'HOSPITALIZACION', 'SIAU                                    ', '2023-05-13 15:13:47', '2023-11-04 13:30:25', NULL),
	(44, 1066738042, 'Dairo Enrique Hoyos Avilez', 'Auxiliar compras', 'Deshabilitado', 'Piso 1', '', '2023-05-13 15:15:53', '2023-11-03 16:50:51', NULL),
	(45, 50932826, 'CLAUDIA PATRICIA NARVAEZ RAMIREZ', 'PROFESIONAL EN COMPRAS Y SUMINISTROS', 'Administrativo', 'ADMINISTRACION', 'COMPRAS                 ', '2023-05-13 15:18:00', '2023-11-04 13:30:24', NULL),
	(46, 1003404453, 'ANGIE CAROLINA TORRES CAMACHO', 'GESTOR QUIRURGICO', 'Administrativo asistencial', 'CIRUGIA', 'CIRUGIA          ', '2023-05-13 15:20:58', '2023-11-24 14:45:37', NULL),
	(47, 1068668177, 'Oswaldo Correa', 'Auxiliar de gestion documental', 'Deshabilitado', 'Piso 1', '', '2023-05-13 15:26:55', '2023-11-03 16:50:57', NULL),
	(48, 25784836, 'MONICA LILIANA ROMERO NIETO', 'LIDER DE CONVENIOS ESPECIALES', 'Administrativo asistencial', 'ADMINISTRACION', 'FINANZAS', '2023-05-13 16:00:22', '2023-11-04 13:30:25', NULL),
	(49, 1017124593, 'KAREM CECILIA CURA BULA', 'COORDINADOR DE URGENCIAS', 'Administrativo asistencial', 'URGENCIAS', 'URGENCIAS', '2023-05-13 16:02:45', '2023-11-04 13:30:24', NULL),
	(50, 1047968514, 'ELIZABETH  SANCHEZ LOAIZA', 'NUTRICIONISTA', 'Administrativo asistencial', 'HOSPITALIZACION', 'HOSPITALIZACION PISO 7                  ', '2023-05-13 16:05:36', '2023-11-04 13:30:24', NULL),
	(51, 50914359, 'Yeidyt Negrete Nieves', 'Coordinadora de calidad', 'Deshabilitado', 'Piso 10', '', '2023-05-13 16:13:25', '2023-07-05 13:55:17', NULL),
	(52, 1064992305, 'LAURA JULIANA ZULUAGA GIRALDO', 'COORDINADOR DE HOSPITALIZACION', 'Administrativo asistencial', 'HOSPITALIZACION', 'HOSPITALIZACION PISO 7                  ', '2023-05-13 16:15:41', '2023-11-24 14:45:37', NULL),
	(53, 7920394, 'JORGE  RODRIGUEZ JARABA', 'COORDINADOR DE INFRAESTRUCTURA Y MANTENIMIENTO', 'Administrativo', 'ADMINISTRACION', 'MANTENIMIENTO (INFRAESTRUCTURA)   ', '2023-05-13 17:13:38', '2023-11-04 13:30:24', NULL),
	(54, 1067876737, 'CLAUDIA VANESSA NAVARRO PACHECO', 'COORDINADOR DE IMAGENOLOGIA', 'Administrativo asistencial', 'AYUDAS DIAGNOSTICAS', 'MAMOGRAFIAS                             ', '2023-05-15 16:09:42', '2023-11-24 14:45:37', NULL),
	(55, 16074246, 'NELSON YADIR IMPAT MONTOYA', 'ENFERMERO LDER DE URGENCIAS', 'Administrativo asistencial', 'URGENCIAS', 'URGENCIAS', '2023-05-15 16:10:29', '2023-11-04 13:30:25', NULL),
	(56, 1003393264, 'Juan Orozco', 'Auxiliar calidad', 'Deshabilitado', 'Piso 10', '', '2023-05-15 20:14:26', '2023-08-01 16:35:51', NULL),
	(57, 1050036216, 'EMIRO JOSE VASQUEZ RIPOLL', 'QUIMICO FARMACEUTICO ASISTENCIAL', 'Pendiente', 'ADMINISTRACION', 'FARMACIA                                ', '2023-05-16 21:11:31', '2023-11-24 14:45:37', NULL),
	(58, 25875013, 'AMALIA REGINA PANTOJA FUENTES', 'INSTRUMENTADOR QUIRURGICO LDER DE CENTRAL DE ESTERILIZACIN', 'Administrativo asistencial', 'CIRUGIA', 'CENTRAL DE ESTERILIZACION', '2023-05-16 21:12:45', '2023-11-04 13:30:23', NULL),
	(59, 1067919017, 'CARLOS ARTURO BERROCAL GARCIA', 'AUXILIAR DE CUENTAS MEDICAS', 'Administrativo', 'ADMINISTRACION', 'FINANZAS', '2023-05-23 20:43:51', '2023-11-04 13:30:24', NULL),
	(63, 1193107826, 'WENDIS VANESSA MACEA MACHADO', 'AUXILIAR DE ADMISIONES', 'Otros', 'ADMINISTRACION', 'ADMISION Y FACTURACION', '2023-06-03 16:27:39', '2023-11-04 13:30:25', NULL),
	(143, 1073826630, 'YESICA MARCELA DURANGO COGOLLO', 'AUXILIAR DE ENFERMERIA', 'Asistencial', 'URGENCIAS', 'URGENCIAS', '2023-08-01 05:00:00', '2023-11-04 13:30:25', NULL),
	(157, 1064981454, 'MARIA CONSUELO DIAZ GALEANO', 'AUXILIAR DE ENFERMERIA', 'Asistencial', 'URGENCIAS', 'URGENCIAS', '2023-08-01 05:00:00', '2023-11-04 13:30:24', NULL),
	(158, 1003397212, 'MIRIAM HAYDEE SANCHEZ MARTINEZ', 'AUXILIAR DE ENFERMERIA', 'Asistencial', 'URGENCIAS', 'URGENCIAS', '2023-08-01 05:00:00', '2023-11-04 13:30:25', NULL),
	(168, 1104417161, 'Yessica Tatiana Carriazo Chavez', 'Auxiliar de enfermeria', 'Deshabilitado', 'Piso 1', '', '2023-08-01 05:00:00', '2023-11-03 16:50:59', NULL),
	(201, 50917594, 'MARICELA  VEGA MENDOZA', 'AUXILIAR DE ENFERMERIA', 'Asistencial', 'URGENCIAS', 'URGENCIAS', '2023-08-01 05:00:00', '2023-11-04 13:30:25', NULL),
	(226, 10765574, 'MAXIMO JOSE ACOSTA SAEZ', 'AUXILIAR DE ENFERMERIA', 'Asistencial', 'URGENCIAS', 'URGENCIAS', '2023-08-01 05:00:00', '2023-11-04 13:30:25', NULL),
	(236, 1067964509, 'LUISA FERNANDA LOPEZ OVIEDO', 'AUXILIAR DE ENFERMERIA', 'Asistencial', 'URGENCIAS', 'URGENCIAS', '2023-08-01 05:00:00', '2023-11-04 13:30:24', NULL),
	(247, 1067903976, 'PAOLA ANDREA GARCIA PADILLA', 'ENFERMERO (A) JEFE', 'Asistencial', 'URGENCIAS', 'URGENCIAS', '2023-08-01 05:00:00', '2023-11-04 13:30:25', NULL),
	(259, 1068659767, 'YULIETH PAOLA DURANGO SANCHEZ', 'AUXILIAR DE ENFERMERIA', 'Asistencial', 'URGENCIAS', 'URGENCIAS', '2023-08-01 05:00:00', '2023-11-04 13:30:25', NULL),
	(268, 1067923707, 'CESAR CAMILO ALMANZA BEGAMBRE', 'AUXILIAR DE ENFERMERIA', 'Asistencial', 'URGENCIAS', 'URGENCIAS', '2023-08-01 05:00:00', '2023-11-04 13:30:24', NULL),
	(298, 1052981439, 'SINDY PAOLA GARRIDO SANMIGUEL', 'AUXILIAR DE ENFERMERIA', 'Asistencial', 'URGENCIAS', 'URGENCIAS', '2023-08-01 05:00:00', '2023-11-04 13:30:25', NULL),
	(309, 1067923523, 'ANDY JAVIER DURANGO RICARDO', 'AUXILIAR DE ENFERMERIA', 'Asistencial', 'URGENCIAS', 'URGENCIAS', '2023-08-01 05:00:00', '2023-11-04 13:30:23', NULL),
	(323, 50906892, 'LUZ ESTELLA PADILLA BERRIO', 'AUXILIAR DE ENFERMERIA', 'Asistencial', 'URGENCIAS', 'URGENCIAS', '2023-08-01 05:00:00', '2023-11-04 13:30:24', NULL),
	(374, 50917340, 'DAIRA LUZ SAENZ BARRERA', 'AUXILIAR DE ENFERMERIA', 'Asistencial', 'AYUDAS DIAGNOSTICAS', 'ENDOSCOPIAS                             ', '2023-08-01 05:00:00', '2023-11-04 13:30:24', NULL),
	(447, 1003004725, 'KAREN LORENA MESTRA CASSAB', 'AUXILIAR DE ENFERMERIA', 'Asistencial', 'URGENCIAS', 'URGENCIAS', '2023-08-01 05:00:00', '2023-11-04 13:30:24', NULL),
	(450, 1067861402, 'DIANA SOFIA GARAVITO TUIRAN', 'AUXILIAR DE ENFERMERIA', 'Asistencial', 'URGENCIAS', 'URGENCIAS', '2023-08-01 05:00:00', '2023-11-04 13:30:24', NULL),
	(468, 1067959101, 'DANIELA DEL CARMEN MANJARRES MERCADO', 'ENFERMERO (A) JEFE', 'Asistencial', 'HOSPITALIZACION', 'HOSPITALIZACION PISO 10     ', '2023-08-01 05:00:00', '2023-11-04 13:30:24', NULL),
	(504, 50926616, 'Piedad Cristina Leon Cogollo', 'Contratacin', 'Deshabilitado', 'Piso 2', '', '2023-08-01 05:00:00', '2023-08-01 05:00:00', NULL),
	(509, 1003434680, 'ESNAIDE MANUEL RIOS GUERRA', 'AUXILIAR DE ENFERMERIA', 'Asistencial', 'URGENCIAS', 'URGENCIAS', '2023-08-01 05:00:00', '2023-11-04 13:30:24', NULL),
	(1544, 1067907487, 'CARLOS FARID PITALUA MORALES', 'AUXILIAR BIOMEDICO', 'Administrativo', 'ADMINISTRACION', 'MANTENIMIENTO (BIOMEDICO)   ', '2023-08-01 05:00:00', '2023-11-04 13:30:24', NULL),
	(2587, 1043434843, 'ANDREA CAROLINA MERCADO HOYOS', 'ENFERMERO (A) JEFE', 'Asistencial', 'URGENCIAS', 'URGENCIAS', '2023-08-01 05:00:00', '2023-11-04 13:30:23', NULL),
	(2606, 1104433235, 'MARIA CAROLINA CONTRERAS MONTIEL', 'MEDICO GENERAL', 'Asistencial', 'URGENCIAS', 'URGENCIAS', '2023-08-01 05:00:00', '2023-11-04 13:30:24', NULL),
	(2624, 1003046597, 'NAYERLI LUZ GONZALEZ HERRERA', 'AUXILIAR DE ENFERMERIA', 'Asistencial', 'URGENCIAS', 'URGENCIAS', '2023-08-01 05:00:00', '2023-11-04 13:30:25', NULL),
	(2627, 1067963002, 'DANIELA ANDREA FONTALVO GARRIDO', 'MEDICO GENERAL', 'Asistencial', 'URGENCIAS', 'URGENCIAS', '2023-08-01 05:00:00', '2023-11-04 13:30:24', NULL),
	(2686, 1042442274, 'SERGIO LUIS VEGA BORRERO', 'MEDICO GENERAL', 'Asistencial', 'URGENCIAS', 'URGENCIAS', '2023-08-01 05:00:00', '2023-11-04 13:30:25', NULL),
	(2695, 1067956201, 'CRISTIAN DAVID PACHECO JIMNEZ', 'MEDICO EPIDEMIOLOGO', 'Administrativo asistencial', 'URGENCIAS', 'URGENCIAS', '2023-08-01 05:00:00', '2023-11-24 14:45:37', NULL),
	(2708, 1067912689, 'KARINA DEL CARMEN GUILLEN LOPEZ', 'AUXILIAR DE ENFERMERIA', 'Deshabilitado', 'URGENCIAS', 'URGENCIAS', '2023-08-01 05:00:00', '2023-11-24 14:45:43', NULL),
	(2759, 1067862990, 'Anyuli Sofia German Dominguez', 'Lider de enfermeria hospitalizacion', 'Deshabilitado', 'Piso 9', '', '2023-08-01 05:00:00', '2023-08-01 05:00:00', NULL),
	(2764, 1067884520, 'Tibey Jose Villalobo Aguilar', 'Medico General', 'Deshabilitado', 'Piso 1', '', '2023-08-01 05:00:00', '2023-11-03 16:50:58', NULL),
	(2765, 1108765718, 'EYLEEN KARIME ROMERO VIDES', 'MEDICO GENERAL', 'Asistencial', 'URGENCIAS', 'URGENCIAS', '2023-08-01 05:00:00', '2023-11-04 13:30:24', NULL),
	(3071, 1067852452, 'ELVIA MARIA HOYOS FUENTES', 'AUXILIAR DE SERVICIOS GENERALES', 'Otros', 'ADMINISTRACION', 'ASEO            ', '2023-07-01 14:54:26', '2023-11-04 13:30:24', NULL),
	(3781, 1001326429, 'ANDRS FELIPE LAFONT MONTERROZA', 'MEDICO GENERAL', 'Asistencial', 'UCI', 'PISO 8 UCI INTERMEDIO', '2023-08-01 05:00:00', '2023-11-04 13:30:23', NULL),
	(3782, 1003027615, 'MARA DEL PILAR CAVADIA PADILLA', 'MEDICO GENERAL', 'Asistencial', 'URGENCIAS', 'URGENCIAS', '2023-08-01 05:00:00', '2023-11-04 13:30:24', NULL),
	(3783, 45530640, 'Catalina Paola Valdelamar Blanquicett', 'Medico General', 'Deshabilitado', 'Piso 1', '', '2023-08-01 05:00:00', '2023-08-01 05:00:00', NULL),
	(4787, 25773672, 'DAYANIS PATRICIA FLOREZ SALAZAR', 'ENFERMERO (A) JEFE', 'Asistencial', 'URGENCIAS', 'URGENCIAS', '2023-08-01 05:00:00', '2023-11-04 13:30:24', NULL),
	(4793, 1067965857, 'Keren Sofia Parra Narvaez', 'Auxiliar de enfermeria', 'Deshabilitado', 'Piso 4', '', '2023-08-01 05:00:00', '2023-11-03 16:50:54', NULL),
	(4794, 1062681214, 'YAJANDRA  HERNANDEZ AVILEZ', 'AUXILIAR DE ENFERMERIA', 'Asistencial', 'URGENCIAS', 'URGENCIAS', '2023-08-01 05:00:00', '2023-11-04 13:30:25', NULL),
	(4825, 1067938933, 'Fredys Perez Martinez', 'Auxiliar de enfermeria', 'Deshabilitado', 'Piso 1', '', '2023-08-01 05:00:00', '2023-08-01 05:00:00', NULL),
	(4831, 1067905984, 'BRENDA LUCA CARDONA SERRANO', 'COORDINADOR DE CONSULTA EXTERNA', 'Administrativo asistencial', 'CONSULTA EXTERNA ', 'CONSULTA EXTERNA                        ', '2023-08-01 05:00:00', '2023-11-04 13:30:24', NULL),
	(4832, 1140853533, 'DANIELA  DE LEON PACHECO', 'MEDICO GENERAL', 'Asistencial', 'URGENCIAS', 'URGENCIAS', '2023-08-01 05:00:00', '2023-11-04 13:30:24', NULL),
	(4834, 26008564, 'DIANDRA MARIA CONSUELO TORRALVO GUERRERO', 'ENFERMERO (A) JEFE', 'Asistencial', 'URGENCIAS', 'URGENCIAS', '2023-08-01 05:00:00', '2023-11-04 13:30:24', NULL),
	(4858, 1003435708, 'MARIA ROSA PEREZ PEREA', 'ENFERMERO (A) JEFE', 'Asistencial', 'URGENCIAS', 'URGENCIAS', '2023-08-01 05:00:00', '2023-11-04 13:30:25', NULL),
	(4859, 1003434101, 'KATERINE  POLO MARQUEZ', 'AUXILIAR DE ENFERMERIA', 'Asistencial', 'URGENCIAS', 'URGENCIAS', '2023-08-01 05:00:00', '2023-11-04 13:30:24', NULL),
	(4860, 1067958843, 'MARIA CAMILA REYES HOYOS', 'MEDICO GENERAL', 'Asistencial', 'URGENCIAS', 'URGENCIAS', '2023-08-01 05:00:00', '2023-11-04 13:30:24', NULL),
	(4864, 1063647464, 'Meredith Fuentes Magallanes', 'Jefe de enfermeria', 'Deshabilitado', 'Piso 1', '', '2023-08-01 05:00:00', '2023-08-01 05:00:00', NULL),
	(4867, 1064978218, 'DAVID DE JESUS GARI BUSTOS', 'MEDICO GENERAL', 'Deshabilitado', 'URGENCIAS', 'URGENCIAS', '2023-08-01 05:00:00', '2023-11-24 14:45:40', NULL),
	(4868, 1003045159, 'ANDREA LUCIA RAMIREZ CHAVARRIA', 'AUXILIAR DE FACTURACION', 'Administrativo asistencial', 'ADMINISTRACION', 'ADMISION Y FACTURACION', '2023-08-01 05:00:00', '2023-11-04 13:30:23', NULL),
	(4869, 50926269, 'MILENA INES PEREZ MARTINEZ', 'AUXILIAR DE FACTURACION', 'Administrativo asistencial', 'ADMINISTRACION', 'ADMISION Y FACTURACION', '2023-08-01 05:00:00', '2023-11-04 13:30:25', NULL),
	(4871, 1003564149, 'MARIA JOSE HERNANDEZ RAMOS', 'AUXILIAR DE ENFERMERIA', 'Asistencial', 'HOSPITALIZACION', 'HOSPITALIZACION PISO 10     ', '2023-08-01 05:00:00', '2023-11-04 13:30:25', NULL),
	(4872, 1067898401, 'MARIA ALEJANDRA CARRILLO VARGAS', 'AUXILIAR DE ENFERMERIA', 'Asistencial', 'HOSPITALIZACION', 'HOSPITALIZACION PISO 11    ', '2023-08-01 05:00:00', '2023-11-04 13:30:24', NULL),
	(4873, 1067945844, 'DIANA PATRICIA ZULUAGA RODRIGUEZ', 'MEDICO GENERAL', 'Asistencial', 'HOSPITALIZACION', 'HOSPITALIZACION PISO 11    ', '2023-08-01 05:00:00', '2023-11-04 13:30:24', NULL),
	(4874, 1067968499, 'ELELIA  MARTINEZ CAUSIL', 'AUXILIAR DE ENFERMERIA', 'Asistencial', 'HOSPITALIZACION', 'HOSPITALIZACION PISO 11    ', '2023-08-01 05:00:00', '2023-11-04 13:30:24', NULL),
	(4875, 50954551, 'ANA BERTHA PASTRANA BELEO', 'Auxiliar de enfermeria', 'Deshabilitado', 'Piso 11', '', '2023-08-01 05:00:00', '2023-08-01 16:35:51', NULL),
	(4876, 1067881031, 'STEPHY JOHANA PATERNINA OVIEDO', 'ENFERMERO (A) JEFE', 'Deshabilitado', 'HOSPITALIZACION', 'HOSPITALIZACION PISO 9                  ', '2023-08-01 05:00:00', '2023-11-24 14:45:47', NULL),
	(4877, 1064317829, 'MARIA VICTORIA FALCO RUIZ', 'AUXILIAR DE ENFERMERIA', 'Asistencial', 'HOSPITALIZACION', 'HOSPITALIZACION PISO 11    ', '2023-08-01 05:00:00', '2023-11-04 13:30:25', NULL),
	(4878, 1003048398, 'YERIS PAOLA CASILLA PINTO', 'AUXILIAR DE ENFERMERIA', 'Asistencial', 'HOSPITALIZACION', 'HOSPITALIZACION PISO 9                  ', '2023-08-01 05:00:00', '2023-11-04 13:30:25', NULL),
	(4879, 1233339975, 'LAURA VANESSA LECLERC HERNANDEZ', 'Medico General', 'Deshabilitado', 'Piso 10', '', '2023-08-01 05:00:00', '2023-08-01 16:35:51', NULL),
	(4880, 1007675959, 'NORELIS MARIA GUTIERREZ SOLERA', 'Auxiliar de enfermeria', 'Deshabilitado', 'Piso 10', '', '2023-08-01 05:00:00', '2023-11-03 16:50:57', NULL),
	(4881, 1007781252, 'YURLENIS DEL PILAR GONZALEZ GONZALEZ', 'AUXILIAR DE ENFERMERIA', 'Asistencial', 'HOSPITALIZACION', 'HOSPITALIZACION PISO 9                  ', '2023-08-01 05:00:00', '2023-11-04 13:30:25', NULL),
	(4882, 1067929262, 'LUISA FERNANDA ALVAREZ AVILA', 'ENFERMERO (A) JEFE', 'Asistencial', 'HOSPITALIZACION', 'HOSPITALIZACION PISO 10     ', '2023-08-01 05:00:00', '2023-11-04 13:30:24', NULL),
	(4883, 1068809037, 'KAREN MILENA SALOM URUETA', 'MEDICO GENERAL', 'Asistencial', 'HOSPITALIZACION', 'HOSPITALIZACION PISO 11    ', '2023-08-01 05:00:00', '2023-11-04 13:30:24', NULL),
	(4884, 1067912058, 'JULIETH PAOLA POLO HERNANDEZ', 'AUXILIAR DE ENFERMERIA', 'Asistencial', 'HOSPITALIZACION', 'HOSPITALIZACION PISO 7                  ', '2023-08-01 05:00:00', '2023-11-04 13:30:24', NULL),
	(4885, 1064311295, 'ALEXANDER  BANDA SANCHEZ', 'AUXILIAR DE ENFERMERIA', 'Asistencial', 'HOSPITALIZACION', 'HOSPITALIZACION PISO 7                  ', '2023-08-01 05:00:00', '2023-11-04 13:29:32', NULL),
	(4886, 1067966346, 'KEINY ANDREA FLOREZ PEREZ', 'MEDICO GENERAL', 'Asistencial', 'HOSPITALIZACION', 'HOSPITALIZACION PISO 7                  ', '2023-08-01 05:00:00', '2023-11-04 13:30:24', NULL),
	(4887, 1067851875, 'YACIRA YANETH CONDE MEDRANO', 'Auxiliar de enfermeria', 'Deshabilitado', 'Piso 9', '', '2023-08-01 05:00:00', '2023-11-03 16:50:59', NULL),
	(4888, 1067953889, 'MARIA JOSE ARRIETA CANTERO', 'AUXILIAR DE ENFERMERIA', 'Asistencial', 'AYUDAS DIAGNOSTICAS', 'ECOCARDIOGRAMA                          ', '2023-08-01 05:00:00', '2023-11-04 13:30:25', NULL),
	(4889, 1068582006, 'CARMEN CECILIA HOYOS HERNANDEZ', 'AUXILIAR DE ENFERMERIA', 'Asistencial', 'CIRUGIA', 'CENTRAL DE ESTERILIZACION', '2023-08-01 05:00:00', '2023-11-04 13:30:24', NULL),
	(4890, 1067864443, 'LUIS FERNANDO ESPITIA GUZMAN', 'AUXILIAR DE ENFERMERIA', 'Asistencial', 'CIRUGIA', 'CENTRAL DE ESTERILIZACION', '2023-08-01 05:00:00', '2023-11-04 13:30:24', NULL),
	(4891, 70525596, 'RAMON ANTONIO BENITEZ MORA', 'AUXILIAR DE ENFERMERIA', 'Asistencial', 'CIRUGIA', 'CENTRAL DE ESTERILIZACION', '2023-08-01 05:00:00', '2023-11-04 13:30:25', NULL),
	(4892, 1067928207, 'YEISON DUVAN ARGUMEDO RUIZ', 'AUXILIAR DE ENFERMERIA', 'Asistencial', 'UCI', 'UCI PISO 6                              ', '2023-08-01 05:00:00', '2023-11-04 13:30:25', NULL),
	(4893, 1067962707, 'CANDY DE JESUS GARCIA SEPULVEDA', 'AUXILIAR DE ENFERMERIA', 'Asistencial', 'UCI', 'UCI PISO 6                              ', '2023-08-01 05:00:00', '2023-11-04 13:30:24', NULL),
	(4894, 1067849815, 'LINA MARCELA ZABALA POLO', 'AUXILIAR DE ENFERMERIA', 'Asistencial', 'UCI', 'UCI PISO 6                              ', '2023-08-01 05:00:00', '2023-11-04 13:30:24', NULL),
	(4895, 1065003416, 'FRANKLIN GESSIF PONCE SOLANO', 'ENFERMERO (A) JEFE', 'Asistencial', 'UCI', 'UCI PISO 6                              ', '2023-08-01 05:00:00', '2023-11-04 13:30:24', NULL),
	(4896, 1071356005, 'ADRIANA PATRICIA ARIZA DIAZ', 'ENFERMERO (A) JEFE', 'Asistencial', 'UCI', 'UCI PISO 6                              ', '2023-08-01 05:00:00', '2023-11-04 13:29:32', NULL),
	(4897, 1067943142, 'MILEIDIS SOFIA BARON ALVAREZ', 'ENFERMERO (A) JEFE', 'Asistencial', 'UCI', 'UCI PISO 6                              ', '2023-08-01 05:00:00', '2023-11-04 13:30:25', NULL),
	(4898, 25785425, 'MONICA MARCELA MILANES MERCADO', 'AUXILIAR DE ENFERMERIA', 'Asistencial', 'HOSPITALIZACION', 'HOSPITALIZACION PISO 7                  ', '2023-08-01 05:00:00', '2023-11-04 13:30:25', NULL),
	(4899, 1045724637, 'MADELEYNE  ESCOBAR BETIN', 'FISIOTERAPEUTA', 'Asistencial', 'UCI', 'UCI PISO 6                              ', '2023-08-01 05:00:00', '2023-11-04 13:30:24', NULL),
	(4900, 1003193249, 'YESICA PAOLA AGAMEZ PEA', 'AUXILIAR DE ENFERMERIA', 'Asistencial', 'UCI', 'UCI PISO 6                              ', '2023-08-01 05:00:00', '2023-11-04 13:30:25', NULL),
	(4901, 1067944339, 'WENDY YULIETH MERCADO MERCADO', 'AUXILIAR DE ENFERMERIA', 'Asistencial', 'UCI', 'UCI PISO 6                              ', '2023-08-01 05:00:00', '2023-11-04 13:30:25', NULL),
	(4902, 1068582520, 'LEYDA SOFIA IBARRA GOMEZ', 'COORDINADOR UCI', 'Administrativo asistencial', 'UCI', 'UCI PISO 5                              ', '2023-08-01 05:00:00', '2023-11-04 13:30:24', NULL),
	(4903, 30665895, 'ANGELICA MARIA JULIO ALVAREZ', 'ENFERMERO (A) JEFE', 'Asistencial', 'UCI', 'UCI PISO 6                              ', '2023-08-01 05:00:00', '2023-11-04 13:30:23', NULL),
	(4904, 1064983736, 'LUDYS INES PEREZ MARTINEZ', 'AUXILIAR DE ENFERMERIA', 'Asistencial', 'HOSPITALIZACION', 'HOSPITALIZACION PISO 7                  ', '2023-08-01 05:00:00', '2023-11-04 13:30:24', NULL),
	(4905, 1067859653, 'BERTHA ISABEL DIAZ FABRA', 'AUXILIAR DE ENFERMERIA', 'Asistencial', 'UCI', 'UCI PISO 5                              ', '2023-08-01 05:00:00', '2023-11-04 13:30:24', NULL),
	(4906, 25785903, 'LINA MARCELA NEGRETE MEDINA', 'FISIOTERAPEUTA', 'Asistencial', 'UCI', 'UCI PISO 5                              ', '2023-08-01 05:00:00', '2023-11-04 13:30:24', NULL),
	(4907, 1003395742, 'NIDIA ESTHER MURILLO PEREZ', 'AUXILIAR DE ENFERMERIA', 'Asistencial', 'HOSPITALIZACION', 'HOSPITALIZACION PISO 8                  ', '2023-08-01 05:00:00', '2023-11-04 13:30:25', NULL),
	(4908, 1067845542, 'YULIS PAOLA PEATA GERMAN', 'AUXILIAR DE ENFERMERIA', 'Asistencial', 'UCI', 'UCI PISO 5                              ', '2023-08-01 05:00:00', '2023-11-04 13:30:25', NULL),
	(4909, 1067919710, 'TONY MANUEL RUBIO ALVAREZ', 'AUXILIAR CLINICO', 'Asistencial', 'URGENCIAS', 'URGENCIAS', '2023-08-01 05:00:00', '2023-11-04 13:30:25', NULL),
	(4910, 1068821202, 'DALLANA CRISTINA REYES MONTALVO', 'FISIOTERAPEUTA', 'Asistencial', 'UCI', 'UCI PISO 5                              ', '2023-08-01 05:00:00', '2023-11-04 13:30:24', NULL),
	(4911, 1071354585, 'ALVARO JAVIER YANES LOPEZ', 'AUXILIAR DE ENFERMERIA', 'Asistencial', 'UCI', 'UCI PISO 5                              ', '2023-08-01 05:00:00', '2023-11-04 13:30:23', NULL),
	(4912, 1067936218, 'JEYNY PAOLA JARAMILLO RODRIGUEZ', 'AUXILIAR DE ENFERMERIA', 'Asistencial', 'UCI', 'UCI PISO 5                              ', '2023-08-01 05:00:00', '2023-11-04 13:30:24', NULL),
	(4913, 1067877376, 'ALEX JAVIER PRADO RIVERO', 'AUXILIAR DE ENFERMERIA', 'Asistencial', 'UCI', 'UCI PISO 5                              ', '2023-08-01 05:00:00', '2023-11-04 13:29:32', NULL),
	(4914, 1003430447, 'VIVIAN  VITOLA VARGAS', 'Auxiliar de enfermeria', 'Deshabilitado', 'Piso 5', '', '2023-08-01 05:00:00', '2023-11-03 16:50:58', NULL),
	(4915, 1067291453, 'TANIA ELENA HERRERA FERNANDEZ', 'ENFERMERO (A) JEFE', 'Asistencial', 'UCI', 'UCI PISO 5                              ', '2023-08-01 05:00:00', '2023-11-04 13:30:25', NULL),
	(4916, 50936824, 'DIANA LUCIA MARTINEZ MIRANDA', 'AUXILIAR DE ENFERMERIA', 'Asistencial', 'HOSPITALIZACION', 'HOSPITALIZACION PISO 9                  ', '2023-08-01 05:00:00', '2023-11-04 13:30:24', NULL),
	(4917, 1071354714, 'LINA MARIA TIRADO PEREZ', 'AUXILIAR DE ENFERMERIA', 'Asistencial', 'HOSPITALIZACION', 'HOSPITALIZACION PISO 10     ', '2023-08-01 05:00:00', '2023-11-04 13:30:24', NULL),
	(4918, 30578679, 'NINI YOJANA SUAREZ FLOREZ', 'AUXILIAR DE ENFERMERIA', 'Asistencial', 'HOSPITALIZACION', 'HOSPITALIZACION PISO 7                  ', '2023-08-01 05:00:00', '2023-11-04 13:30:25', NULL),
	(4919, 1067944916, 'RUBIANA  GOMEZ MUOZ', 'FISIOTERAPEUTA', 'Asistencial', 'UCI', 'UCI PISO 5                              ', '2023-08-01 05:00:00', '2023-11-04 13:30:25', NULL),
	(4920, 1003192065, 'ERIKA MARCELA ORTIZ AYALA', 'AUXILIAR DE ADMISIONES', 'Otros', 'ADMINISTRACION', 'ADMISION Y FACTURACION', '2023-08-01 05:00:00', '2023-11-04 13:30:24', NULL),
	(4921, 1003646213, 'MARIA INES CRUZ OSORIO', 'AUXILIAR DE ADMISIONES', 'Otros', 'ADMINISTRACION', 'ADMISION Y FACTURACION', '2023-08-01 05:00:00', '2023-11-04 13:30:24', NULL),
	(4922, 25801732, 'VANESSA CECILIA FARAH QUIROZ', 'AUXILIAR DE ADMISIONES', 'Otros', 'ADMINISTRACION', 'ADMISION Y FACTURACION', '2023-08-01 05:00:00', '2023-11-04 13:30:25', NULL),
	(4923, 1003719911, 'MARIA BELEN DURANGO DURANGO', 'AUXILIAR DE ADMISIONES', 'Otros', 'ADMINISTRACION', 'ADMISION Y FACTURACION', '2023-08-01 05:00:00', '2023-11-04 13:30:24', NULL),
	(4924, 1003403406, 'MARCELA MARIA MOVILLA MORELO', 'AUXILIAR DE ADMISIONES', 'Otros', 'ADMINISTRACION', 'ADMISION Y FACTURACION', '2023-08-01 05:00:00', '2023-11-04 13:30:24', NULL),
	(4925, 1007821761, 'NATALIA  GOMEZ SANCHEZ', 'AUXILIAR ADMINISTRATIVO GENERAL', 'Administrativo', 'ADMINISTRACION', 'FINANZAS', '2023-08-01 05:00:00', '2023-11-24 14:45:38', NULL),
	(4926, 1003435351, 'DINA MELISA HERNANDEZ CARE', 'Transcriptora', 'Deshabilitado', 'Piso 2', '', '2023-08-01 05:00:00', '2023-11-03 16:50:52', NULL),
	(4927, 1067877798, 'JAVIER DAVID BERROCAL AYALA', 'ORIENTADOR', 'Otros', 'ADMINISTRACION', 'MANTENIMIENTO (INFRAESTRUCTURA)   ', '2023-08-01 05:00:00', '2023-11-24 14:45:37', NULL),
	(4928, 1003092758, 'LILIANA ROSA TORDECILLA ESTRELLA', 'TRANSCRIPTORA', 'Administrativo asistencial', 'AYUDAS DIAGNOSTICAS', 'ECOGRAFIA                               ', '2023-08-01 05:00:00', '2023-11-04 13:30:24', NULL),
	(4929, 1062957544, 'KELLY YOJANA GUTIERREZ LEZAMA', 'TRANSCRIPTORA', 'Administrativo asistencial', 'AYUDAS DIAGNOSTICAS', 'MAMOGRAFIAS                             ', '2023-08-01 05:00:00', '2023-11-04 13:30:24', NULL),
	(4930, 1067954565, 'JOHAN ANDRES AVILA CARDENAS', 'AUXILIAR DE FARMACIA', 'Asistencial', 'ADMINISTRACION', 'FARMACIA                                ', '2023-08-01 05:00:00', '2023-11-04 13:30:24', NULL),
	(4931, 25970925, 'EVA LUZ PEREZ CONDE', 'REGENTE DE FARMACIA', 'Asistencial', 'ADMINISTRACION', 'FARMACIA                                ', '2023-08-01 05:00:00', '2023-11-04 13:30:24', NULL),
	(4932, 1067855641, 'LORENA LUZ LOZANO PETRO', 'AUXILIAR DE FARMACIA', 'Asistencial', 'ADMINISTRACION', 'FARMACIA                                ', '2023-08-01 05:00:00', '2023-11-04 13:30:24', NULL),
	(4933, 1003058710, 'MAYERLIN DEL CARMEN PERDOMO CAMPO', 'AUXILIAR DE FARMACIA', 'Asistencial', 'ADMINISTRACION', 'FARMACIA                                ', '2023-08-01 05:00:00', '2023-11-04 13:30:25', NULL),
	(4934, 1067840018, 'YANILES DEL CARMEN TORRES SEGURA', 'REGENTE DE FARMACIA', 'Asistencial', 'ADMINISTRACION', 'FARMACIA                                ', '2023-08-01 05:00:00', '2023-11-04 13:30:25', NULL),
	(4935, 50907433, 'ADELA MARIA OLASCOAGAS HOYOS', 'REGENTE DE FARMACIA', 'Asistencial', 'ADMINISTRACION', 'FARMACIA                                ', '2023-08-01 05:00:00', '2023-11-04 13:29:32', NULL),
	(4936, 1067931222, 'ERIK DAVID MORALES MOLINA', 'AUXILIAR DE FARMACIA', 'Asistencial', 'ADMINISTRACION', 'FARMACIA                                ', '2023-08-01 05:00:00', '2023-11-04 13:30:24', NULL),
	(4937, 1003050115, 'YERLIS YOHANA BALLESTEROS GONZALEZ', 'AUXILIAR DE FARMACIA', 'Asistencial', 'ADMINISTRACION', 'FARMACIA                                ', '2023-08-01 05:00:00', '2023-11-04 13:30:25', NULL),
	(4938, 1070818900, 'SANDRA MARCELA JULIO RIOS', 'Auxiliar de admisiones', 'Deshabilitado', 'Piso 3', '', '2023-08-01 05:00:00', '2023-08-01 16:35:51', NULL),
	(4939, 1067907370, 'JOSE BERNARDO CARO VERGARA', 'AUXILIAR DE ADMISIONES', 'Otros', 'ADMINISTRACION', 'ADMISION Y FACTURACION', '2023-08-01 05:00:00', '2023-11-04 13:30:24', NULL),
	(4940, 1003401251, 'STEFANIA  BARRERA CONTRERAS', 'AUXILIAR DE ENFERMERIA', 'Asistencial', 'CIRUGIA', 'CIRUGIA          ', '2023-08-01 05:00:00', '2023-11-04 13:30:25', NULL),
	(4941, 1002998973, 'MARIA ISABEL VELASQUEZ VILLALOBOS', 'ENFERMERO (A) JEFE', 'Asistencial', 'CIRUGIA', 'CIRUGIA          ', '2023-08-01 05:00:00', '2023-11-04 13:30:24', NULL),
	(4942, 1192713482, 'MARA FERNANDA ROMERO LPEZ', 'ENFERMERO (A) JEFE', 'Asistencial', 'CIRUGIA', 'CIRUGIA          ', '2023-08-01 05:00:00', '2023-11-04 13:30:24', NULL),
	(4943, 50918280, 'SAIRA MILENA ORTEGA RODRIGUEZ', 'INSTRUMENTADOR QUIRURGICO', 'Asistencial', 'CIRUGIA', 'CIRUGIA          ', '2023-08-01 05:00:00', '2023-11-04 13:30:25', NULL),
	(4944, 32938406, 'KELLY JOHANA LOPEZ SALCEDO', 'MEDICO GENERAL', 'Asistencial', 'CIRUGIA', 'CIRUGIA          ', '2023-08-01 05:00:00', '2023-11-04 13:30:24', NULL),
	(4945, 64581692, 'LILIANA PATRICIA MERLANO BOHORQUEZ', 'INSTRUMENTADOR QUIRURGICO', 'Asistencial', 'CIRUGIA', 'CIRUGIA          ', '2023-08-01 05:00:00', '2023-11-04 13:30:24', NULL),
	(4946, 1070817911, 'JULIETH PAOLA RAMIREZ OSORIO', 'MEDICO GENERAL', 'Asistencial', 'CIRUGIA', 'CIRUGIA          ', '2023-08-01 05:00:00', '2023-11-04 13:30:24', NULL),
	(4947, 1003398516, 'SHAYLIN MARCETH REVUELTAS BENITEZ', 'AUXILIAR DE ENFERMERIA', 'Asistencial', 'CIRUGIA', 'CIRUGIA          ', '2023-08-01 05:00:00', '2023-11-04 13:30:25', NULL),
	(4948, 1003192692, 'KAREN KATRINA GUZMAN DIAZ', 'AUXILIAR DE ENFERMERIA', 'Asistencial', 'CIRUGIA', 'CIRUGIA          ', '2023-08-01 05:00:00', '2023-11-04 13:30:24', NULL),
	(4949, 50905715, 'ALBA NIDIA WILCHES MERCADO', 'INSTRUMENTADOR QUIRURGICO', 'Asistencial', 'CIRUGIA', 'CIRUGIA          ', '2023-08-01 05:00:00', '2023-11-04 13:29:32', NULL),
	(4950, 25876966, 'LUZ ALBA ARROYO MONTALVO', 'AUXILIAR DE ENFERMERIA', 'Asistencial', 'CIRUGIA', 'CIRUGIA          ', '2023-08-01 05:00:00', '2023-11-04 13:30:24', NULL),
	(4951, 1067918372, 'ANDREA NATHALIA SEGURA HOYOS', 'AUXILIAR DE ENFERMERIA', 'Asistencial', 'CIRUGIA', 'CIRUGIA          ', '2023-08-01 05:00:00', '2023-11-04 13:30:23', NULL),
	(4952, 1067854247, 'YURLEY PATRICIA CAUSIL FUENTES', 'AUXILIAR DE ENFERMERIA', 'Asistencial', 'CIRUGIA', 'HEMODINAMIA                             ', '2023-08-01 05:00:00', '2023-11-04 13:30:25', NULL),
	(4953, 1067920680, 'MARIA MONICA MONTALVO MARTINEZ', 'AUXILIAR DE ENFERMERIA', 'Asistencial', 'CIRUGIA', 'CIRUGIA          ', '2023-08-01 05:00:00', '2023-11-04 13:30:25', NULL),
	(4954, 50938016, 'MONICA GERLEY HERNANDEZ MARTINEZ', 'Coordinadora de cirugia', 'Deshabilitado', 'Piso 3', '', '2023-08-01 05:00:00', '2023-11-03 16:50:57', NULL),
	(4955, 25878493, 'ANA CAROLINA ALMANZA BARILLA', 'MEDICO GENERAL', 'Asistencial', 'CIRUGIA', 'CIRUGIA          ', '2023-08-01 05:00:00', '2023-11-04 13:30:23', NULL),
	(4956, 1067858100, 'LUIS CAMILO CAMARGO ARRIETA', 'AUXILIAR DE ENFERMERIA', 'Asistencial', 'CIRUGIA', 'CIRUGIA          ', '2023-08-01 05:00:00', '2023-11-04 13:30:24', NULL),
	(4957, 1067944636, 'ANDRES FELIPE CORREA VILLADIEGO', 'MEDICO GENERAL', 'Asistencial', 'CIRUGIA', 'CIRUGIA          ', '2023-08-01 05:00:00', '2023-11-04 13:30:23', NULL),
	(4958, 1001401857, 'ADRIANA MARCELA MARTELO DIAZ', 'INSTRUMENTADOR QUIRURGICO', 'Asistencial', 'CIRUGIA', 'CIRUGIA          ', '2023-08-01 05:00:00', '2023-11-04 13:29:32', NULL),
	(4959, 1067931249, 'GERALDIN ELIZABETH CHIMA OGAZA', 'AUXILIAR DE ENFERMERIA', 'Asistencial', 'UCI', 'PISO 8 UCI INTERMEDIO', '2023-08-01 05:00:00', '2023-11-04 13:30:24', NULL),
	(4960, 1148438004, 'KATERINE  CALLE RAMOS', 'AUXILIAR DE ENFERMERIA', 'Asistencial', 'UCI', 'PISO 8 UCI INTERMEDIO', '2023-08-01 05:00:00', '2023-11-04 13:30:24', NULL),
	(4961, 50996416, 'YINA PAOLA RAMOS CALLE', 'FISIOTERAPEUTA', 'Asistencial', 'UCI', 'PISO 8 UCI INTERMEDIO', '2023-08-01 05:00:00', '2023-11-04 13:30:25', NULL),
	(4962, 1067952419, 'JOSEFINA  MARTINEZ GONZALEZ', 'Auxiliar de enfermeria', 'Deshabilitado', 'Piso 8', '', '2023-08-01 05:00:00', '2023-11-03 16:50:53', NULL),
	(4963, 1067872643, 'KARINA DEL CARMEN GOMEZ RUIZ', 'ENFERMERO (A) JEFE', 'Asistencial', 'HOSPITALIZACION', 'HOSPITALIZACION PISO 9                  ', '2023-08-01 05:00:00', '2023-11-04 13:30:24', NULL),
	(4964, 1067875292, 'YULI YULIER OSPINO AGUILAR', 'ENFERMERO (A) JEFE', 'Asistencial', 'UCI', 'PISO 8 UCI INTERMEDIO', '2023-08-01 05:00:00', '2023-11-04 13:30:25', NULL),
	(4965, 1003717989, 'ROXANA MARIA RAMOS GUERRA', 'Auxiliar de enfermeria', 'Deshabilitado', 'Piso 8', '', '2023-08-01 05:00:00', '2023-08-01 16:35:51', NULL),
	(4966, 1064985319, 'ANA CRISTINA PEREZ GAMERO', 'FISIOTERAPEUTA', 'Asistencial', 'HOSPITALIZACION', 'HOSPITALIZACION PISO 7                  ', '2023-08-01 05:00:00', '2023-11-04 13:30:23', NULL),
	(4967, 25800328, 'NELLY CECILIA LPEZ GUZMN', 'AUXILIAR DE ENFERMERIA', 'Asistencial', 'UCI', 'UCI PISO 5                              ', '2023-08-01 05:00:00', '2023-11-04 13:30:25', NULL),
	(4968, 1063171518, 'ALAINA SAHORIS SUAREZ BARBOZA', 'Jefe de enfermeria', 'Deshabilitado', 'Piso 8', '', '2023-08-01 05:00:00', '2023-08-01 16:35:51', NULL),
	(4969, 1064996086, 'ESTELLA MARIA CANTERO LOPEZ', 'AUXILIAR DE ENFERMERIA', 'Asistencial', 'UCI', 'UCI PISO 6                              ', '2023-08-01 05:00:00', '2023-11-04 13:30:24', NULL),
	(4970, 1067958721, 'YOLISETH  SANCHEZ ALARCON', 'AUXILIAR DE ENFERMERIA', 'Asistencial', 'UCI', 'PISO 8 UCI INTERMEDIO', '2023-08-01 05:00:00', '2023-11-04 13:30:25', NULL),
	(4971, 1067965907, 'LUIS GUILLERMO HERNNDEZ OCHOA', 'Medico General', 'Deshabilitado', 'Piso 8', '', '2023-08-01 05:00:00', '2023-08-01 16:35:51', NULL),
	(4972, 1102879269, 'MARIA GABRIELA MENDOZA GONZALEZ', 'MEDICO GENERAL', 'Asistencial', 'HOSPITALIZACION', 'HOSPITALIZACION PISO 9                  ', '2023-08-01 05:00:00', '2023-11-04 13:30:24', NULL),
	(4973, 1067915182, 'GERALDIN  VERTEL RODRIGUEZ', 'AUXILIAR DE ENFERMERIA', 'Asistencial', 'HOSPITALIZACION', 'HOSPITALIZACION PISO 9                  ', '2023-08-01 05:00:00', '2023-11-04 13:30:24', NULL),
	(4974, 1067966896, 'MARIA FERNANDA BERRIO HOYOS', 'Auxiliar de enfermeria', 'Deshabilitado', 'Piso 8', '', '2023-08-01 05:00:00', '2023-11-03 16:50:56', NULL),
	(4975, 1068416382, 'MAROLID PAOLA PACHECO CASTRO', 'AUXILIAR DE ENFERMERIA', 'Asistencial', 'HOSPITALIZACION', 'HOSPITALIZACION PISO 9                  ', '2023-08-01 05:00:00', '2023-11-04 13:30:25', NULL),
	(4976, 1062425633, 'RODRIGO JUNIOR PADILLA SANCHEZ', 'AUXILIAR DE ENFERMERIA', 'Asistencial', 'HOSPITALIZACION', 'HOSPITALIZACION PISO 10     ', '2023-08-01 05:00:00', '2023-11-04 13:30:25', NULL),
	(4977, 1067951564, 'MARY ELEN HUMANEZ PATERNINA', 'ENFERMERO (A) JEFE', 'Asistencial', 'HOSPITALIZACION', 'HOSPITALIZACION PISO 11    ', '2023-08-01 05:00:00', '2023-11-04 13:30:25', NULL),
	(4978, 1007397989, 'ANGYE PAOLA GAVIRIA VERTEL', 'ENFERMERO (A) JEFE', 'Deshabilitado', 'HOSPITALIZACION', 'HOSPITALIZACION PISO 11    ', '2023-08-01 05:00:00', '2023-11-24 14:45:39', NULL),
	(4979, 1067969858, 'ANA MARCELA GARAY CARMONA', 'Auxiliar de enfermeria', 'Deshabilitado', 'Piso 11', '', '2023-08-01 05:00:00', '2023-11-03 16:50:50', NULL),
	(4980, 1068657031, 'YULIETH PATRICIA FLOREZ MACEA', 'Auxiliar de enfermeria', 'Deshabilitado', 'Piso 11', '', '2023-08-01 05:00:00', '2023-11-03 16:50:59', NULL),
	(4981, 1064987175, 'ANA LUCIA GONZALEZ MORALES', 'AUXILIAR DE ENFERMERIA', 'Asistencial', 'HOSPITALIZACION', 'HOSPITALIZACION PISO 11    ', '2023-08-01 05:00:00', '2023-11-04 13:30:23', NULL),
	(4982, 1065002191, 'MARGARITA ROSA PETRO NEGRETE', 'AUXILIAR DE ENFERMERIA', 'Asistencial', 'HOSPITALIZACION', 'HOSPITALIZACION PISO 11    ', '2023-08-01 05:00:00', '2023-11-04 13:30:24', NULL),
	(4983, 1003431718, 'YISETH PAOLA GALARCIO PASTRANA', 'TRANSCRIPTORA', 'Administrativo asistencial', 'AYUDAS DIAGNOSTICAS', 'ECOCARDIOGRAMA                          ', '2023-08-01 05:00:00', '2023-11-04 13:30:25', NULL),
	(4984, 1233346201, 'SHIRLY PATRICIA BARRETO VELASQUEZ', 'TRANSCRIPTORA', 'Administrativo asistencial', 'AYUDAS DIAGNOSTICAS', 'ECOGRAFIA                               ', '2023-08-01 05:00:00', '2023-11-04 13:30:25', NULL),
	(4985, 1067865283, 'LUISA MARCELA GONZALEZ ESPITIA', 'AUXILIAR DE ENFERMERIA', 'Asistencial', 'AYUDAS DIAGNOSTICAS', 'ECOGRAFIA                               ', '2023-08-01 05:00:00', '2023-11-04 13:30:24', NULL),
	(4986, 10783944, 'FRANCISCO JAVIER GUTIERREZ MIRANDA', 'AUXILIAR CLINICO', 'Asistencial', 'HOSPITALIZACION', 'HOSPITALIZACION PISO 7                  ', '2023-08-01 05:00:00', '2023-11-04 13:30:24', NULL),
	(4987, 50933758, 'JANNETH NATALIA JIMENEZ RESTREPO', 'TECNICO EN IMGENES DIAGNOSTICA ', 'Pendiente', 'AYUDAS DIAGNOSTICAS', 'ECOGRAFIA                               ', '2023-08-01 05:00:00', '2023-11-03 16:45:47', NULL),
	(4988, 1073998615, 'MERADIS  SALDARRIAGA LOPEZ', 'TECNOLOGO DE IMAGENES DIAGNOSTICAS', 'Asistencial', 'AYUDAS DIAGNOSTICAS', 'ECOGRAFIA                               ', '2023-08-01 05:00:00', '2023-11-04 13:30:25', NULL),
	(4989, 1037636440, 'KAREN PAOLA PEREIRA REVUELTAS', 'AUXILIAR DE PROGRAMACIN QUIRURGICA', 'Otros', 'AYUDAS DIAGNOSTICAS', 'ADMISION Y FACTURACION', '2023-08-01 05:00:00', '2023-11-24 14:45:37', NULL),
	(4990, 1063160448, 'LORAINE PAOLA MONSALVE MELENDEZ', 'ENFERMERO (A) JEFE', 'Asistencial', 'HOSPITALIZACION', 'HOSPITALIZACION PISO 9                  ', '2023-08-01 05:00:00', '2023-11-04 13:30:24', NULL),
	(4991, 50904702, 'GUDIELA  OSPINO URUETA', 'AUXILIAR DE ENFERMERIA', 'Asistencial', 'HOSPITALIZACION', 'HOSPITALIZACION PISO 7                  ', '2023-08-01 05:00:00', '2023-11-04 13:30:24', NULL),
	(4992, 50956607, 'MURIEL DE JESUS BALLESTEROS VALDELAMAR', 'AUXILIAR DE ENFERMERIA', 'Asistencial', 'HOSPITALIZACION', 'HOSPITALIZACION PISO 9                  ', '2023-08-01 05:00:00', '2023-11-04 13:30:25', NULL),
	(4993, 1067956773, 'INDIS JOHANA MONTALVO SOLANO', 'AUXILIAR DE ENFERMERIA', 'Asistencial', 'HOSPITALIZACION', 'HOSPITALIZACION PISO 8                  ', '2023-08-01 05:00:00', '2023-11-04 13:30:24', NULL),
	(4994, 1065011224, 'ESMERALDA  BARRERA MERCADO', 'ENFERMERO (A) JEFE', 'Asistencial', 'HOSPITALIZACION', 'HOSPITALIZACION PISO 10     ', '2023-08-01 05:00:00', '2023-11-04 13:30:24', NULL),
	(4995, 50937071, 'SUNILDA MARIA GARCIA ARGUMEDO', 'AUXILIAR DE ENFERMERIA', 'Asistencial', 'HOSPITALIZACION', 'HOSPITALIZACION PISO 9                  ', '2023-08-01 05:00:00', '2023-11-04 13:30:25', NULL),
	(4996, 1003059166, 'MARA ALEJANDRA NISPERUZA MEDRANO', 'Fisioterapeuta', 'Deshabilitado', 'Piso 10', '', '2023-08-01 05:00:00', '2023-11-03 16:50:55', NULL),
	(4997, 1005566443, 'YESITH  SUAREZ ARRIETA', 'Jefe de enfermeria', 'Deshabilitado', 'Piso 10', '', '2023-08-01 05:00:00', '2023-11-03 16:50:59', NULL),
	(4998, 1003047228, 'LUZ ADRIANA RAMOS RODRIGUEZ', 'AUXILIAR DE ENFERMERIA', 'Asistencial', 'HOSPITALIZACION', 'HOSPITALIZACION PISO 11    ', '2023-08-01 05:00:00', '2023-11-04 13:30:24', NULL),
	(4999, 1069478306, 'LEIDYS DEL CARMEN CASTILLO ORTIZ', 'ENFERMERO (A) JEFE', 'Asistencial', 'UCI', 'PISO 8 UCI INTERMEDIO', '2023-08-01 05:00:00', '2023-11-04 13:30:24', NULL),
	(5000, 26163521, 'SANDRA MILENA TORRES JIMENEZ', 'AUXILIAR DE ENFERMERIA', 'Deshabilitado', 'HOSPITALIZACION', 'HOSPITALIZACION PISO 8                  ', '2023-08-01 05:00:00', '2023-11-24 14:45:47', NULL),
	(5001, 1063077321, 'ORLANDO JESS MERCADO GUZMN', 'ENFERMERO (A) JEFE', 'Asistencial', 'HOSPITALIZACION', 'HOSPITALIZACION PISO 9                  ', '2023-08-01 05:00:00', '2023-11-04 13:30:25', NULL),
	(5002, 1067912528, 'KELLY JOHANNA MOGROVEJO RAMOS', 'AUXILIAR DE ENFERMERIA', 'Asistencial', 'UCI', 'PISO 8 UCI INTERMEDIO', '2023-08-01 05:00:00', '2023-11-04 13:30:24', NULL),
	(5003, 1062426518, 'KATHERINE PAOLA RESTREPO RAMOS', 'Auxiliar de enfermeria', 'Deshabilitado', 'Piso 8', '', '2023-08-01 05:00:00', '2023-08-01 16:35:51', NULL),
	(5004, 1003035054, 'FERNANDO MIGUEL CABALLERO BORJAS', 'AUXILIAR DE ENFERMERIA', 'Asistencial', 'UCI', 'PISO 8 UCI INTERMEDIO', '2023-08-01 05:00:00', '2023-11-04 13:30:24', NULL),
	(5005, 25786488, 'ERIKA PAOLA BARRERA PACHECO', 'AUXILIAR DE ENFERMERIA', 'Asistencial', 'UCI', 'PISO 8 UCI INTERMEDIO', '2023-08-01 05:00:00', '2023-11-04 13:30:24', NULL),
	(5006, 1053005937, 'DAIRO JOS ROMERO MARTINEZ', 'MEDICO GENERAL', 'Asistencial', 'UCI', 'PISO 8 UCI INTERMEDIO', '2023-08-01 05:00:00', '2023-11-04 13:30:24', NULL),
	(5007, 1148946476, 'JULISSA  ORTEGA MONTERROZA', 'FISIOTERAPEUTA', 'Asistencial', 'UCI', 'PISO 8 UCI INTERMEDIO', '2023-08-01 05:00:00', '2023-11-04 13:30:24', NULL),
	(5008, 1003045641, 'MARTHA CECILIA MENDOZA JULIO', 'Jefe de enfermeria', 'Deshabilitado', 'Piso 8', '', '2023-08-01 05:00:00', '2023-08-01 16:35:51', NULL),
	(5009, 25773276, 'KELYN HADDY GONZALEZ CONTRERAS', 'FISIOTERAPEUTA', 'Asistencial', 'UCI', 'UCI PISO 5                              ', '2023-08-01 05:00:00', '2023-11-04 13:30:24', NULL),
	(5010, 1071352136, 'MARISOL  PACHECO GONZALEZ', 'AUXILIAR DE ENFERMERIA', 'Asistencial', 'HOSPITALIZACION', 'HOSPITALIZACION PISO 10     ', '2023-08-01 05:00:00', '2023-11-04 13:30:25', NULL),
	(5011, 1067865056, 'MARCELA  NOBLE GONZALEZ', 'AUXILIAR DE ENFERMERIA', 'Asistencial', 'UCI', 'PISO 8 UCI INTERMEDIO', '2023-08-01 05:00:00', '2023-11-04 13:30:24', NULL),
	(5012, 50935027, 'DIANA JOKABETH RAMOS CONDE', 'AUXILIAR DE ENFERMERIA', 'Asistencial', 'UCI', 'UCI PISO 5                              ', '2023-08-01 05:00:00', '2023-11-04 13:30:24', NULL),
	(5013, 1067943741, 'DAYANA  HOYOS MEDRANO', 'AUXILIAR DE ENFERMERIA', 'Asistencial', 'UCI', 'UCI PISO 6                              ', '2023-08-01 05:00:00', '2023-11-04 13:30:24', NULL),
	(5014, 1071350985, 'SANDRA PATRICIA PLAZA GONZALEZ', 'AUXILIAR DE ENFERMERIA', 'Asistencial', 'UCI', 'UCI PISO 5                              ', '2023-08-01 05:00:00', '2023-11-04 13:30:25', NULL),
	(5015, 1073829611, 'KATERINE  DURANGO MONTES', 'Auxiliar de enfermeria', 'Deshabilitado', 'Piso 6', '', '2023-08-01 05:00:00', '2023-08-01 05:00:00', NULL),
	(5016, 1007595098, 'MARIA ALEJANDRA ALVAREZ HOYOS', 'AUXILIAR DE ENFERMERIA', 'Deshabilitado', 'UCI', 'UCI PISO 6                              ', '2023-08-01 05:00:00', '2023-11-24 14:45:44', NULL),
	(5017, 1003737713, 'ANA GABRIELA POLO PINEDA', 'AUXILIAR DE ENFERMERIA', 'Asistencial', 'UCI', 'UCI PISO 6                              ', '2023-08-01 05:00:00', '2023-11-04 13:30:23', NULL),
	(5018, 1067894771, 'SHIRLEY  ANGEL GARCES', 'AUXILIAR ADMINISTRATIVO GENERAL', 'Administrativo', 'AYUDAS DIAGNOSTICAS', 'MAMOGRAFIAS                             ', '2023-08-01 05:00:00', '2023-11-24 14:45:38', NULL),
	(5019, 10772894, 'EIDER ANTONIO NEGRETTE VILLADIEGO', 'AUXILIAR CLINICO', 'Asistencial', 'HOSPITALIZACION', 'HOSPITALIZACION PISO 7                  ', '2023-08-01 05:00:00', '2023-11-04 13:30:24', NULL),
	(5020, 1067951254, 'MARTIN ALONSO ALTAMIRANDA GUZMAN', 'TECNICO EN IMGENES DIAGNOSTICA ', 'Pendiente', 'AYUDAS DIAGNOSTICAS', 'RESONANCIA                              ', '2023-08-01 05:00:00', '2023-11-03 16:45:48', NULL),
	(5021, 1067950344, 'LAURA VANESA ALVAREZ VILLEGAS', 'FISIOTERAPEUTA', 'Asistencial', 'UCI', 'PISO 8 UCI INTERMEDIO', '2023-08-01 05:00:00', '2023-11-04 13:30:24', NULL),
	(5022, 1067938409, 'EDY LUZ CARDONA SUAREZ', 'FISIOTERAPEUTA', 'Asistencial', 'UCI', 'UCI PISO 5                              ', '2023-08-01 05:00:00', '2023-11-04 13:30:24', NULL),
	(5023, 1067899765, 'KATERIN  BRAVO ARQUEZ', 'FISIOTERAPEUTA', 'Asistencial', 'UCI', 'UCI PISO 5                              ', '2023-08-01 05:00:00', '2023-11-04 13:30:24', NULL),
	(5024, 25876141, 'ARNOLiS DE JESUS MESTRA TEHERN', 'FISIOTERAPEUTA', 'Asistencial', 'UCI', 'UCI PISO 5                              ', '2023-08-01 05:00:00', '2023-11-04 13:30:23', NULL),
	(5025, 1063298394, 'MARIANGEL  OLIVERA DE LA OSSA', 'FISIOTERAPEUTA', 'Asistencial', 'UCI', 'UCI PISO 6                              ', '2023-08-01 05:00:00', '2023-11-04 13:30:25', NULL),
	(5026, 1067912754, 'DAURELIS ESTHER TRUJILLO GONZALEZ', 'FISIOTERAPEUTA', 'Asistencial', 'HOSPITALIZACION', 'HOSPITALIZACION PISO 7                  ', '2023-08-01 05:00:00', '2023-11-04 13:30:24', NULL),
	(5027, 1071356311, 'WENDY SANDRITH REGINO GOMEZ', 'AUXILIAR DE ENFERMERIA', 'Asistencial', 'HOSPITALIZACION', 'HOSPITALIZACION PISO 8                  ', '2023-08-01 05:00:00', '2023-11-04 13:30:25', NULL),
	(5028, 1028018516, 'MARIA CAMILA JARAMILLO PINO', 'ENFERMERO (A) JEFE', 'Asistencial', 'HOSPITALIZACION', 'HOSPITALIZACION PISO 8                  ', '2023-08-01 05:00:00', '2023-11-04 13:30:24', NULL),
	(5029, 1233341003, 'KARINA PATRICIA ACOSTA JARABA', 'AUXILIAR DE ENFERMERIA', 'Asistencial', 'HOSPITALIZACION', 'HOSPITALIZACION PISO 7                  ', '2023-08-01 05:00:00', '2023-11-04 13:30:24', NULL),
	(5030, 1067961025, 'ANGI VERUZKA DE LA HOZ HOYOS', 'AUXILIAR DE ENFERMERIA', 'Asistencial', 'HOSPITALIZACION', 'HOSPITALIZACION PISO 7                  ', '2023-08-01 05:00:00', '2023-11-04 13:30:23', NULL),
	(5031, 1007980575, 'MARIA JOSE BLANCO RUIZ', 'Lider de enfermeria hospitalizacion', 'Deshabilitado', 'Piso 9', '', '2023-08-01 05:00:00', '2023-11-03 16:50:56', NULL),
	(5032, 33227585, 'ANDREA MARGARITA ORTEGA DE AVILA', 'Auxiliar de enfermeria', 'Deshabilitado', 'Piso 11', '', '2023-08-01 05:00:00', '2023-11-03 16:50:50', NULL),
	(5033, 1067890546, 'NILZA PATRICIA CASTRO PEREZ', 'AUXILIAR DE ENFERMERIA', 'Asistencial', 'HOSPITALIZACION', 'HOSPITALIZACION PISO 10     ', '2023-08-01 05:00:00', '2023-11-04 13:30:25', NULL),
	(5034, 1067907478, 'MARIA VICTORIA HERNANDEZ MARTINEZ', 'ENFERMERO (A) JEFE', 'Asistencial', 'HOSPITALIZACION', 'HOSPITALIZACION PISO 7                  ', '2023-08-01 05:00:00', '2023-11-04 13:30:25', NULL),
	(5035, 1063722067, 'LUZ DARY ESCOBAR MUOZ', 'AUXILIAR DE ENFERMERIA', 'Asistencial', 'HOSPITALIZACION', 'HOSPITALIZACION PISO 8                  ', '2023-08-01 05:00:00', '2023-11-04 13:30:24', NULL),
	(5036, 1003721657, 'DANIELA PATRICIA GUZMAN AYALA', 'AUXILIAR DE ENFERMERIA', 'Asistencial', 'HOSPITALIZACION', 'HOSPITALIZACION PISO 10     ', '2023-08-01 05:00:00', '2023-11-04 13:30:24', NULL),
	(5037, 1007396093, 'ANA MARIA SAEZ MERCADO', 'Jefe de enfermeria', 'Deshabilitado', 'Piso 8', '', '2023-08-01 05:00:00', '2023-08-01 16:35:51', NULL),
	(5038, 1067933397, 'LUZAIRA  COGOLLO LOPEZ', 'AUXILIAR DE ENFERMERIA', 'Asistencial', 'UCI', 'PISO 8 UCI INTERMEDIO', '2023-08-01 05:00:00', '2023-11-04 13:30:24', NULL),
	(5039, 1067953468, 'CAMILA  BETANCUR ARRIETA', 'MEDICO GENERAL', 'Asistencial', 'UCI', 'PISO 8 UCI INTERMEDIO', '2023-08-01 05:00:00', '2023-11-04 13:30:24', NULL),
	(5040, 1068667823, 'YERALDIN  MORENO VERGARA', 'AUXILIAR DE ENFERMERIA', 'Asistencial', 'UCI', 'PISO 8 UCI INTERMEDIO', '2023-08-01 05:00:00', '2023-11-04 13:30:25', NULL),
	(5041, 1027957398, 'CINDY MARCELA CARMONA ORTEGA', 'AUXILIAR DE ENFERMERIA', 'Asistencial', 'UCI', 'PISO 8 UCI INTERMEDIO', '2023-08-01 05:00:00', '2023-11-04 13:30:24', NULL),
	(5042, 1065000285, 'MARIA DEL CARMEN PEATEZ MARTINEZ', 'AUXILIAR DE ENFERMERIA', 'Asistencial', 'HOSPITALIZACION', 'HOSPITALIZACION PISO 7                  ', '2023-08-01 05:00:00', '2023-11-04 13:30:24', NULL),
	(5043, 1067898446, 'KEIDIS MIRLEYS VELASQUEZ OCHOA', 'AUXILIAR DE ENFERMERIA', 'Asistencial', 'UCI', 'PISO 8 UCI INTERMEDIO', '2023-08-01 05:00:00', '2023-11-04 13:30:24', NULL),
	(5044, 1067929359, 'LAURA ISABEL MASS LPEZ', 'AUXILIAR DE ENFERMERIA', 'Asistencial', 'HOSPITALIZACION', 'HOSPITALIZACION PISO 11    ', '2023-08-01 05:00:00', '2023-11-04 13:30:24', NULL),
	(5045, 1067899051, 'DENSIS YARLEIDIS MARTINEZ SANCHEZ', 'FISIOTERAPEUTA', 'Asistencial', 'UCI', 'PISO 8 UCI INTERMEDIO', '2023-08-01 05:00:00', '2023-11-04 13:30:24', NULL),
	(5046, 1003407808, 'JORGE SEGUNDO ARIAS ROMERO', 'AUXILIAR DE ENFERMERIA', 'Asistencial', 'CIRUGIA', 'CIRUGIA          ', '2023-08-01 05:00:00', '2023-11-04 13:30:24', NULL),
	(5047, 1067958315, 'PAULA MARGARITA LUGO CANO', 'AUXILIAR DE FARMACIA', 'Asistencial', 'ADMINISTRACION', 'FARMACIA                                ', '2023-08-01 05:00:00', '2023-11-04 13:30:25', NULL),
	(5048, 1007792213, 'DANIELA DEL CRISTO HERRERA VELASQUEZ', 'ENFERMERO (A) JEFE', 'Asistencial', 'UCI', 'UCI PISO 5                              ', '2023-08-01 05:00:00', '2023-11-04 13:30:24', NULL),
	(5049, 1072529792, 'YULIANYS  COGOLLO BURGOS', 'ENFERMERO (A) JEFE', 'Asistencial', 'URGENCIAS', 'URGENCIAS', '2023-08-01 05:00:00', '2023-11-04 13:30:25', NULL),
	(5050, 1007849337, 'ANDREA CAROLINA SERRANO PINEDA', 'ENFERMERO (A) JEFE', 'Asistencial', 'URGENCIAS', 'URGENCIAS', '2023-08-01 05:00:00', '2023-11-04 13:30:23', NULL),
	(5051, 50967198, 'ODETH TATIANA RAMIREZ RHENALS', 'AUXILIAR DE ENFERMERIA', 'Asistencial', 'CIRUGIA', 'CIRUGIA          ', '2023-06-30 22:15:25', '2023-11-04 13:30:25', NULL),
	(5052, 1005683702, 'JEAN CARLOS CUADRADO PEREZ', 'AUXILIAR DE SERVICIOS GENERALES', 'Otros', 'ADMINISTRACION', 'ASEO            ', '2023-07-01 13:49:00', '2023-11-04 13:30:24', NULL),
	(5053, 1065012087, 'KAREN LORENA NISPERUZA ARGUELLO', 'AUXILIAR DE SERVICIOS GENERALES', 'Otros', 'ADMINISTRACION', 'ASEO            ', '2023-07-01 13:52:43', '2023-11-04 13:30:24', NULL),
	(5054, 1067883126, 'JULIETH SAYLET FORTICHE LENES', 'AUXILIAR DE SERVICIOS GENERALES', 'Otros', 'ADMINISTRACION', 'ASEO            ', '2023-07-01 13:54:28', '2023-11-04 13:30:24', NULL),
	(5055, 1067884649, 'LORAINE PAMELA SANCHEZ PATERNINA', 'AUXILIAR DE SERVICIOS GENERALES', 'Otros', 'ADMINISTRACION', 'ASEO            ', '2023-07-01 13:56:12', '2023-11-04 13:30:24', NULL),
	(5056, 1067866764, 'EDER LUIS ENAMORADO RODRIGUEZ', 'AUXILIAR DE SERVICIOS GENERALES', 'Otros', 'ADMINISTRACION', 'ASEO            ', '2023-07-01 13:58:02', '2023-11-04 13:30:24', NULL),
	(5057, 50923838, 'ENITH DEL CARMEN NUEZ MALVACEA', 'AUXILIAR DE SERVICIOS GENERALES', 'Otros', 'ADMINISTRACION', 'ASEO            ', '2023-07-01 13:59:48', '2023-11-04 13:30:24', NULL),
	(5058, 1069489241, 'OLGA PATRICIA MACEA PADILLA', 'AUXILIAR DE SERVICIOS GENERALES', 'Otros', 'ADMINISTRACION', 'ASEO            ', '2023-07-01 14:01:44', '2023-11-04 13:30:25', NULL),
	(5059, 50916451, 'MARY NELVI SUAREZ VARILLA', 'AUXILIAR DE SERVICIOS GENERALES', 'Otros', 'ADMINISTRACION', 'ASEO            ', '2023-07-01 14:03:14', '2023-11-04 13:30:25', NULL),
	(5060, 92446012, 'GERMIS  CAPACHERO BERRIO', 'AUXILIAR DE SERVICIOS GENERALES', 'Otros', 'ADMINISTRACION', 'ASEO            ', '2023-07-01 14:05:24', '2023-11-04 13:30:24', NULL),
	(5061, 50902929, 'LUZ ELENA GRANADOS POLO', 'AUXILIAR DE SERVICIOS GENERALES', 'Otros', 'ADMINISTRACION', 'ASEO            ', '2023-07-01 14:07:31', '2023-11-04 13:30:24', NULL),
	(5062, 50936750, 'SANDRA  GARCIA JIMENEZ', 'AUXILIAR DE SERVICIOS GENERALES', 'Otros', 'ADMINISTRACION', 'ASEO            ', '2023-07-01 14:09:11', '2023-11-04 13:30:25', NULL),
	(5063, 1067888452, 'DORIS MARA ANAYA BURGOS', 'AUXILIAR DE SERVICIOS GENERALES', 'Otros', 'ADMINISTRACION', 'ASEO            ', '2023-07-01 14:11:15', '2023-11-04 13:30:24', NULL),
	(5064, 1003399621, 'CAMILO ANDRES VEGA CARDENAS', 'AUXILIAR DE SERVICIOS GENERALES', 'Otros', 'ADMINISTRACION', 'ASEO            ', '2023-07-01 14:12:50', '2023-11-04 13:30:24', NULL),
	(5065, 1067851410, 'LINA MARIA HERNANDEZ CARE', 'AUXILIAR DE SERVICIOS GENERALES', 'Otros', 'ADMINISTRACION', 'ASEO            ', '2023-07-01 14:16:17', '2023-11-04 13:30:24', NULL),
	(5066, 1067865422, 'BELEN JULIETH RODRIGUEZ PAYARES', 'AUXILIAR DE SERVICIOS GENERALES', 'Otros', 'ADMINISTRACION', 'ASEO            ', '2023-07-01 14:18:17', '2023-11-04 13:30:23', NULL),
	(5067, 50909599, 'ELIKA PATRICIA BANQUETT BUELVAS', 'AUXILIAR DE SERVICIOS GENERALES', 'Otros', 'ADMINISTRACION', 'ASEO            ', '2023-07-01 14:20:41', '2023-11-04 13:30:24', NULL),
	(5068, 35117814, 'NELSY SOFIA DIAZ SIMANCA', 'AUXILIAR DE SERVICIOS GENERALES', 'Otros', 'ADMINISTRACION', 'ASEO            ', '2023-07-01 14:23:28', '2023-11-04 13:30:25', NULL),
	(5069, 50932042, 'BIVIANA MARIA MENDEZ VARGAS', 'AUXILIAR DE SERVICIOS GENERALES', 'Otros', 'ADMINISTRACION', 'ASEO            ', '2023-07-01 14:25:24', '2023-11-04 13:30:24', NULL),
	(5070, 43742075, 'CADIZ SUSANA PEREZ ', 'AUXILIAR DE SERVICIOS GENERALES', 'Otros', 'ADMINISTRACION', 'ASEO            ', '2023-07-01 14:27:12', '2023-11-04 13:30:24', NULL),
	(5072, 1065012357, 'ALMA LORAINE CALAO ALEGRIA', 'AUXILIAR DE FARMACIA', 'Asistencial', 'ADMINISTRACION', 'FARMACIA                                ', '2023-07-04 20:14:36', '2023-11-04 13:30:23', NULL),
	(5073, 1067953100, 'ANGELA MARIA PEA AVILA', 'AUXILIAR DE FARMACIA', 'Asistencial', 'ADMINISTRACION', 'FARMACIA                                ', '2023-07-04 20:18:26', '2023-11-04 13:30:23', NULL),
	(5074, 1067930490, 'JUANA IRIS TRIBIO FUENTES', 'AUXILIAR DE ENFERMERIA', 'Asistencial', 'CIRUGIA', 'CIRUGIA          ', '2023-07-04 20:25:55', '2023-11-04 13:30:24', NULL),
	(5075, 1102883079, 'ANDREA MARCELA BATISTA RANGEL', 'INSTRUMENTADOR QUIRURGICO', 'Asistencial', 'CIRUGIA', 'CIRUGIA          ', '2023-07-04 20:34:53', '2023-11-04 13:30:23', NULL),
	(5076, 1067915838, 'ANDREA CAROLINA GONZALEZ GARCIA', 'MEDICO GENERAL', 'Asistencial', 'HOSPITALIZACION', 'HOSPITALIZACION PISO 9                  ', '2023-07-04 20:49:11', '2023-11-04 13:30:23', NULL),
	(5077, 1068585554, 'JOHANA MARCELA OSORIO ROQUEME', 'AUXILIAR DE ENFERMERIA', 'Asistencial', 'HOSPITALIZACION', 'HOSPITALIZACION PISO 7                  ', '2023-07-04 20:57:59', '2023-11-04 13:30:24', NULL),
	(5078, 1003188013, 'JANINI DEL CARMEN PEREIRA REVUELTAS', 'ENFERMERO (A) JEFE', 'Asistencial', 'HOSPITALIZACION', 'HOSPITALIZACION PISO 8                  ', '2023-07-04 21:08:25', '2023-11-04 13:30:24', NULL),
	(5079, 1062957549, 'MARIA ISABEL PIA BERRIO', 'AUXILIAR DE ENFERMERIA', 'Asistencial', 'HOSPITALIZACION', 'HOSPITALIZACION PISO 7                  ', '2023-07-04 21:10:14', '2023-11-04 13:30:24', NULL),
	(5080, 1102875002, 'JHOLANY PAOLA OLIVA SEQUEDA', 'MEDICO GENERAL', 'Asistencial', 'HOSPITALIZACION', 'HOSPITALIZACION PISO 9                  ', '2023-07-04 21:12:21', '2023-11-04 13:30:24', NULL),
	(5081, 1104429840, 'JULISSA INES MEDINA HOYOS', 'Medico General', 'Deshabilitado', 'Piso 1', '', '2023-07-04 21:15:04', '2023-08-01 16:35:51', NULL),
	(5082, 1063178159, 'LAURA TATIANA BUENDIA VIGA', 'ENFERMERO (A) JEFE', 'Asistencial', 'HOSPITALIZACION', 'HOSPITALIZACION PISO 8                  ', '2023-07-04 21:24:51', '2023-11-04 13:30:24', NULL),
	(5083, 1067941854, 'YERMITH ADRIANA CORONADO CARDENAS', 'AUXILIAR DE ENFERMERIA', 'Asistencial', 'HOSPITALIZACION', 'HOSPITALIZACION PISO 8                  ', '2023-07-04 21:27:04', '2023-11-04 13:30:25', NULL),
	(5084, 1067851920, 'NERLY YULIETH MASS TERAN', 'AUXILIAR DE ENFERMERIA', 'Asistencial', 'UCI', 'UCI PISO 5                              ', '2023-07-04 21:28:10', '2023-11-04 13:30:25', NULL),
	(5085, 1067897009, 'ELIANA PATRICIA MORA FLOREZ', 'AUXILIAR DE ENFERMERIA', 'Asistencial', 'UCI', 'UCI PISO 6                              ', '2023-07-04 21:30:20', '2023-11-04 13:30:24', NULL),
	(5086, 1050429558, 'BLEIDIS  AGAMEZ MONTESINO', 'FISIOTERAPEUTA', 'Asistencial', 'UCI', 'UCI PISO 5                              ', '2023-07-04 21:31:52', '2023-11-04 13:30:24', NULL),
	(5087, 1003450627, 'TATIANA  MANJARRES MORALES', 'AUXILIAR DE ENFERMERIA', 'Asistencial', 'UCI', 'UCI PISO 5                              ', '2023-07-04 21:33:06', '2023-11-04 13:30:25', NULL),
	(5088, 1068577453, 'ANDREA CAROLINA ARSERIA SIBAJA', 'AUXILIAR DE ENFERMERIA', 'Asistencial', 'HOSPITALIZACION', 'HOSPITALIZACION PISO 7                  ', '2023-07-04 21:34:46', '2023-11-04 13:30:23', NULL),
	(5089, 1063154797, 'YARLEDIS  PACHECO NAVARRO', 'ENFERMERO (A) JEFE', 'Asistencial', 'HOSPITALIZACION', 'HOSPITALIZACION PISO 10     ', '2023-07-04 21:41:23', '2023-11-04 13:30:25', NULL),
	(5090, 1067940775, 'BEATRIZ DEL CARMEN NOVOA CORONADO', 'Auxiliar de enfermeria', 'Deshabilitado', 'Piso 7', '', '2023-07-04 21:45:34', '2023-11-03 16:50:50', NULL),
	(5091, 10783732, 'OSCAR GABRIEL MARTINEZ RUA', 'AUXILIAR CLINICO', 'Asistencial', 'HOSPITALIZACION', 'HOSPITALIZACION PISO 7                  ', '2023-07-04 22:01:28', '2023-11-04 13:30:25', NULL),
	(5092, 1003338866, 'BRIANDA ALCIRA DIAZ RODRIGUEZ', 'ENFERMERO (A) JEFE', 'Asistencial', 'UCI', 'UCI PISO 6                              ', '2023-07-05 20:01:44', '2023-11-04 13:30:24', NULL),
	(5093, 1007337519, 'LEIDIS JOHANNA SANCHEZ CAVADIA', 'AUXILIAR DE ENFERMERIA', 'Asistencial', 'UCI', 'UCI PISO 6                              ', '2023-07-05 20:04:00', '2023-11-04 13:30:24', NULL),
	(5094, 1104871274, 'JULIANA PAOLA MONTES GUTIERREZ', 'ENFERMERO (A) JEFE', 'Asistencial', 'UCI', 'UCI PISO 5                              ', '2023-07-05 20:15:47', '2023-11-04 13:30:24', NULL),
	(5095, 1067958264, 'MAYRA ALEJANDRA VELASQUEZ CASARRUBIA', 'AUXILIAR DE ENFERMERIA', 'Asistencial', 'CIRUGIA', 'CENTRAL DE ESTERILIZACION', '2023-07-05 20:23:30', '2023-11-04 13:30:25', NULL),
	(5096, 1100689279, 'RAUL TULIO MARTINEZ BASILIO', 'ENFERMERO (A) JEFE', 'Asistencial', 'HOSPITALIZACION', 'HOSPITALIZACION PISO 7                  ', '2023-07-05 20:39:18', '2023-11-04 13:30:25', NULL),
	(5097, 1003140283, 'LEXIS MARIA MADRID MERCADO', 'AUXILIAR DE ENFERMERIA', 'Asistencial', 'HOSPITALIZACION', 'HOSPITALIZACION PISO 11    ', '2023-07-05 20:46:14', '2023-11-04 13:30:24', NULL),
	(5098, 1067854365, 'JHOANA CECILIA OVIEDO PINEDA', 'AUXILIAR DE ENFERMERIA', 'Asistencial', 'HOSPITALIZACION', 'HOSPITALIZACION PISO 11    ', '2023-07-05 20:49:21', '2023-11-04 13:30:24', NULL),
	(5099, 1143409429, 'JAIME ISAAC SANTAMARIA ROMERO', 'QUIMICO FARMACEUTICO PRODUCCION', 'Pendiente', 'ADMINISTRACION', 'FARMACIA                                ', '2023-07-05 21:07:46', '2023-11-24 14:45:37', NULL),
	(5100, 30600150, 'LUZ MERY RANGEL CASTELLANO', 'AUXILIAR DE ENFERMERIA', 'Asistencial', 'HOSPITALIZACION', 'HOSPITALIZACION PISO 7                  ', '2023-07-05 21:53:15', '2023-11-04 13:30:24', NULL),
	(5101, 1064985691, 'LISSY MARINA GOMEZ PUCHE', 'AUXILIAR DE ENFERMERIA', 'Asistencial', 'HOSPITALIZACION', 'HOSPITALIZACION PISO 9                  ', '2023-08-01 05:00:00', '2023-11-04 13:30:24', NULL),
	(5102, 1192811302, 'ANDRES DAVID SIERRA MOLINA', 'AUXILIAR DE SERVICIOS GENERALES', 'Otros', 'ADMINISTRACION', 'ASEO            ', '2023-08-01 05:00:00', '2023-11-04 13:30:23', NULL),
	(5103, 50938728, 'OQUENIS MARGOTH PACHECO ALEMAN', 'Auxiliar de servicios generales', 'Deshabilitado', 'Piso 7', '', '2023-08-01 05:00:00', '2023-11-03 16:50:57', NULL),
	(5104, 1063651646, 'JUAN DAVID RUIZ MACHADO', 'AUXILIAR DE SERVICIOS GENERALES', 'Otros', 'ADMINISTRACION', 'ASEO            ', '2023-08-01 05:00:00', '2023-11-04 13:30:24', NULL),
	(5105, 1001029457, 'LIZETH KAROLAY MARCELES PACHECO', 'ENFERMERO (A) JEFE', 'Asistencial', 'HOSPITALIZACION', 'HOSPITALIZACION PISO 11    ', '2023-08-01 05:00:00', '2023-11-04 13:30:24', NULL),
	(5106, 50907645, 'MARINELA INES MADRID SANCHEZ', 'AUXILIAR DE ENFERMERIA', 'Asistencial', 'HOSPITALIZACION', 'HOSPITALIZACION PISO 9                  ', '2023-08-01 05:00:00', '2023-11-04 13:30:25', NULL),
	(5107, 1067941388, 'YENIFER  URANGO IZQUIERDO', 'AUXILIAR DE SERVICIOS GENERALES', 'Otros', 'ADMINISTRACION', 'ASEO            ', '2023-08-01 05:00:00', '2023-11-04 13:30:25', NULL),
	(5108, 1067868579, 'YIRA YOLANDA YANES SEGURA', 'AUXILIAR DE ENFERMERIA', 'Asistencial', 'AYUDAS DIAGNOSTICAS', 'RESONANCIA                              ', '2023-08-01 05:00:00', '2023-11-04 13:30:25', NULL),
	(5109, 50933623, 'GRASEYS BENEDETTI RUIZ', 'Auxiliar de enfermeria', 'Deshabilitado', 'Piso 2', '', '2023-08-01 05:00:00', '2023-11-03 16:50:52', NULL),
	(5110, 1233344978, 'NORA CAMILA ESCUDERO GOMEZ', 'TECNOLOGO DE IMAGENES DIAGNOSTICAS', 'Asistencial', 'AYUDAS DIAGNOSTICAS', 'RESONANCIA                              ', '2023-08-01 05:00:00', '2023-11-04 13:30:25', NULL),
	(5111, 1067890439, 'KATIA MILENA ZUIGA FONNEGRA', 'TECNOLOGO DE IMAGENES DIAGNOSTICAS', 'Asistencial', 'AYUDAS DIAGNOSTICAS', 'ECOGRAFIA                               ', '2023-08-01 05:00:00', '2023-11-04 13:30:24', NULL),
	(5112, 1067931292, 'HUMBERTO ANDRES PALACIO MEDINA', 'ORIENTADOR', 'Otros', 'ADMINISTRACION', 'MANTENIMIENTO (INFRAESTRUCTURA)   ', '2023-08-01 05:00:00', '2023-11-24 14:45:37', NULL),
	(5113, 1003002318, 'DANNI DANIELA DUARTE ORTEGA', 'AUXILIAR DE ENFERMERIA', 'Asistencial', 'CIRUGIA', 'CIRUGIA          ', '2023-08-01 05:00:00', '2023-11-04 13:30:24', NULL),
	(5114, 1067871535, 'LINA MARCELA VILLEGAS PEDROZA', 'AUXILIAR DE ENFERMERIA', 'Asistencial', 'CIRUGIA', 'CIRUGIA          ', '2023-08-01 05:00:00', '2023-11-04 13:30:24', NULL),
	(5115, 1068416311, 'JADER  ESPITIA GOMEZ', 'AUXILIAR DE ENFERMERIA', 'Asistencial', 'CIRUGIA', 'CIRUGIA          ', '2023-08-01 05:00:00', '2023-11-04 13:30:24', NULL),
	(5116, 1068818164, 'NATALIA ANDREA DIAZ SANCHEZ', 'AUXILIAR DE ENFERMERIA', 'Asistencial', 'CIRUGIA', 'CIRUGIA          ', '2023-08-01 05:00:00', '2023-11-04 13:30:25', NULL),
	(5117, 1019141020, 'LEIDYS DANIELA ARROYO PALMA', 'ENFERMERO (A) JEFE', 'Asistencial', 'UCI', 'UCI PISO 5                              ', '2023-08-01 05:00:00', '2023-11-04 13:30:24', NULL),
	(5118, 1064315308, 'ALEXANDRA  PEREZ OLIVARES', 'AUXILIAR DE ENFERMERIA', 'Asistencial', 'CIRUGIA', 'CIRUGIA          ', '2023-08-01 05:00:00', '2023-11-04 13:29:32', NULL),
	(5119, 1003092309, 'DENIS PAOLA LVAREZ BOLAO', 'AUXILIAR DE ENFERMERIA', 'Asistencial', 'UCI', 'PISO 8 UCI INTERMEDIO', '2023-08-01 05:00:00', '2023-11-04 13:30:24', NULL),
	(5120, 1064976578, 'SORAYA YANINE ALMANZA PEREIRA', 'AUXILIAR DE ENFERMERIA', 'Asistencial', 'UCI', 'UCI PISO 5                              ', '2023-08-01 05:00:00', '2023-11-04 13:30:25', NULL),
	(5121, 1118811119, 'ESTEFANNI VANESSA MARTINEZ PRADA', 'AUXILIAR DE ENFERMERIA', 'Asistencial', 'HOSPITALIZACION', 'HOSPITALIZACION PISO 8                  ', '2023-08-01 05:00:00', '2023-11-04 13:30:24', NULL),
	(5122, 1003006185, 'CAROLINA  OLIVA POSADA', 'AUXILIAR DE ENFERMERIA', 'Asistencial', 'HOSPITALIZACION', 'HOSPITALIZACION PISO 10     ', '2023-08-01 05:00:00', '2023-11-04 13:30:24', NULL),
	(5123, 1067953107, 'SOLANGGI  MUENTES BEDOYA', 'AUXILIAR DE ENFERMERIA', 'Asistencial', 'UCI', 'UCI PISO 5                              ', '2023-08-01 05:00:00', '2023-11-04 13:30:25', NULL),
	(5124, 1193330503, 'LILIANA  BALLESTEROS BALLESTEROS', 'AUXILIAR DE ENFERMERIA', 'Asistencial', 'UCI', 'UCI PISO 5                              ', '2023-08-01 05:00:00', '2023-11-04 13:30:24', NULL),
	(5125, 1002999567, 'AB DUVAN RODRIGUEZ OSORIO', 'AUXILIAR DE ENFERMERIA', 'Asistencial', 'UCI', 'UCI PISO 5                              ', '2023-08-01 05:00:00', '2023-11-04 13:29:32', NULL),
	(5126, 50986538, 'NOHORA ISABEL QUIONES CARMONA', 'AUXILIAR DE ENFERMERIA', 'Asistencial', 'HOSPITALIZACION', 'HOSPITALIZACION PISO 11    ', '2023-08-01 05:00:00', '2023-11-04 13:30:25', NULL),
	(5127, 1070819627, 'MARIA MONICA MADARIAGA MORELO', 'AUXILIAR DE ENFERMERIA', 'Asistencial', 'UCI', 'UCI PISO 6                              ', '2023-08-01 05:00:00', '2023-11-04 13:30:25', NULL),
	(5128, 1067843177, 'ELIANA  POLO GUERRA', 'AUXILIAR DE ENFERMERIA', 'Asistencial', 'HOSPITALIZACION', 'HOSPITALIZACION PISO 9                  ', '2023-08-01 05:00:00', '2023-11-04 13:30:24', NULL),
	(5129, 1010062730, 'MAIRA ALEJANDRA MIRANDA CABALLERO', 'Auxiliar de enfermeria', 'Deshabilitado', 'Piso 9', '', '2023-08-01 05:00:00', '2023-08-01 16:35:51', NULL),
	(5130, 1065013464, 'MARIA DEL CARMEN PADILLA GONZALEZ', 'AUXILIAR DE ENFERMERIA', 'Asistencial', 'HOSPITALIZACION', 'HOSPITALIZACION PISO 9                  ', '2023-08-01 05:00:00', '2023-11-04 13:30:24', NULL),
	(5131, 1064981583, 'KATERINE DIAZ RAMOS', 'Auxiliar de enfermeria', 'Deshabilitado', 'Piso 9', '', '2023-08-01 05:00:00', '2023-11-03 16:50:54', NULL),
	(5132, 1067895049, 'WENDY JOHANA MEZA FINOL', 'AUXILIAR DE ENFERMERIA', 'Asistencial', 'HOSPITALIZACION', 'HOSPITALIZACION PISO 10     ', '2023-08-01 05:00:00', '2023-11-04 13:30:25', NULL),
	(5133, 1067921353, 'ROSA ANGELA ACOSTA QUINTERO', 'AUXILIAR DE ENFERMERIA', 'Asistencial', 'HOSPITALIZACION', 'HOSPITALIZACION PISO 7                  ', '2023-08-01 05:00:00', '2023-11-04 13:30:25', NULL),
	(5134, 1067860038, 'LEONYS DEL CARMEN NUEZ HERNANDEZ', 'AUXILIAR DE ENFERMERIA', 'Asistencial', 'HOSPITALIZACION', 'HOSPITALIZACION PISO 8                  ', '2023-08-01 05:00:00', '2023-11-04 13:30:24', NULL),
	(5135, 1067848160, 'ANA MILENA BARRERA PEREZ', 'AUXILIAR DE ENFERMERIA', 'Asistencial', 'HOSPITALIZACION', 'HOSPITALIZACION PISO 10     ', '2023-08-01 05:00:00', '2023-11-04 13:30:23', NULL),
	(5136, 1067849884, 'ANGIE JULEY BORJA JIMENEZ', 'AUXILIAR DE ENFERMERIA', 'Asistencial', 'HOSPITALIZACION', 'HOSPITALIZACION PISO 11    ', '2023-08-01 05:00:00', '2023-11-04 13:30:23', NULL),
	(5137, 1064994358, 'EDWIN DARIO GAMERO RAMOS', 'TECNICO EN REFRIGERACIN', 'Otros', 'ADMINISTRACION', 'MANTENIMIENTO (INFRAESTRUCTURA)   ', '2023-08-01 05:00:00', '2023-11-04 13:30:24', NULL),
	(5138, 78077035, 'JOSE ESPIRITU GONZALEZ PAEZ', 'AUXILIAR MANTENIMIENTO E INFRAESTRUCTURA', 'Otros', 'ADMINISTRACION', 'MANTENIMIENTO (INFRAESTRUCTURA)   ', '2023-08-01 05:00:00', '2023-11-04 13:30:24', NULL),
	(5139, 1064978633, 'JUAN CAMILO PEREZ NARVAEZ', 'TECNICO EN REFRIGERACIN', 'Otros', 'ADMINISTRACION', 'MANTENIMIENTO (INFRAESTRUCTURA)   ', '2023-08-01 05:00:00', '2023-11-04 13:30:24', NULL),
	(5140, 1067926390, 'YAN CARLOS GMEZ LARA', 'AUXILIAR MANTENIMIENTO E INFRAESTRUCTURA', 'Otros', 'ADMINISTRACION', 'MANTENIMIENTO (INFRAESTRUCTURA)   ', '2023-08-01 05:00:00', '2023-11-04 13:30:25', NULL),
	(5141, 1064979834, 'JUAN GABRIEL CASTILLO FLOREZ', 'AUXILIAR DE MANTENIMIENTO E INFRAESTRUCTURA - ELECTRICISTA', 'Otros', 'ADMINISTRACION', 'MANTENIMIENTO (INFRAESTRUCTURA)   ', '2023-08-01 05:00:00', '2023-11-04 13:30:24', NULL),
	(5142, 1140864011, 'GUSTAVO ADOLFO DIAZ CERVANTE', 'MEDICO GENERAL', 'Asistencial', 'UCI', 'PISO 8 UCI INTERMEDIO', '2023-08-01 05:00:00', '2023-11-04 13:30:24', NULL),
	(5143, 7379598, 'OSCAR LUIS HOYOS ARTEAGA', 'SUPERVISOR TECNICO EN REFRIGERACION', 'Otros', 'ADMINISTRACION', 'MANTENIMIENTO (INFRAESTRUCTURA)   ', '2023-08-01 05:00:00', '2023-11-04 13:30:25', NULL),
	(5144, 52997468, 'YERLIS  MENDEZ BANDA', 'AUXILIAR DE SERVICIOS GENERALES', 'Otros', 'ADMINISTRACION', 'ASEO            ', '2023-08-01 05:00:00', '2023-11-04 13:30:25', NULL),
	(5145, 1003005535, 'SHARON  ESQUIVEL BEDOYA', 'AUXILIAR DE ENFERMERIA', 'Asistencial', 'HOSPITALIZACION', 'HOSPITALIZACION PISO 10     ', '2023-08-01 05:00:00', '2023-11-04 13:30:25', NULL),
	(5146, 1003003868, 'KAREN LORENA SANCHEZ MARTINEZ', 'AUXILIAR DE ENFERMERIA', 'Asistencial', 'UCI', 'PISO 8 UCI INTERMEDIO', '2023-08-01 05:00:00', '2023-11-04 13:30:24', NULL),
	(5147, 1067962371, 'MAIRA VANESA SERPA PASTOR', 'Fisioterapeuta', 'Deshabilitado', 'Piso 8', '', '2023-07-14 16:23:01', '2023-11-03 16:50:55', NULL),
	(5148, 30668460, 'ANGIE  DUSSAN MORELO', 'ENFERMERO (A) JEFE', 'Asistencial', 'UCI', 'UCI PISO 5                              ', '2023-08-01 05:00:00', '2023-11-04 13:30:23', NULL),
	(5149, 1067925325, 'SAURI BANESA HOYOS MENDOZA', 'ENFERMERO (A) JEFE', 'Asistencial', 'UCI', 'UCI PISO 5                              ', '2023-08-01 05:00:00', '2023-11-04 13:30:25', NULL),
	(5150, 1003721879, 'DINA MARCELA LUNA LOPEZ', 'AUXILIAR DE ENFERMERIA', 'Asistencial', 'CIRUGIA', 'CIRUGIA          ', '2023-08-01 05:00:00', '2023-11-04 13:30:24', NULL),
	(5151, 22803487, 'JANINA SOFIA RODRIGUEZ ALEAN', 'INSTRUMENTADOR QUIRURGICO', 'Asistencial', 'CIRUGIA', 'CIRUGIA          ', '2023-08-01 05:00:00', '2023-11-04 13:30:24', NULL),
	(5152, 1067861410, 'VIRNA CELA MORENO JIMENEZ', 'AUXILIAR DE ENFERMERIA', 'Asistencial', 'CIRUGIA', 'CIRUGIA          ', '2023-08-01 05:00:00', '2023-11-04 13:30:25', NULL),
	(5153, 26201534, 'SANDRA PAOLA PETRO RUIZ', 'INSTRUMENTADOR QUIRURGICO', 'Asistencial', 'CIRUGIA', 'CIRUGIA          ', '2023-08-01 05:00:00', '2023-11-04 13:30:25', NULL),
	(5154, 1002997247, 'JAINER ESTEBAN LOPEZ SANCHEZ', 'AUXILIAR DE ENFERMERIA', 'Asistencial', 'CIRUGIA', 'CIRUGIA          ', '2023-08-01 05:00:00', '2023-11-04 13:30:24', NULL),
	(5155, 1063651570, 'EDUAR JOSE NIETO POLO', 'AUXILIAR DE ADMISIONES', 'Otros', 'ADMINISTRACION', 'ADMISION Y FACTURACION', '2023-08-01 05:00:00', '2023-11-04 13:30:24', NULL),
	(5156, 1052970398, 'HILDA CECILIA ARRIETA SEVERICHE', 'ENFERMERO (A) JEFE', 'Asistencial', 'UCI', 'UCI PISO 5                              ', '2023-08-01 05:00:00', '2023-11-04 13:30:24', NULL),
	(5157, 78748113, 'JESUS MARIANO OCHOA HERRERA', 'AUXILIAR DE ENFERMERIA', 'Asistencial', 'URGENCIAS', 'URGENCIAS', '2023-08-01 05:00:00', '2023-11-04 13:30:24', NULL),
	(5158, 1067927736, 'JOSE FRANCISCO CAVADIA NAVARRO', 'AUXILIAR DE FARMACIA', 'Asistencial', 'ADMINISTRACION', 'FARMACIA                                ', '2023-08-01 05:00:00', '2023-11-04 13:30:24', NULL),
	(5159, 1104868739, 'SANDRA MARCELA TOVAR IRIARTE', 'AUXILIAR DE ENFERMERIA', 'Asistencial', 'UCI', 'UCI PISO 6                              ', '2023-08-01 05:00:00', '2023-11-04 13:30:25', NULL),
	(5160, 1193081086, 'XIOMARA MARIA ARGEL PAEZ', 'AUXILIAR DE ENFERMERIA', 'Asistencial', 'UCI', 'UCI PISO 5                              ', '2023-08-01 05:00:00', '2023-11-04 13:30:25', NULL),
	(5161, 10779552, 'EIVIS  CONTRERAS MIRANDA', 'MEDICO ESPECIALISTA INTERNISTA - INFECTOLOGO', 'Asistencial', 'HOSPITALIZACION', 'HOSPITALIZACION PISO 7                  ', '2023-08-01 05:00:00', '2023-11-24 14:45:37', NULL),
	(5162, 1003699408, 'MIGUEL ANDRES MESTRA SANCHEZ', 'AUXILIAR DE ENFERMERIA', 'Asistencial', 'UCI', 'PISO 8 UCI INTERMEDIO', '2023-08-01 05:00:00', '2023-11-04 13:30:25', NULL),
	(5163, 25785525, 'MILENA PATRICIA IBAEZ PALOMINO', 'AUXILIAR DE ENFERMERIA', 'Asistencial', 'CIRUGIA', 'CIRUGIA          ', '2023-08-01 05:00:00', '2023-11-04 13:30:25', NULL),
	(5164, 1067881958, 'KATIA MILENA PASTRANA SUAREZ', 'AUXILIAR DE ENFERMERIA', 'Asistencial', 'HOSPITALIZACION', 'HOSPITALIZACION PISO 10     ', '2023-08-01 05:00:00', '2023-11-04 13:30:24', NULL),
	(5165, 1067859628, 'ELAINE MARIA RAMOS BARRERA', 'AUXILIAR DE ENFERMERIA', 'Asistencial', 'HOSPITALIZACION', 'HOSPITALIZACION PISO 7                  ', '2023-08-01 05:00:00', '2023-11-04 13:30:24', NULL),
	(5166, 1067870069, 'ALVARO JAVIER URUETA MORINSON', 'Pendiente', 'Deshabilitado', 'Piso 1', '', '2023-08-01 05:00:00', '2023-11-03 16:50:50', NULL),
	(5167, 1003589400, 'LEIDY LUZ PLAZA VERTEL', 'AUXILIAR DE ENFERMERIA', 'Asistencial', 'UCI', 'PISO 8 UCI INTERMEDIO', '2023-08-01 05:00:00', '2023-11-04 13:30:24', NULL),
	(5168, 1067940202, 'BENITA DEL CARMEN CROSS SOLERA', 'AUXILIAR DE ENFERMERIA', 'Asistencial', 'HOSPITALIZACION', 'HOSPITALIZACION PISO 9                  ', '2023-08-01 05:00:00', '2023-11-04 13:30:24', NULL),
	(5169, 1233339543, 'AURADELYS  QUIONES JIMENEZ', 'AUXILIAR DE ENFERMERIA', 'Asistencial', 'AYUDAS DIAGNOSTICAS', 'ECOGRAFIA                               ', '2023-08-01 05:00:00', '2023-11-04 13:30:23', NULL),
	(5170, 1067896224, 'MILENA DEL CARMEN LOPEZ MUOZ', 'Pendiente', 'Deshabilitado', 'Piso 1', '', '2023-08-01 05:00:00', '2023-11-03 16:50:56', NULL),
	(5171, 1067954173, 'THALIA ROSA MORA PADRON', 'ENFERMERO (A) JEFE', 'Asistencial', 'UCI', 'UCI PISO 5                              ', '2023-08-01 05:00:00', '2023-11-04 13:30:25', NULL),
	(5172, 1066734294, 'LUISA FERNADA JALLER ALEMAN', 'AUXILIAR DE ENFERMERIA', 'Asistencial', 'UCI', 'UCI PISO 5                              ', '2023-08-01 05:00:00', '2023-11-04 13:30:24', NULL),
	(5173, 1098774558, 'LAURA ISABEL HERNANDEZ ENAMORADO', 'MEDICO GENERAL', 'Asistencial', 'HOSPITALIZACION', 'HOSPITALIZACION PISO 7                  ', '2023-08-01 05:00:00', '2023-11-04 13:30:24', NULL),
	(5174, 8293372, 'ANTONIO JOSE JALLER DUMAR', 'GERENTE GENERAL', 'Otros', 'ADMINISTRACION', 'ASAMBLEA GENERAL Y JUNTA DIRECTIVA      ', '2023-08-01 05:00:00', '2023-11-04 13:30:23', NULL),
	(5175, 1003430901, 'JENNIFER GERALDINE BRUNO PINEDA', 'Pendiente', 'Deshabilitado', 'Piso 1', '', '2023-08-01 05:00:00', '2023-11-03 16:50:53', NULL),
	(5176, 91486683, 'IVAN ENRIQUE TIRADO LOPEZ', 'TECNOLOGO DE IMAGENES DIAGNOSTICAS', 'Asistencial', 'AYUDAS DIAGNOSTICAS', 'RESONANCIA                              ', '2023-08-01 05:00:00', '2023-11-04 13:30:24', NULL),
	(5177, 50939394, 'MARCELA  GARCIA GONZALEZ', 'DIRECTORA DE GESTION HUMANA', 'Administrativo', 'ADMINISTRACION', 'TALENTO HUMANO                  ', '2023-08-01 05:00:00', '2023-11-04 13:30:24', NULL),
	(5178, 1067846269, 'JOSE ANTONIO RAMOS DUARTE', 'TECNOLOGO DE IMAGENES DIAGNOSTICAS', 'Asistencial', 'AYUDAS DIAGNOSTICAS', 'RESONANCIA                              ', '2023-08-01 05:00:00', '2023-11-04 13:30:24', NULL),
	(5179, 1067870865, 'CAROLINA  RODRIGUEZ VARGAS', 'AUXILIAR DE FARMACIA', 'Asistencial', 'ADMINISTRACION', 'FARMACIA                                ', '2023-08-01 05:00:00', '2023-11-04 13:30:24', NULL),
	(5180, 1003434856, 'TANIA  RUIZ BARON', 'AUXILIAR DE ENFERMERIA', 'Asistencial', 'ADMINISTRACION', 'SEGURIDAD DEL PACIENTE                  ', '2023-08-01 05:00:00', '2023-11-04 13:30:25', NULL),
	(5181, 50932657, 'YERLIS DEL CARMEN CALAO BALLESTEROS', 'AUXILIAR DE ENFERMERIA', 'Asistencial', 'UCI', 'UCI PISO 6                              ', '2023-08-01 05:00:00', '2023-11-04 13:30:25', NULL),
	(5182, 1067847865, 'YINA PAOLA LORA PEREZ', 'AUXILIAR DE ENFERMERIA', 'Asistencial', 'UCI', 'UCI PISO 6                              ', '2023-08-01 05:00:00', '2023-11-04 13:30:25', NULL),
	(5183, 1102806504, 'CINDY PAOLA PEREZ PEREZ', 'Pendiente', 'Deshabilitado', 'Piso 1', '', '2023-08-01 05:00:00', '2023-11-03 16:50:51', NULL),
	(5184, 1067955796, 'LINA MARCELA POSADA TORRES', 'AUXILIAR DE ENFERMERIA', 'Asistencial', 'UCI', 'UCI PISO 6                              ', '2023-08-01 05:00:00', '2023-11-04 13:30:24', NULL),
	(5185, 25800430, 'LORENA ISABEL DIAZ PEREZ', 'FISIOTERAPEUTA', 'Asistencial', 'ADMINISTRACION', 'CONTRATACION                            ', '2023-08-01 05:00:00', '2023-11-04 13:30:24', NULL),
	(5186, 1067838968, 'VIVIANA MARCELA MADERA GUZMAN', 'AUXILIAR DE ENFERMERIA', 'Asistencial', 'HOSPITALIZACION', 'HOSPITALIZACION PISO 11    ', '2023-08-01 05:00:00', '2023-11-04 13:30:25', NULL),
	(5187, 1063079903, 'LAUREANO ALBERTO BELTRAN GOMEZ', 'AUXILIAR DE ENFERMERIA', 'Asistencial', 'UCI', 'UCI PISO 5                              ', '2023-08-01 05:00:00', '2023-11-04 13:30:24', NULL),
	(5188, 1067901397, 'MARCELA PATRICIA GALEANO RUIZ', 'AUXILIAR DE ENFERMERIA', 'Asistencial', 'UCI', 'PISO 8 UCI INTERMEDIO', '2023-08-01 05:00:00', '2023-11-04 13:30:24', NULL),
	(5189, 1073815599, 'YOLY INES PORTILLO REINERO', 'FISIOTERAPEUTA REHABILITADORA CARDIACA', 'Asistencial', 'HOSPITALIZACION', 'HOSPITALIZACION PISO 7                  ', '2023-08-01 05:00:00', '2023-11-04 13:30:25', NULL),
	(5190, 1067931071, 'ANA CAMILA VILLADIEGO DE LA ROSA', 'AUXILIAR DE ENFERMERIA', 'Asistencial', 'UCI', 'UCI PISO 5                              ', '2023-08-01 05:00:00', '2023-11-04 13:30:23', NULL),
	(5191, 1067951024, 'LEISY PAOLA LARA LOPEZ', 'FISIOTERAPEUTA', 'Asistencial', 'UCI', 'UCI PISO 6                              ', '2023-08-01 05:00:00', '2023-11-04 13:30:24', NULL),
	(5192, 1067869764, 'ERIKA MARCELA ALVAREZ JIMENEZ', 'ENFERMERO (A) JEFE', 'Asistencial', 'CIRUGIA', 'CIRUGIA          ', '2023-08-01 05:00:00', '2023-11-04 13:30:24', NULL),
	(5193, 50930610, 'LILIANA PATRICIA DIAZ MEJIA', 'TECNICO EN IMGENES DIAGNOSTICA ', 'Pendiente', 'AYUDAS DIAGNOSTICAS', 'RESONANCIA                              ', '2023-08-01 05:00:00', '2023-11-03 16:45:47', NULL),
	(5194, 1067928740, 'OLGA SUSANA BERROCAL POLO', 'ENFERMERO (A) JEFE', 'Asistencial', 'HOSPITALIZACION', 'HOSPITALIZACION PISO 11    ', '2023-08-01 05:00:00', '2023-11-04 13:30:25', NULL),
	(5195, 1067949111, 'DIANA CAROLINA ANAYA DIAZ', 'AUXILIAR DE ENFERMERIA', 'Asistencial', 'UCI', 'UCI PISO 6                              ', '2023-08-01 05:00:00', '2023-11-04 13:30:24', NULL),
	(5196, 21769419, 'NILZA DUFAY MONTOYA ORTEGA', 'DIRECTORA ADMINISTRATIVA Y FINANCIERA', 'Pendiente', 'ADMINISTRACION', 'FINANZAS', '2023-08-01 05:00:00', '2023-11-24 14:45:38', NULL),
	(5197, 1003401880, 'LUISA FERNANDA HERRERA GONZALEZ', 'AUXILIAR DE ENFERMERIA', 'Asistencial', 'HOSPITALIZACION', 'HOSPITALIZACION PISO 9                  ', '2023-08-01 05:00:00', '2023-11-04 13:30:24', NULL),
	(5198, 52827824, 'MILENA ESTHER POLO SANTAMARIA', 'AUXILIAR DE ENFERMERIA', 'Asistencial', 'UCI', 'PISO 8 UCI INTERMEDIO', '2023-08-01 05:00:00', '2023-11-04 13:30:25', NULL),
	(5199, 1192775067, 'DUBAN ENRIQUE MENDOZA HERNANDEZ', 'AUXILIAR DE ENFERMERIA', 'Asistencial', 'UCI', 'UCI PISO 6                              ', '2023-08-01 05:00:00', '2023-11-04 13:30:24', NULL),
	(5200, 1003045790, 'TATIANA PAOLA RUIZ NAVARRO', 'AUXILIAR DE ENFERMERIA', 'Asistencial', 'UCI', 'UCI PISO 6                              ', '2023-08-01 05:00:00', '2023-11-04 13:30:25', NULL),
	(5201, 1067880069, 'LEIDYS MARCELA DIAZ ZUIGA', 'AUXILIAR DE ENFERMERIA', 'Asistencial', 'CIRUGIA', 'CIRUGIA          ', '2023-08-01 05:00:00', '2023-11-04 13:30:24', NULL),
	(5202, 22144010, 'DAISY LLUJANA MARCIGLIA DE LA ROSA', 'AUXILIAR DE ENFERMERIA', 'Asistencial', 'UCI', 'UCI PISO 5                              ', '2023-08-01 05:00:00', '2023-11-04 13:30:24', NULL),
	(5203, 1063082424, 'MARIA ANGELICA ORTIZ ROMERO', 'FISIOTERAPEUTA', 'Asistencial', 'UCI', 'UCI PISO 6                              ', '2023-08-01 05:00:00', '2023-11-04 13:30:24', NULL),
	(5204, 1073995976, 'YULIETH PAOLA SANDON RUIZ', 'AUXILIAR ADMINISTRATIVO GENERAL', 'Administrativo', 'ADMINISTRACION', 'CONTRATACION                            ', '2023-08-01 05:00:00', '2023-11-24 14:45:38', NULL),
	(5205, 1067928542, 'MARIA CAMILA TORRES ARGEL', 'AUXILIAR DE FARMACIA', 'Asistencial', 'ADMINISTRACION', 'FARMACIA                                ', '2023-08-01 05:00:00', '2023-11-04 13:30:24', NULL),
	(5206, 1067403611, 'SANDRA INES PADILLA CONEO', 'Pendiente', 'Deshabilitado', 'Piso 1', '', '2023-08-01 05:00:00', '2023-11-03 16:50:58', NULL),
	(5207, 9134003, 'FILIBERTO EUGENIO ALANDETE HERRERA', 'MEDICO GENERAL', 'Asistencial', 'ADMINISTRACION', 'CONTRATACION                            ', '2023-08-01 05:00:00', '2023-11-04 13:30:24', NULL),
	(5208, 1067924807, 'JAVIER DE JESUS TRESPALACIO ALVAREZ', 'ENFERMERO (A) JEFE', 'Asistencial', 'UCI', 'UCI PISO 6                              ', '2023-08-01 05:00:00', '2023-11-04 13:30:24', NULL),
	(5209, 1003563594, 'BERCY LILIANA BALLESTEROS NAVARRO', 'AUXILIAR DE ENFERMERIA', 'Asistencial', 'HOSPITALIZACION', 'HOSPITALIZACION PISO 10     ', '2023-08-01 05:00:00', '2023-11-04 13:30:24', NULL),
	(5210, 1073827245, 'KEILA ROSA BRAVO MARTINEZ', 'Pendiente', 'Deshabilitado', 'Piso 1', '', '2023-08-01 05:00:00', '2023-11-03 16:50:54', NULL),
	(5211, 1003716668, 'CARLOS ANDRES SOTO HERNANDEZ', 'FISIOTERAPEUTA', 'Asistencial', 'UCI', 'UCI PISO 5                              ', '2023-08-01 05:00:00', '2023-11-04 13:30:24', NULL),
	(5212, 1067961590, 'MARIA JOSE YANEZ BARBOZA', 'Pendiente', 'Deshabilitado', 'Piso 1', '', '2023-08-01 05:00:00', '2023-08-01 16:35:51', NULL),
	(5213, 1065003509, 'YULIETH DEL CARMEN MASS OSORNO', 'TECNICO EN IMGENES DIAGNOSTICA ', 'Pendiente', 'AYUDAS DIAGNOSTICAS', 'RESONANCIA                              ', '2023-08-01 05:00:00', '2023-11-03 16:45:48', NULL),
	(5214, 1007596244, 'MARIA ALEJANDRA GUERRA MENDOZA', 'Jefe de enfermeria', 'Deshabilitado', 'Piso 8', '', '2023-08-01 05:00:00', '2023-11-03 16:50:55', NULL),
	(5215, 32274014, 'NIDIA ISABEL CORDERO GONZALEZ', 'AUXILIAR DE ENFERMERIA', 'Asistencial', 'UCI', 'PISO 8 UCI INTERMEDIO', '2023-08-01 05:00:00', '2023-11-04 13:30:25', NULL),
	(5216, 1065012338, 'ELIANA  URANGO TABORDA', 'INSTRUMENTADOR QUIRURGICO', 'Asistencial', 'CIRUGIA', 'CIRUGIA          ', '2023-08-01 05:00:00', '2023-11-04 13:30:24', NULL),
	(5217, 1067912236, 'YULIS JULIETH MENDEZ TABORDA', 'AUXILIAR DE ENFERMERIA', 'Asistencial', 'HOSPITALIZACION', 'HOSPITALIZACION PISO 10     ', '2023-08-01 05:00:00', '2023-11-04 13:30:25', NULL),
	(5218, 1108758716, 'DERLYS INES MARTINEZ MERCADO', 'AUXILIAR DE ENFERMERIA', 'Asistencial', 'UCI', 'UCI PISO 5                              ', '2023-08-01 05:00:00', '2023-11-04 13:30:24', NULL),
	(5219, 1003004074, 'LINA MARCELA MONTIEL AVILEZ', 'AUXILIAR DE ADMISIONES', 'Otros', 'ADMINISTRACION', 'ADMISION Y FACTURACION', '2023-08-01 05:00:00', '2023-11-04 13:30:24', NULL),
	(5220, 1063366802, 'LUISA FERNANDA HERNANDEZ URANGO', 'ENFERMERO (A) JEFE', 'Asistencial', 'HOSPITALIZACION', 'HOSPITALIZACION PISO 8                  ', '2023-08-01 05:00:00', '2023-11-04 13:30:24', NULL),
	(5221, 1068588421, 'DANIEL  REDONDO PADILLA', 'AUXILIAR DE ADMISIONES', 'Otros', 'ADMINISTRACION', 'ADMISION Y FACTURACION', '2023-08-01 05:00:00', '2023-11-04 13:30:24', NULL),
	(5222, 1063177342, 'MARIA BELEN HERNANDEZ BURGOS', 'INSTRUMENTADOR QUIRURGICO', 'Asistencial', 'CIRUGIA', 'CIRUGIA          ', '2023-08-01 05:00:00', '2023-11-04 13:30:24', NULL),
	(5223, 1003140022, 'DANIELA SOFIA BENITEZ NEGRETE', 'ENFERMERO (A) JEFE', 'Asistencial', 'UCI', 'UCI PISO 6                              ', '2023-08-01 05:00:00', '2023-11-04 13:30:24', NULL),
	(5224, 1067929053, 'YULIETH  SOFAN RAMIREZ', 'AUXILIAR DE ENFERMERIA', 'Asistencial', 'UCI', 'PISO 8 UCI INTERMEDIO', '2023-08-01 05:00:00', '2023-11-04 13:30:25', NULL),
	(5225, 1007339515, 'KAROLL GISSELL MORALES TORRES', 'AUXILIAR DE ENFERMERIA', 'Asistencial', 'HOSPITALIZACION', 'HOSPITALIZACION PISO 9                  ', '2023-08-01 05:00:00', '2023-11-04 13:30:24', NULL),
	(5226, 1070815465, 'SANDRA MARCELA PINTO ZUIGA', 'Pendiente', 'Deshabilitado', 'Piso 1', '', '2023-08-01 05:00:00', '2023-11-03 16:50:58', NULL),
	(5227, 1067922271, 'LEIDY STELLA LLAMAS VEGA', 'MEDICO GENERAL', 'Asistencial', 'URGENCIAS', 'URGENCIAS', '2023-08-01 05:00:00', '2023-11-04 13:30:24', NULL),
	(5228, 1062683025, 'MOISES ARMANDO MADERA ESPITIA', 'AUXILIAR DE FARMACIA', 'Asistencial', 'ADMINISTRACION', 'FARMACIA                                ', '2023-08-01 05:00:00', '2023-11-04 13:30:25', NULL),
	(5229, 1003141320, 'MAYERLIS  BUITRAGO SIBAJA', 'AUXILIAR DE ENFERMERIA', 'Asistencial', 'UCI', 'UCI PISO 5                              ', '2023-08-01 05:00:00', '2023-11-04 13:30:25', NULL),
	(5230, 1073811703, 'EIRA CECILIA BOTONERO DORIA', 'Pendiente', 'Deshabilitado', 'Piso 1', '', '2023-08-01 05:00:00', '2023-11-03 16:50:52', NULL),
	(5231, 1067968546, 'YESSICA ANDREA MENDEZ FERNANDEZ', 'AUXILIAR DE ENFERMERIA', 'Asistencial', 'URGENCIAS', 'URGENCIAS', '2023-08-01 05:00:00', '2023-11-04 13:30:25', NULL),
	(5232, 1003045168, 'ROSA INES HUMANEZ PADILLA', 'AUXILIAR DE ENFERMERIA', 'Asistencial', 'UCI', 'UCI PISO 5                              ', '2023-08-01 05:00:00', '2023-11-04 13:30:25', NULL),
	(5233, 1067940610, 'NAIBER MIGUEL DE HOYOS MARTINEZ', 'AUXILIAR DE ENFERMERIA', 'Asistencial', 'HOSPITALIZACION', 'HOSPITALIZACION PISO 10     ', '2023-08-01 05:00:00', '2023-11-04 13:30:25', NULL),
	(5234, 1067944533, 'JUAN PABLO BARRIOS AVILEZ', 'MEDICO GENERAL', 'Asistencial', 'CIRUGIA', 'CIRUGIA          ', '2023-08-01 05:00:00', '2023-11-04 13:30:24', NULL),
	(5235, 73103537, 'SANTIAGO ANTONIO PUERTA BULA', 'SECRETARIO GENERAL', 'Otros', 'ADMINISTRACION', 'ASAMBLEA GENERAL Y JUNTA DIRECTIVA      ', '2023-08-01 05:00:00', '2023-11-24 14:45:38', NULL),
	(5236, 1003004925, 'LUIS ARTURO BALETA ATENCIA', 'AUXILIAR DE ENFERMERIA', 'Asistencial', 'UCI', 'UCI PISO 5                              ', '2023-08-01 05:00:00', '2023-11-04 13:30:24', NULL),
	(5237, 1067886059, 'CARLOS MARIO GOMEZ COTUA', 'Pendiente', 'Deshabilitado', 'Piso 1', '', '2023-08-01 05:00:00', '2023-11-03 16:50:51', NULL),
	(5238, 1067964868, 'EVA SANDRITH MIRANDA GONZALEZ', 'FISIOTERAPEUTA', 'Asistencial', 'UCI', 'UCI PISO 6                              ', '2023-08-01 05:00:00', '2023-11-04 13:30:24', NULL),
	(5239, 1062955780, 'ANDREA CAROLINA SEGURA PEREZ', 'AUXILIAR DE ENFERMERIA', 'Asistencial', 'HOSPITALIZACION', 'HOSPITALIZACION PISO 9                  ', '2023-08-01 05:00:00', '2023-11-04 13:30:23', NULL),
	(5240, 1102721800, 'NINI VIANEY PINZON MORALES', 'AUXILIAR DE FARMACIA', 'Asistencial', 'ADMINISTRACION', 'FARMACIA                                ', '2023-08-01 05:00:00', '2023-11-04 13:30:25', NULL),
	(5241, 1067849043, 'CAROLINA ANDREA REGINO BARRERA', 'AUXILIAR DE ENFERMERIA', 'Asistencial', 'HOSPITALIZACION', 'HOSPITALIZACION PISO 11    ', '2023-08-01 05:00:00', '2023-11-04 13:30:24', NULL),
	(5242, 1003717256, 'LUZ DOMINGA SOTO LOPEZ', 'AUXILIAR DE ENFERMERIA', 'Asistencial', 'HOSPITALIZACION', 'HOSPITALIZACION PISO 7                  ', '2023-08-01 05:00:00', '2023-11-04 13:30:24', NULL),
	(5243, 1067948930, 'JESSICA MARCELA MAHUAD SUAREZ', 'Pendiente', 'Deshabilitado', 'Piso 1', '', '2023-08-01 05:00:00', '2023-11-03 16:50:53', NULL),
	(5244, 1062429315, 'MARELVIS  CAUSIL COGOLLO', 'AUXILIAR DE ENFERMERIA', 'Asistencial', 'UCI', 'UCI PISO 5                              ', '2023-08-01 05:00:00', '2023-11-04 13:30:24', NULL),
	(5245, 988899999, 'CLINICA SAHAGUN D D', 'Pendiente', 'Deshabilitado', 'Piso 1', '', '2023-08-01 05:00:00', '2023-11-03 16:50:51', NULL),
	(5246, 1066745789, 'PATRICIA DEL CARMEN FLOREZ POLO', 'AUXILIAR DE ENFERMERIA', 'Asistencial', 'UCI', 'UCI PISO 5                              ', '2023-08-01 05:00:00', '2023-11-04 13:30:25', NULL),
	(5247, 1067965491, 'ALEJANDRO JUNIOR SANCHEZ DUMAR', 'MEDICO GENERAL', 'Asistencial', 'HOSPITALIZACION', 'HOSPITALIZACION PISO 10     ', '2023-08-01 05:00:00', '2023-11-04 13:29:32', NULL),
	(5248, 25775926, 'NORELIS  YEPES SANCHEZ', 'INSTRUMENTADOR QUIRURGICO', 'Asistencial', 'CIRUGIA', 'CIRUGIA          ', '2023-08-01 05:00:00', '2023-11-04 13:30:25', NULL),
	(5249, 1067859688, 'ELIZABETH  HERNANDEZ EMERY', 'AUXILIAR DE ENFERMERIA', 'Asistencial', 'UCI', 'UCI PISO 6                              ', '2023-08-01 05:00:00', '2023-11-04 13:30:24', NULL),
	(5250, 1067855844, 'MARIO IVAN VERTEL LOPEZ', 'TECNICO EN IMGENES DIAGNOSTICA ', 'Pendiente', 'AYUDAS DIAGNOSTICAS', 'ECOGRAFIA                               ', '2023-08-01 05:00:00', '2023-11-03 16:45:47', NULL),
	(5251, 15647051, 'FREDY JULIAN HOYOS ESPITIA', 'AUXILIAR CLINICO', 'Asistencial', 'HOSPITALIZACION', 'HOSPITALIZACION PISO 9                  ', '2023-08-01 05:00:00', '2023-11-04 13:30:24', NULL),
	(5252, 1065011688, 'MAYRA CRISTINA MANJARRES ELGUEDO', 'ENFERMERO (A) JEFE', 'Asistencial', 'HOSPITALIZACION', 'HOSPITALIZACION PISO 7                  ', '2023-08-01 05:00:00', '2023-11-04 13:30:25', NULL),
	(5253, 1100338427, 'ELAINE  VERGARA ARRIETA', 'ENFERMERO (A) JEFE', 'Asistencial', 'HOSPITALIZACION', 'HOSPITALIZACION PISO 8                  ', '2023-08-01 05:00:00', '2023-11-04 13:30:24', NULL),
	(5254, 1065006301, 'ENITH DEL CARMEN AVILEZ MESTRA', 'AUXILIAR DE ENFERMERIA', 'Asistencial', 'UCI', 'UCI PISO 6                              ', '2023-08-01 05:00:00', '2023-11-04 13:30:24', NULL),
	(5255, 1068668480, 'YAKY LUCIA PANTOJA SARIEGO', 'AUXILIAR DE ENFERMERIA', 'Asistencial', 'UCI', 'UCI PISO 6                              ', '2023-08-01 05:00:00', '2023-11-04 13:30:25', NULL),
	(5256, 1233340994, 'CAROLINA  GOMEZ MEJIA', 'AUXILIAR DE ENFERMERIA', 'Asistencial', 'URGENCIAS', 'URGENCIAS', '2023-08-01 05:00:00', '2023-11-04 13:30:24', NULL),
	(5257, 1233342138, 'ADRIAN  ALVAREZ GUERRA', 'AUXILIAR DE ENFERMERIA', 'Asistencial', 'UCI', 'UCI PISO 6                              ', '2023-08-01 05:00:00', '2023-11-04 13:29:32', NULL),
	(5258, 1018510462, 'MARIA ALEJANDRA ARIAS VILLAR', 'MEDICO GENERAL', 'Asistencial', 'CIRUGIA', 'CIRUGIA          ', '2023-08-01 05:00:00', '2023-11-04 13:30:24', NULL),
	(5259, 1067870462, 'YESMI  MIRANDA VILLADIEGO', 'FISIOTERAPEUTA', 'Asistencial', 'UCI', 'UCI PISO 5                              ', '2023-08-01 05:00:00', '2023-11-04 13:30:25', NULL),
	(5260, 1003561272, 'MARIA PAULA NARVEZ BENEDETTI', 'ENFERMERO (A) JEFE', 'Asistencial', 'URGENCIAS', 'URGENCIAS', '2023-08-01 05:00:00', '2023-11-04 13:30:25', NULL),
	(5261, 1067961815, 'ADIER ANDRES CONDE FLOREZ', 'ENFERMERO (A) JEFE', 'Asistencial', 'UCI', 'UCI PISO 6                              ', '2023-08-01 05:00:00', '2023-11-04 13:29:32', NULL),
	(5262, 1233340413, 'YAIL FERNANDO GUERRA PICO', 'Pendiente', 'Deshabilitado', 'Piso 1', '', '2023-08-01 05:00:00', '2023-11-03 16:50:59', NULL),
	(5263, 1233342205, 'DANIELA SOFIA PEREZ VEGA', 'MEDICO GENERAL', 'Asistencial', 'HOSPITALIZACION', 'HOSPITALIZACION PISO 7                  ', '2023-08-01 05:00:00', '2023-11-04 13:30:24', NULL),
	(5271, 1068428935, 'EDUAR DAVID PINEDA GUERRA', 'AUXILIAR DE ENFERMERIA', 'Asistencial', 'HOSPITALIZACION', 'HOSPITALIZACION PISO 9                  ', '2023-08-01 05:00:00', '2023-11-04 13:30:24', NULL),
	(5274, 1005683660, 'IVAN RAMIRO VILLALBA CANCHILA', 'AUXILIAR DE ENFERMERIA', 'Asistencial', 'HOSPITALIZACION', 'HOSPITALIZACION PISO 11    ', '2023-08-01 05:00:00', '2023-11-04 13:30:24', NULL),
	(5276, 1069501010, 'JUAN SEBASTIAN MONTES OYOLA', 'Pendiente', 'Deshabilitado', 'Piso 1', '', '2023-08-01 05:00:00', '2023-11-03 16:50:54', NULL),
	(5283, 1067839744, 'YASARIS  MANGONES DIAZ', 'AUXILIAR DE ENFERMERIA', 'Asistencial', 'HOSPITALIZACION', 'HOSPITALIZACION PISO 7                  ', '2023-08-01 05:00:00', '2023-11-04 13:30:25', NULL),
	(5285, 1064307784, 'CINDY ESTHER OVIEDO VEASQUEZ', 'AUXILIAR DE FARMACIA', 'Asistencial', 'ADMINISTRACION', 'FARMACIA                                ', '2023-08-01 05:00:00', '2023-11-04 13:30:24', NULL),
	(5287, 1067951518, 'CESAR DAVID CORREA CALAO', 'AUXILIAR DE ENFERMERIA', 'Asistencial', 'UCI', 'UCI PISO 5                              ', '2023-08-01 05:00:00', '2023-11-04 13:30:24', NULL),
	(5288, 1067877162, 'DAIRO DAVID MARTINEZ BEDOYA', 'Auxiliar de enfermeria', 'Deshabilitado', 'Piso 8', '', '2023-08-01 05:00:00', '2023-11-03 16:50:51', NULL),
	(5292, 1067947095, 'IVAN ELIAS ROSARIO VILORIA', 'Pendiente', 'Deshabilitado', 'Piso 1', '', '2023-08-01 05:00:00', '2023-11-03 16:50:53', NULL),
	(5293, 1026148161, 'NELIAN LISETH VELEZ MONTERROZA', 'Pendiente', 'Deshabilitado', 'Piso 1', '', '2023-08-01 05:00:00', '2023-11-03 16:50:57', NULL),
	(5294, 43535171, 'ANGELA MARIA GARCIA VASQUEZ', 'Pendiente', 'Deshabilitado', 'Piso 1', '', '2023-08-01 05:00:00', '2023-11-03 16:50:50', NULL),
	(5296, 50915044, 'LILETT PATRICIA ALVAREZ MARTINEZ', 'TRABAJADORA SOCIAL', 'Administrativo asistencial', 'ADMINISTRACION', 'SIAU                                    ', '2023-08-01 05:00:00', '2023-11-24 14:45:38', NULL),
	(5297, 64698696, 'ERIKA PATRICIA ZUIGA MARQUEZ', 'COORDINADORA SIAU', 'Administrativo asistencial', 'ADMINISTRACION', 'SIAU                                    ', '2023-08-01 05:00:00', '2023-11-04 13:30:24', NULL),
	(5298, 1066524726, 'NATALIA ANDREA GOMEZ VIDES', 'Pendiente', 'Deshabilitado', 'Piso 1', '', '2023-08-01 05:00:00', '2023-11-03 16:50:57', NULL),
	(5299, 1067943375, 'DAILY JHANARA JIMENEZ MENDOZA', 'INSTRUMENTADOR QUIRURGICO', 'Asistencial', 'CIRUGIA', 'CIRUGIA          ', '2023-08-01 05:00:00', '2023-11-04 13:30:24', NULL),
	(5300, 1102857840, 'SEBASTIAN DAVID PEREZ PATERNINA', 'MEDICO GENERAL', 'Asistencial', 'URGENCIAS', 'URGENCIAS', '2023-08-01 05:00:00', '2023-11-04 13:30:25', NULL),
	(5302, 64588554, 'JOHANNA JUDITH OSORIO CONTRERAS', 'COORDINADOR DE CALIDAD', 'Administrativo', 'ADMINISTRACION', 'CALIDAD', '2023-08-01 16:35:51', '2023-11-04 13:30:24', NULL),
	(5303, 1233343264, 'JORDAN FABIAN CONTRERAS NAVAS', 'MEDICO GENERAL', 'Asistencial', 'HOSPITALIZACION', 'HOSPITALIZACION PISO 10     ', '2023-08-01 16:35:51', '2023-11-04 13:30:24', NULL),
	(5304, 1214717175, 'KATTY ANDREA VERA RIVAS', 'Pendiente', 'Deshabilitado', 'Piso 1', '', '2023-08-01 16:35:51', '2023-11-03 16:50:54', NULL),
	(5306, 1067957247, 'LUIS FELIPE MENDOZA RANGEL', 'INGENIERO DE PROCESOS', 'Administrativo', 'ADMINISTRACION', 'CALIDAD', '2023-08-01 16:35:51', '2023-11-24 14:45:38', NULL),
	(5307, 1018496402, 'JUAN SEBASTIAN CORREA GIRALDO', 'INGENIERO DE PROCESOS', 'Administrativo', 'ADMINISTRACION', 'CALIDAD', '2023-08-01 16:35:51', '2023-11-24 14:45:37', NULL),
	(10931, 1003396692, 'ANDREA PAOLA PEINADO PEINADO', 'AUXILIAR DE SERVICIOS GENERALES', 'Otros', 'ADMINISTRACION', 'ASEO            ', '2023-11-03 16:45:46', '2023-11-04 13:30:23', NULL),
	(10932, 1003006026, 'ANDRES FELIPE CABADIA GUTIERREZ', 'AUXILIAR DE SERVICIOS GENERALES', 'Otros', 'ADMINISTRACION', 'ASEO            ', '2023-11-03 16:45:46', '2023-11-04 13:30:23', NULL),
	(10933, 1001975849, 'ANDRES FELIPE HERNANDEZ CASTRO', 'QUIMICO FARMACEUTICO CONTROL DE CALIDAD', 'Pendiente', 'ADMINISTRACION', 'FARMACIA                                ', '2023-11-03 16:45:46', '2023-11-24 14:45:37', NULL),
	(10934, 1067918004, 'BLADIMIR JHON MEDINA MESTRA', 'AUXILIAR DE GESTION DOCUMENTAL', 'Administrativo', 'ADMINISTRACION', 'FINANZAS', '2023-11-03 16:45:47', '2023-11-24 14:45:37', NULL),
	(10935, 1067967310, 'CELESTE MARIA HERNANDEZ SOLORZANO', 'MEDICO GENERAL', 'Asistencial', 'HOSPITALIZACION', 'HOSPITALIZACION PISO 9                  ', '2023-11-03 16:45:47', '2023-11-04 13:30:24', NULL),
	(10936, 78381865, 'DANIEL EDUARDO CASTILLO NARVAEZ', 'AUXILIAR DE ENFERMERIA', 'Asistencial', 'HOSPITALIZACION', 'HOSPITALIZACION PISO 10     ', '2023-11-03 16:45:47', '2023-11-04 13:30:24', NULL),
	(10937, 1102863812, 'DANIEL MAURICIO DOMINGO BURBANO ORTIZ', 'MEDICO GENERAL', 'Asistencial', 'UCI', 'UCI PISO 6                              ', '2023-11-03 16:45:47', '2023-11-04 13:30:24', NULL),
	(10938, 1003431153, 'DANIEL MAURICIO PEA SIMANCAS', 'MEDICO GENERAL', 'Asistencial', 'HOSPITALIZACION', 'HOSPITALIZACION PISO 9                  ', '2023-11-03 16:45:47', '2023-11-04 13:30:24', NULL),
	(10939, 25970373, 'DINA LUZ TORRES COGOLLO', 'AUXILIAR DE ENFERMERIA', 'Deshabilitado', 'HOSPITALIZACION', 'HOSPITALIZACION PISO 11    ', '2023-11-03 16:45:47', '2023-11-24 14:45:40', NULL),
	(10940, 1002489660, 'EDILMARIS  SEHUANES RODRIGUEZ', 'ENFERMERO (A) JEFE', 'Asistencial', 'HOSPITALIZACION', 'HOSPITALIZACION PISO 11    ', '2023-11-03 16:45:47', '2023-11-04 13:30:24', NULL),
	(10941, 1118125168, 'FLOR MARIA DIAZ CALDERON', 'AUXILIAR DE ENFERMERIA', 'Asistencial', 'UCI', 'UCI PISO 5                              ', '2023-11-03 16:45:47', '2023-11-04 13:30:24', NULL),
	(10942, 1003396979, 'JAIME DE JESUS PEREZ TAPIA', 'AUXILIAR DE FARMACIA', 'Asistencial', 'ADMINISTRACION', 'FARMACIA                                ', '2023-11-03 16:45:47', '2023-11-04 13:30:24', NULL),
	(10943, 10782048, 'JORGE LUIS MARTINEZ GENEY', 'AUXILIAR DE FARMACIA', 'Asistencial', 'ADMINISTRACION', 'FARMACIA                                ', '2023-11-03 16:45:47', '2023-11-04 13:30:24', NULL),
	(10944, 1003035167, 'JORGE LUIS ROMERO RUBIO', 'AUXILIAR DE COMPRAS', 'Administrativo', 'ADMINISTRACION', 'COMPRAS                 ', '2023-11-03 16:45:47', '2023-11-24 14:45:37', NULL),
	(10945, 1067924626, 'KETTY DAYANA RICARDO RAMOS', 'AUXILIAR DE FARMACIA', 'Asistencial', 'ADMINISTRACION', 'FARMACIA                                ', '2023-11-03 16:45:47', '2023-11-04 13:30:24', NULL),
	(10946, 1044927296, 'LAURA CAROLINA SOLANO VERGARA', 'ENFERMERA LDER DE HOSPITALIZACIN', 'Administrativo asistencial', 'HOSPITALIZACION', 'HOSPITALIZACION PISO 7                  ', '2023-11-03 16:45:47', '2023-11-04 13:30:24', NULL),
	(10947, 1067961552, 'LEIDY LUZ GONZALEZ TORRES', 'MEDICO GENERAL', 'Asistencial', 'UCI', 'UCI PISO 6                              ', '2023-11-03 16:45:47', '2023-11-04 13:30:24', NULL),
	(10948, 64579113, 'LORENA MARGARITA FERNANDEZ DE LA ROSA', 'CONTADOR', 'Administrativo', 'ADMINISTRACION', 'CONTABILIDAD', '2023-11-03 16:45:47', '2023-11-04 13:30:24', NULL),
	(10949, 1067962225, 'LORI VANESSA CARRASCAL ARRIETA', 'MEDICO GENERAL', 'Asistencial', 'CIRUGIA', 'CIRUGIA          ', '2023-11-03 16:45:47', '2023-11-04 13:30:24', NULL),
	(10950, 1064981073, 'LOURDES PATRICIA ARTUZ GARCIA', 'MEDICO GENERAL', 'Asistencial', 'URGENCIAS', 'URGENCIAS', '2023-11-03 16:45:47', '2023-11-04 13:30:24', NULL),
	(10951, 1064980932, 'MAIKOL EDUARDO ALVAREZ PINTO', 'AUXILIAR DE FARMACIA', 'Asistencial', 'ADMINISTRACION', 'FARMACIA                                ', '2023-11-03 16:45:47', '2023-11-04 13:30:24', NULL),
	(10952, 1003435451, 'MARIA CAMILA RODRIGUEZ SOLANO', 'ENFERMERO (A) JEFE', 'Asistencial', 'HOSPITALIZACION', 'HOSPITALIZACION PISO 10     ', '2023-11-03 16:45:47', '2023-11-04 13:30:24', NULL),
	(10953, 1003395091, 'MARIA JOSE SOLAR VELASQUEZ', 'TECNOLOGO DE IMAGENES DIAGNOSTICAS', 'Asistencial', 'AYUDAS DIAGNOSTICAS', 'RESONANCIA                              ', '2023-11-03 16:45:47', '2023-11-04 13:30:25', NULL),
	(10954, 1003003006, 'MAURICIO JOSE TORDECILLA MESTRA', 'AUXILIAR DE ENFERMERIA', 'Asistencial', 'UCI', 'UCI PISO 5                              ', '2023-11-03 16:45:48', '2023-11-04 13:30:25', NULL),
	(10955, 1066189146, 'MIRLETH PATRICIA STANFORD SALCEDO', 'MEDICO GENERAL', 'Deshabilitado', 'HOSPITALIZACION', 'HOSPITALIZACION PISO 10     ', '2023-11-03 16:45:48', '2023-11-24 14:45:45', NULL),
	(10956, 1067954009, 'NICOLAS  MARTINEZ MACEA', 'MEDICO GENERAL', 'Deshabilitado', 'UCI', 'UCI PISO 6                              ', '2023-11-03 16:45:48', '2023-11-24 14:45:46', NULL),
	(10957, 1234092368, 'NIKCOLLE TERESA GUTIERREZ PUCHE', 'MEDICO GENERAL', 'Asistencial', 'UCI', 'UCI PISO 6                              ', '2023-11-03 16:45:48', '2023-11-04 13:30:25', NULL),
	(10958, 1062426267, 'NINA SOFIA BARRERA CASTELLANO', 'AUXILIAR DE ENFERMERIA', 'Asistencial', 'UCI', 'PISO 8 UCI INTERMEDIO', '2023-11-03 16:45:48', '2023-11-04 13:30:25', NULL),
	(10959, 1067959953, 'ROSA MARA LPEZ ESPITIA', 'ENFERMERO (A) JEFE', 'Asistencial', 'HOSPITALIZACION', 'HOSPITALIZACION PISO 10     ', '2023-11-03 16:45:48', '2023-11-04 13:30:25', NULL),
	(10960, 1063077916, 'SADITH JOSE SUAREZ MENDOZA', 'ENFERMERO (A) JEFE', 'Asistencial', 'HOSPITALIZACION', 'HOSPITALIZACION PISO 9                  ', '2023-11-03 16:45:48', '2023-11-04 13:30:25', NULL),
	(10961, 1102879838, 'SEBASTIAN ANDRES GUTIERREZ CASTILLO', 'MEDICO GENERAL', 'Deshabilitado', 'URGENCIAS', 'URGENCIAS', '2023-11-03 16:45:48', '2023-11-24 14:45:47', NULL),
	(10962, 1065007161, 'SHARLOTT  CALVO VELEZ', 'ENFERMERO (A) JEFE', 'Asistencial', 'HOSPITALIZACION', 'HOSPITALIZACION PISO 7                  ', '2023-11-03 16:45:48', '2023-11-04 13:30:25', NULL),
	(10963, 1003043782, 'SHIRLY YANETH NEGRETE BALASNOA', 'ENFERMERO (A) JEFE', 'Asistencial', 'HOSPITALIZACION', 'HOSPITALIZACION PISO 8                  ', '2023-11-03 16:45:48', '2023-11-04 13:30:25', NULL),
	(10964, 1102885611, 'VANESSA CAROLINA DE LEON ARIAS', 'ENFERMERO (A) JEFE', 'Asistencial', 'UCI', 'UCI PISO 6                              ', '2023-11-03 16:45:48', '2023-11-04 13:30:25', NULL),
	(10965, 1003050679, 'VIVIAN KATINY ARROYO FAJARDO', 'AUXILIAR DE FARMACIA', 'Asistencial', 'ADMINISTRACION', 'FARMACIA                                ', '2023-11-03 16:45:48', '2023-11-04 13:30:25', NULL),
	(10966, 1067853805, 'VIVIANA PATRICIA BELEO CASARRUBIA', 'ENFERMERA AUDITORA DE CUENTAS MEDICAS', 'Administrativo', 'ADMINISTRACION', 'FINANZAS', '2023-11-03 16:45:48', '2023-11-04 13:30:25', NULL),
	(10967, 1048322909, 'WIDERMEY ENRIQUE AMARIS MEZA', 'QUIMICO FARMACEUTICO PREPARACION ', 'Pendiente', 'ADMINISTRACION', 'FARMACIA                                ', '2023-11-03 16:45:48', '2023-11-24 14:45:38', NULL),
	(10968, 1067851388, 'YASMIN PAOLA SANCHEZ VELASQUEZ', 'AUXILIAR DE SERVICIOS GENERALES', 'Otros', 'ADMINISTRACION', 'ASEO            ', '2023-11-03 16:45:48', '2023-11-04 13:30:25', NULL),
	(10969, 1003000549, 'YULEISI PAOLA ESTRADA NOVOA', 'TECNOLOGO DE IMAGENES DIAGNOSTICAS', 'Asistencial', 'AYUDAS DIAGNOSTICAS', 'TOMOGRAFIA                              ', '2023-11-03 16:45:48', '2023-11-04 13:30:25', NULL),
	(10970, 1003142017, 'DALIS DEL CARMEN CUELLO MADERA', 'MEDICO RURAL ', 'Pendiente', 'HOSPITALIZACION', 'HOSPITALIZACION PISO 7                  ', '2023-11-04 15:47:00', '2023-11-04 15:47:00', NULL),
	(10971, 1067968039, 'ESTEBAN JOSE PEREZ PEREIRA', 'MEDICO GENERAL', 'Asistencial', 'HOSPITALIZACION', 'HOSPITALIZACION PISO 10     ', '2023-11-04 15:47:00', '2023-11-04 15:47:00', NULL),
	(10972, 1010095586, 'KEVIN DAVID GUERRA ZABALA', 'ENFERMERO (A) JEFE', 'Asistencial', 'UCI', 'UCI PISO 6                              ', '2023-11-04 15:47:00', '2023-11-04 15:47:00', NULL),
	(10973, 1065008259, 'LILY MARCELA SEA CARVAJAL', 'MEDICO GENERAL', 'Deshabilitado', 'URGENCIAS', 'URGENCIAS', '2023-11-04 15:47:00', '2023-11-24 14:45:43', NULL),
	(10974, 1007505019, 'MARIA JOSE BANDA PADILLA', 'ENFERMERO (A) JEFE', 'Asistencial', 'HOSPITALIZACION', 'HOSPITALIZACION PISO 7                  ', '2023-11-04 15:47:00', '2023-11-04 15:47:00', NULL),
	(10975, 1000190164, 'MARIA JOSE MENA COLORADO', 'ENFERMERO (A) JEFE', 'Asistencial', 'UCI', 'UCI PISO 5                              ', '2023-11-04 15:47:00', '2023-11-04 15:47:00', NULL),
	(10976, 1233340080, 'MARIA JOSE QUIROZ BURGOS', 'MEDICO RURAL ', 'Pendiente', 'HOSPITALIZACION', 'HOSPITALIZACION PISO 9                  ', '2023-11-04 15:47:00', '2023-11-04 15:47:00', NULL),
	(10977, 1069493029, 'MARIA MONICA MONTIEL DIAZ', 'ENFERMERO (A) JEFE', 'Asistencial', 'UCI', 'UCI PISO 5                              ', '2023-11-04 15:47:00', '2023-11-04 15:47:00', NULL),
	(10978, 1062431683, 'CRISTIAN DAVID SANCHEZ ARRIETA', 'AUXILIAR DE ENFERMERIA', 'Asistencial', 'HOSPITALIZACION', 'HOSPITALIZACION PISO 11    ', '2023-11-24 14:45:37', '2023-11-24 14:45:37', NULL),
	(10979, 1068656568, 'DAIRO MIGUEL RAMBAO OPEZ', 'AUXILIAR DE ENFERMERIA', 'Asistencial', 'HOSPITALIZACION', 'HOSPITALIZACION PISO 8                  ', '2023-11-24 14:45:37', '2023-11-24 14:45:37', NULL),
	(10980, 1067963370, 'DIEGO MIGUEL MAZA ALVAREZ', 'AUXILIAR DE ENFERMERIA', 'Asistencial', 'HOSPITALIZACION', 'HOSPITALIZACION PISO 7                  ', '2023-11-24 14:45:37', '2023-11-24 14:45:37', NULL),
	(10981, 1064978500, 'EBELSY ESTHER ESPITIA FABRA', 'ENFERMERO (A) JEFE', 'Asistencial', 'UCI', 'UCI PISO 5                              ', '2023-11-24 14:45:37', '2023-11-24 14:45:37', NULL),
	(10982, 1068736198, 'ELENA PATRICIA CARDALES MELENDEZ', 'AUXILIAR DE ENFERMERIA', 'Asistencial', 'HOSPITALIZACION', 'HOSPITALIZACION PISO 11    ', '2023-11-24 14:45:37', '2023-11-24 14:45:37', NULL),
	(10983, 1073828207, 'GABRIEL  SEQUEA PAEZ', 'AUXILIAR DE ENFERMERIA', 'Asistencial', 'UCI', 'UCI PISO 6                              ', '2023-11-24 14:45:37', '2023-11-24 14:45:37', NULL),
	(10984, 1067964485, 'HOSTIN ENRIQUE OSORIO LUNA', 'ENFERMERO (A) JEFE', 'Asistencial', 'UCI', 'UCI PISO 5                              ', '2023-11-24 14:45:37', '2023-11-24 14:45:37', NULL),
	(10985, 1062432388, 'JESUS MANUEL MERCADO PEREZ', 'AUXILIAR DE ENFERMERIA', 'Asistencial', 'CIRUGIA', 'CENTRAL DE ESTERILIZACION', '2023-11-24 14:45:37', '2023-11-24 14:45:37', NULL),
	(10986, 1140883609, 'JHON RAMON VELEZ PASSOS', 'MEDICO GENERAL', 'Asistencial', 'URGENCIAS', 'URGENCIAS', '2023-11-24 14:45:37', '2023-11-24 14:45:37', NULL),
	(10987, 1003451409, 'KEVIN  HERNANDEZ OSPINO', 'AUXILIAR DE ENFERMERIA', 'Asistencial', 'UCI', 'UCI PISO 5                              ', '2023-11-24 14:45:37', '2023-11-24 14:45:37', NULL),
	(10988, 1007626066, 'LEIDY TATIANA RODRGUEZ VASQUEZ', 'AUXILIAR DE ENFERMERIA', 'Asistencial', 'UCI', 'UCI PISO 6                              ', '2023-11-24 14:45:37', '2023-11-24 14:45:37', NULL),
	(10989, 1003435637, 'LEONARDO JOSE ALVAREZ MARTINEZ', 'AUXILIAR DE SERVICIOS GENERALES', 'Otros', 'ADMINISTRACION', 'ASEO            ', '2023-11-24 14:45:38', '2023-11-24 14:45:38', NULL),
	(10990, 1235040574, 'LEYDI PATRICIA SEQUEDA WILCHES', 'QUIMICO FARMACEUTICO ASISTENCIAL', 'Pendiente', 'ADMINISTRACION', 'FARMACIA                                ', '2023-11-24 14:45:38', '2023-11-24 14:45:38', NULL),
	(10991, 1067863317, 'MARIA ESTER SUAREZ SALGADO', 'MEDICO GENERAL', 'Asistencial', 'URGENCIAS', 'URGENCIAS', '2023-11-24 14:45:38', '2023-11-24 14:45:38', NULL),
	(10992, 1068662009, 'SILVIA ROSA SANTANA PADILLA', 'AUXILIAR DE ENFERMERIA', 'Asistencial', 'HOSPITALIZACION', 'HOSPITALIZACION PISO 7                  ', '2023-11-24 14:45:38', '2023-11-24 14:45:38', NULL),
	(10993, 1046904192, 'SINDI GABRIELA MORA ARTEAGA', 'AUXILIAR DE ENFERMERIA', 'Asistencial', 'URGENCIAS', 'URGENCIAS', '2023-11-24 14:45:38', '2023-11-24 14:45:38', NULL),
	(10994, 1067957671, 'SIRLEY ANGLICA CARABALLO COGOLLO', 'ENFERMERO (A) JEFE', 'Asistencial', 'HOSPITALIZACION', 'HOSPITALIZACION PISO 9                  ', '2023-11-24 14:45:38', '2023-11-24 14:45:38', NULL),
	(10995, 50927799, 'YADIT CECILIA AGUADO OCHOA', 'AUXILIAR DE ENFERMERIA', 'Asistencial', 'HOSPITALIZACION', 'HOSPITALIZACION PISO 11    ', '2023-11-24 14:45:38', '2023-11-24 14:45:38', NULL);

CREATE TABLE IF NOT EXISTS `endowments` (
  `id` int unsigned NOT NULL AUTO_INCREMENT,
  `item` json NOT NULL,
  `deliver_date` date NOT NULL,
  `employe_signature` longtext COLLATE utf8mb4_unicode_ci NOT NULL,
  `period` varchar(255) COLLATE utf8mb4_unicode_ci NOT NULL,
  `contract_id` int unsigned NOT NULL,
  `created_at` timestamp NULL DEFAULT NULL,
  `updated_at` timestamp NULL DEFAULT NULL,
  `deleted_at` timestamp NULL DEFAULT NULL,
  PRIMARY KEY (`id`),
  KEY `endowments_contract_id_foreign` (`contract_id`),
  CONSTRAINT `endowments_contract_id_foreign` FOREIGN KEY (`contract_id`) REFERENCES `contracts` (`id`)
) ENGINE=InnoDB AUTO_INCREMENT=3 DEFAULT CHARSET=utf8mb4 COLLATE=utf8mb4_unicode_ci;

INSERT INTO `endowments` (`id`, `item`, `deliver_date`, `employe_signature`, `period`, `contract_id`, `created_at`, `updated_at`, `deleted_at`) VALUES
	(2, '"[\\"zapatos\\",\\"pantalon\\",\\"camisa\\"]"', '2023-11-10', 'data:image/png;base64,iVBORw0KGgoAAAANSUhEUgAAAh4AAACMCAYAAAAz8qArAAAAAXNSR0IArs4c6QAAF4RJREFUeF7tnQe0bVV1hn8x1qCoWLCgRo1GUWMXUYMlikgUNNZYQEGMxh7FHktiL9g1IcaCSewViGKwYTTWYCcWFAsRUey9xPEN55bj9b57zzn33F2/NcYd773x9tlrr2/tc/e/15rzn2eKTQISkIAEJCABCbRE4Ewt9WM3EpCABCQgAQlIIAoPbwIJSEACEpCABFojoPBoDbUdSUACEpCABCSg8PAekIAEJCABCUigNQIKj9ZQ25EEJCABCUhAAgoP7wEJSEACEpCABFojoPBoDbUdSUACEpCABCSg8PAekIAEJCABCUigNQIKj9ZQ25EEJCABCUhAAgoP7wEJSEACEpCABFojoPBoDbUdSUACEpCABCSg8PAekIAEJCABCUigNQIKj9ZQ25EEJCABCUhAAgoP7wEJSEACEpCABFojoPBoDbUdSUACEpCABCSg8PAekIAEJCABCUigNQIKj9ZQ25EEJCABCUhAAgoP7wEJSEACEpCABFojoPBoDbUdSUACEpCABCSg8PAekIAEJCABCUigNQIKj9ZQ25EEJCABCUhAAgoP7wEJSEACEpCABFojoPBoDbUdSUACEpCABCSg8PAekIAEJCABCUigNQIKj9ZQ25EEJCABCUhAAgoP7wEJSEACEpCABFojoPBoDbUdSUACEpCABCSg8PAekIAEJCABCUigNQIKj9ZQ25EEJCABCUhAAgoP7wEJSEACEpCABFojoPBoDbUdSUACEpCABCSg8PAekIAEJCABCUigNQIKj9ZQ25EEJCCB0RO4SJKrJtkvyTmSHJzkV6MftQNciIDCYyFcHiwBCUhAAjMELp7kbiU29i+RsVP9//uSXF/h4f2yloDCw3tCAhKQgATmJcAz46AkCI5bJ7lyffDrST6S5MNJjk/yX0l+Mu9JPW5aBBQe05pvRysBCUhgUQK7JjkkyWWTHJjkzEl+lORdSf4jyXuSfHzRk3r8dAkoPKY7945cAhKQwI4IXCvJBWsbhZUN2qlJjkzysiSfFJ0EliWg8FiWnJ+TgAQkMB4C50pyiyR7Jjkgye41tP9O8pokL07y3fEM15F0SUDhsT3071Kn5e3AJgEJSKCPBBAYN0ryJ0n2TnLWJAgNfo5O8oEk3+/jhXtNwyag8FjN/N0gyR2THLrmdDevPdDV9OJZJCABCSxH4DJJrldBoWyjsLJB7MbHSmAQr/G2JKcvd3o/JYH5CSg85mc1e+RZkjyolibJVb/aDk5zwwrAWq4XPyUBCUhgcQIXSsJLTyM29kryB3UaVjFOSXJUEtJdT1z89H5CAlsjoPBYnB/Lkc9Lco81Hz08yZtLaFy9/o/0MpsEJCCB7SKAZwZeGddNcs36uWiSnyd5f5ITkryzAkPZQvn/7boQzyuBeQkoPOYl9ZvjiPJ+fpLbzHyMwKunVA77YmfzaAlIQAKLEcA/48a1bbJbCY5daouE1QxWMRAc/PnjxU7t0RJoh4DCY37OvEW8tvZG+dQ3kty9grDmP4tHSkACEticAF4ZV0lynSSXLLMuMk/On+RrST6X5H+SvCPJp5OctPkpPUIC/SCg8JhvHojhIPCKLz3ttCR3TnLsfB/3KAlIQAIbEmALl1iMuyYh+HOPOprVi6+WQRd//0S99IhTAoMloPDYfOrYO31rkp3rUN4y9q09080/7RESkIAEfp8Av3v/PMlNkuyT5EplMc52CZkm703yoSQnC08CYyOg8Nh4RonpwKHvArVfekSSh1qDYGxfA8cjgVYIkG1C4DkZJ7dLQmwGNU1YTeVP4jKs5NrKVNhJlwQUHhvTJ6bjL5P8omoVvNyo8C5vV/uWwOAIXD7JLWuVFJMu4jPeXv4+bzEAdHDz6QWvgIDCY8cQcfQ7rkTHYUmepehYwR3nKSQwfgJsm9wpyV+V9TgVW/+9vDM+O/7hO0IJbExA4bE+H7ZW+GVB6tpjkjzeG0kCEpDABgQw6Lp3koOrVDwVW1+S5PVJvic5CUjgDAIKj9+/G8hcodTzNapmAZHmmu74rZGABNYjQKmEB5Zx1/9W9dZXGBTqzSKBHRNQePwum4uVV8e1S3ywVPodbyAJSEACReC8SW5WFVz5E4dQTAT5wSHUlxRvFQlsQkDhcQYgVjqILsez4/j6xWLBJL9CEpDAFcrMixcRxMbXk7ypfogD+6WIJCCB+QkoPH7D6nyVzkZ5aOoZUPuATBabBCQwTQI4FeOzQTHIK5ZxF+muBInyYmKTgASWJKDwSP6wCilRyRH74QOSfH9Jnn5MAhIYLgG2Wvn+PyzJuSv19UW1svGl4Q7LK5dAvwhMXXjsWrEcVHVkj/YQI9D7dYN6NRJogQA+G/cpF9GvJPnnJP+W5PMt9G0XEpgcgSkLDwouYX9+6dpeuYOR6JO7/x3wNAngILp/kkvVy8bPkryqtlE+OE0kjloC7RGYqvBge+VdlTKLG+lf6yDY3k1nTxJomQAvFwfW952MNWK6Tkzy0STH1OqG2SgtT4rdTZfAFIUHv3TYVsGZ9M1JbmV9hOl+AVY8ckqYPzHJF+pNesWn93RzEiA+gxUNvtt/lIT4LUy8qIfyryU42FKxSUACHRCYmvA4Z5JXJvmLJC+th4NFmTq48UbU5dmSUMH4LknunAQHS2IGqMNha48AKa8UXrtekhtXiivB4szDsUkw97JJQAI9IDAl4cEDAgtjnAYRHwcl+WkP5sBLGCaByyV5ei3f71Zv0W8se3228W44zGEN5qr5PrPCtF/9UIzt1CTMASnx/Kn532Cm0wudEoGpCI/zJMHGeN+K5yBq3T3dKd3pqxsr9tiHJsHzhdUy7PWPTPLqqutDbZ/HJXns6rr0TEnOnuSuJfRYYSL19awlMj5S26bUR7FJQAI9JzAF4YEj6evqF9bfJXlGz+fEy+snAd6on18rGSckeWGSo8vrgSvGcOqrSU6ptMxP93MYg7oq0typ8oq3xiVK6GHiRQHHd9eqxqAG5MVKQALJ2IUHS7EsuWJpfNMkn3TSJbAgAVIvD68tOtKvD0vyn2vOwbL/tyq+4wFJMJ2yLUcA12BWla5SgaEIjbeWidfHlzuln5KABPpEYMzC4zYzhZtuWw+GPrH3WvpN4BwVgEzA4meSPLJE7HpbdJRDZzWEB+NVzZJaaGLZQiFOg4BQ6qCQhYKwY+uKDJQfLXQ2D5aABHpPYKzC4xFJnlD5+X/T4yAzYk7IhiAY7qQkP6jo+//r/Z0z7gu8eVUpPnOSp9TPDzcYMvOH4KCuBwLEtjEBfHRgfOvKACLI+6gq0ojoIEjUJgEJjJTAGIXHPZL8UzkRksHSxyBSlpF5oLH9s7ZRJ2aXnl73SL8Gvx0Wy/z/kOTParXsb5Ns5vdA7AF1PCiPfmFX1nZ4i/C75n4V4L13+Wrgo/P6EhymtY/92+X4JFAExiY8HprkSUmeWkvjfStXzTIyDzbKa2/UdlJ4tPodvUbFFSBUMZp6dJLnznkFOGLiCYM5FR4Stt8lwPYJcS/7JGElD/M+7MmJ3bBJQAITJDAm4UGtFQo7Pa2qS/ZppeNKSY5Igl0zjWujvDZVMGffqJtrHtO89PlrhWjA9Ivy56dVCiyrZb9Y4KIRKY+v+dxMUC5w2kEfyv1ONgrbiGxXYeBFFtD7Bz0qL14CElgJgbE84A6uipI8NFjO7ZMxGJk1s293n6gH1WvXmcEvJrlkkt0rNXMlk9zjk9yghCKxLW0ZbuH9QG2eBxdn7pXn1SrHj5dgRZwC6dqsrrHt8rUlzjGGj+BrgmMrYg4XUdJd+T4isPv0EjAG1o5BAoMmMAbhgeggoA9X0nv1bDZ4sL5z5poIPiQ1c732j2VMxVI0mRRjb2QakblA4yEFq+1uCA6Cja9YHfEWjvsogb1bacwp2wl/nwSvmKk0tgTvVt+7qyfBu4RMFH5OngoExykBCSxGYMjCg5oY968HxzPLX6FPMR3Ug5mt10EcAQ6L6zXeED9VP81DcbGZHN7Rb68tDq58j3pobdcoCBol7mfPqkKMuGPFg+2VVTS2FYjzoB7I2OePuSJVnfRXVvNYJUL0v60qva6Cp+eQgARGTGDIwoO3KvbUSZt9VA/n6DlJ7lvXtdcG+9u86WO5TYohn5mC1TZvx7hP0phH4iy2oxFTQ8wPwoOGmRyZKltd4Vh7rTyMMadjS4HxEM8zFvtunH8PScI9fIuZgbNV+IaK3/jmdkye55SABMZJYKjCgwcVD+snJ3l4T6em2dferG4HQoP6Hrx9X7CnY1nlZRHDwkMaocUqAUv1q27Yl7PahLcGjaBjVsV2tOK01f4xwWJMl5450Ycqs4qVnSG1C1RJeVboiF/h3zQKruGxwcoGabDfGNKgvFYJSKA/BIYoPPDA4Jc6AYFYK/e14WJJdD8PVh6w67XZGBDiOtgCGHv7XJLL1CAxkaLI2qoagaMUEiOtmj54SBID1EbAJ98lUkefWHbfzZjwqbhnkj6vCly5tk5IJ6Y+Cg1fEozRqLSLeCIjZZFsn1XNqeeRgARGRmBowoO3ZUQHb5ekQPYppmPtrdGseODdgcHU2sZY2BtHfGy2KjKG227XynC4SQ1m1WOmTD2mbPvXfXGfJC+uB2jb/DCGYwuQVQMa9wLXRvBpHyzA+d4jMhBpiLUmo+jECoYm/RXRtkyWT9us7U8CEhgYgSEJj/PV2zEl7m/U0lvsstPZxDCwtN88fNaei2wXRAdvlG2lki47nq1+jkJrxAMQjEhjWwmh8O2tnrje1ImlIZWT+5lsClZSuq4O26yAvKBSpBkq431lxYBQcG67GysZf1xbTudM8qdVRRf2NETQmyoehZiNPq/KbDcrzy8BCbREYCjCg7cyUi+vWw6IH22Jz7LdzG6hrGXMnjkulzwQEB2YLFFOfawNkYjPBWKDKqOIhK26fMKOwmJsqew28xAlc4WVhZ/0CCaVa0nhJZWa2JPZxgoDq2EEonIcAbeIE7aG1lslw5KdrBkyuihixw+fI16GAFrqyRDXgsBYr+FZckKS9yZ5Rf29R6i8FAlIYAoEhiI8nlGmT6TxrTImYLvmuAkYXbuaweoHgXk8QI5OQsrtWNu5kzykMo6Ic+DBS6zLVlZ5MOjCKZS4jaadXls4+HGs97DuC19WHA6trSCs1REP6zW2ZZrvJfdP0xBuByQ5ywIDYsWNgFDiaojR6HoVaIFL91AJSGCsBIYgPCg5TiApvgtkJgyhrSc8eCPlAUx6Ilks2GyPsWGRfataeeBNnDljJYI2u71EjMfsg3UjFmSLUOMGW/ym8eaOcRxMER9DaogOVu8uXpkwCCpifmiXrZombNetbcRcsMpB+9kaR1z+74O1eoafyAfqmCFx8VolIIEJEOi78MCH4bgkL6vl6qFMCW+2OJHSYEzFXPb6qTyLe2bj2DmU8cx7nYz79hWDc0ySg9aYdDWCjPPxBs4WBBby62VLXKTe8DkHK0XNvUrg47Nr22bsFU1n3Vy5d768QtOzeefU4yQgAQmslECfhcfO9VAi/oEMlj7VX9lsEthKIfOGgNijakuFbYBH1LbAZp8f0v8Tc4CAYDWCt3GyITB0Q1Cs1wgyZctgbeOhygoIWS+7JGFrYrZ9NgmrXwhRmwQkIAEJDJRAn4UHUfYEJhIoN1vBdSioGx8PrpfgSuISvjuUi5/jOslQIR2TFRzMpEgNZiWC0ucbtUsl+cIc5+cQxCYxCvDj/DYJSEACEhg4gb4KD6zQsZ6m6NuLBsb4YpUyyR5+03jYUnl26I3tD0zbWN1gnAhCtk/YClvEU4WYBvxNrpXkvGVahZBhlQMRQzXfl1e2x7eGDs3rl4AEJCCBMwj0UXjg08FDGtfEfQc0WbDEIOphSQiwJHsFHwWCBofs1YHnA8Gie9cPKxp4UTSOlgOaIi9VAhKQgAS6JtBH4YGhEZUvsUb/fNeA5uifDAW2UaiUe/m6Zkqkky5LbEpTq2PVTp1zXNpShyCasP4m5ZP05cbenAJrZJBQ92SR1Y2lLsIPSUACEpDAOAn0SXiw/E7a7D5J7jeQLRYcOV9VKwFkHRBUydYQqY5NI4PltvUPVglYCUGUECzZdSMYlDRf6nMgoPAVmbX5Jv2V1Q2u+dSuL9b+JSABCUhg+AT6Ijxwn8R3AN8HMh5wVux7I0UWl0xiFNgWutMG5daJV8ChtGkETbJ68Jkk/9KC/TtmXtiI4/gJY8TFFcrIrLkm3GBPqQqu8H9HkrGnq/b9HvP6JCABCYyOQB+EB5bPOCvi2EgcQZ/dJ1kVoLjWYWVdzbWyykFV2dlVjvVuFB70VKq9e6XZzh5DMOWnauzEULDd8bEqiLejm45UXQqiYScPQ0qz00hv3ansuSnMRoXcWeMp6nMcX2LpeyU08NTY7PpHd/M7IAlIQAISaJ9AH4QHjpTERJDh0GdL592TkOLLddKeU74c1MdYtJEiTGYIwoG4kB01SpMTT4FNNmJk0da4WbIi04ibeVNZF+3L4yUgAQlIQAKbEuhaeJA+SQYLgYv33PRquzuA4NEjyj2TYNFDykVyFVdE5gvVaUknJWaElFVss0+qPsgqIch2o4BOBAp22TiAsmKCZTbGa0MIzl0FQ88hAQlIQAIDIdC18MDxkpUD6lJQe6NvDS8OgkXZviD+gaJnZHXYJCABCUhAAhJYgkCXwoOAUrZWeFsno6VPpcz3rOJmrELQcM9kO4g4DJsEJCABCUhAAksS6FJ4kNHBNgIBpQQ79qHhpvmsJLesiyHl9UnlzEnwq00CEpCABCQggS0Q6FJ44G+B6CCuoetGrAlVUCmzTiM+Ak8RRMiQitN1zdH+JSABCUhAAhsS6FJ4YE5F2e8urwE4j6n0WMQHqxqPTnJ4EtJObRKQgAQkIAEJrJBAlw/9RniQ0YGjZ5uNLR78NPZLskd1jG/GgeWf0ea12JcEJCABCUhgMgS6FB5UNWW1oa0CamylYOJFpspeMzOM+dcLOhA/k7nJHKgEJCABCUigIdCl8GCbBeHBn8ckeXJ5ehBf0bSLJrlaOXO+p0qm8387l5cGjp3UEMEoCyMvPCzOVR/mvFiFk6FCui4On02jjyNLbBzr7SABCUhAAhKQQDsEuhQejJDiac1PM2IKqH24TLVYnVjGsXM9eidXsTMyaFjlsElAAhKQgAQk0DKBroUHw71wCQKuhZWJZRt+IDh17pLkK7UKwr9Z0TguyenLntjPSUACEpCABCSwGgJ9EB6zI8E+nK0RCrG9O8lbqogZx5B10tRJwcjrtNUg8CwSkIAEJCABCbRFoG/Co61x248EJCABCUhAAh0QUHh0AN0uJSABCUhAAlMloPCY6sw7bglIQAISkEAHBBQeHUC3SwlIQAISkMBUCSg8pjrzjlsCEpCABCTQAQGFRwfQ7VICEpCABCQwVQIKj6nOvOOWgAQkIAEJdEBA4dEBdLuUgAQkIAEJTJWAwmOqM++4JSABCUhAAh0QUHh0AN0uJSABCUhAAlMloPCY6sw7bglIQAISkEAHBBQeHUC3SwlIQAISkMBUCSg8pjrzjlsCEpCABCTQAQGFRwfQ7VICEpCABCQwVQIKj6nOvOOWgAQkIAEJdEBA4dEBdLuUgAQkIAEJTJWAwmOqM++4JSABCUhAAh0QUHh0AN0uJSABCUhAAlMloPCY6sw7bglIQAISkEAHBBQeHUC3SwlIQAISkMBUCSg8pjrzjlsCEpCABCTQAQGFRwfQ7VICEpCABCQwVQIKj6nOvOOWgAQkIAEJdEBA4dEBdLuUgAQkIAEJTJWAwmOqM++4JSABCUhAAh0QUHh0AN0uJSABCUhAAlMloPCY6sw7bglIQAISkEAHBBQeHUC3SwlIQAISkMBUCSg8pjrzjlsCEpCABCTQAQGFRwfQ7VICEpCABCQwVQIKj6nOvOOWgAQkIAEJdEBA4dEBdLuUgAQkIAEJTJWAwmOqM++4JSABCUhAAh0QUHh0AN0uJSABCUhAAlMloPCY6sw7bglIQAISkEAHBBQeHUC3SwlIQAISkMBUCSg8pjrzjlsCEpCABCTQAYFfA30SHroPOQxAAAAAAElFTkSuQmCC', 'Diciembre', 2023, '2023-11-10 20:56:10', '2023-11-10 20:56:10', NULL);

CREATE TABLE IF NOT EXISTS `failed_jobs` (
  `id` bigint unsigned NOT NULL AUTO_INCREMENT,
  `uuid` varchar(255) COLLATE utf8mb4_unicode_ci NOT NULL,
  `connection` text COLLATE utf8mb4_unicode_ci NOT NULL,
  `queue` text COLLATE utf8mb4_unicode_ci NOT NULL,
  `payload` longtext COLLATE utf8mb4_unicode_ci NOT NULL,
  `exception` longtext COLLATE utf8mb4_unicode_ci NOT NULL,
  `failed_at` timestamp NOT NULL DEFAULT CURRENT_TIMESTAMP,
  PRIMARY KEY (`id`),
  UNIQUE KEY `failed_jobs_uuid_unique` (`uuid`)
) ENGINE=InnoDB DEFAULT CHARSET=utf8mb4 COLLATE=utf8mb4_unicode_ci;


CREATE TABLE IF NOT EXISTS `invima_registrations` (
  `id` int unsigned NOT NULL AUTO_INCREMENT,
  `generic_name` varchar(255) CHARACTER SET utf8mb4 COLLATE utf8mb4_unicode_ci NOT NULL,
  `tradename` varchar(255) CHARACTER SET utf8mb4 COLLATE utf8mb4_unicode_ci NOT NULL,
  `health_register` varchar(255) COLLATE utf8mb4_unicode_ci NOT NULL,
  `state_invima` varchar(50) CHARACTER SET utf8mb4 COLLATE utf8mb4_unicode_ci NOT NULL,
  `validity_registration` varchar(255) COLLATE utf8mb4_unicode_ci NOT NULL,
  `laboratory_manufacturer` varchar(255) COLLATE utf8mb4_unicode_ci NOT NULL,
  `pharmaceutical_form` varchar(255) CHARACTER SET utf8mb4 COLLATE utf8mb4_unicode_ci NOT NULL,
  `created_at` timestamp NULL DEFAULT NULL,
  `updated_at` timestamp NULL DEFAULT NULL,
  `deleted_at` timestamp NULL DEFAULT NULL,
  PRIMARY KEY (`id`)
) ENGINE=InnoDB AUTO_INCREMENT=16 DEFAULT CHARSET=utf8mb4 COLLATE=utf8mb4_unicode_ci;

INSERT INTO `invima_registrations` (`id`, `generic_name`, `tradename`, `health_register`, `state_invima`, `validity_registration`, `laboratory_manufacturer`, `pharmaceutical_form`, `created_at`, `updated_at`, `deleted_at`) VALUES
	(5, 'OXICODONA', 'OXYRAPID', '2019M-0015191-R1', 'Vigente', '2024-07-03', 'MUNDIPHARMA', 'Solucion inyectable', '2023-11-07 19:23:53', '2023-11-09 16:35:39', NULL),
	(6, 'NOREPINEFRINA', 'NOLTRON', '2014M-0003455-R1', 'En tramite', '2019-12-01', 'ADS PHARMA S.A.S.', 'Solucion inyectable', '2023-11-08 13:48:03', '2023-11-09 16:40:09', NULL),
	(7, 'GELOFUSINE', 'GELOFUSINE', '2017M-0012585-R1', 'No vigente', '2022-06-09', 'B. BRAUN', 'Solucion inyectable', '2023-11-08 13:52:06', '2023-11-09 16:40:24', NULL),
	(8, 'GELOFUSINE', 'GELOFUSINE', '2017M-0012585-R1', 'No vigente', '2022-06-09', 'B. BRAUN', 'Solucion inyectable', '2023-11-08 13:52:06', '2023-11-09 16:40:24', NULL),
	(9, 'GELOFUSINE', 'GELOFUSINE', '2017M-0012585-R1', 'No vigente', '2022-06-09', 'B. BRAUN', 'Solucion inyectable', '2023-11-08 13:52:06', '2023-11-09 16:40:24', NULL),
	(10, 'GELOFUSINE', 'GELOFUSINE', '2017M-0012585-R1', 'No vigente', '2022-06-09', 'B. BRAUN', 'Solucion inyectable', '2023-11-08 13:52:06', '2023-11-09 16:40:24', NULL),
	(11, 'GELOFUSINE', 'GELOFUSINE', '2017M-0012585-R1', 'No vigente', '2022-06-09', 'B. BRAUN', 'Solucion inyectable', '2023-11-08 13:52:06', '2023-11-09 16:40:24', NULL),
	(12, 'GELOFUSINE', 'GELOFUSINE', '2017M-0012585-R1', 'No vigente', '2022-06-09', 'B. BRAUN', 'Solucion inyectable', '2023-11-08 13:52:06', '2023-11-09 16:40:24', NULL),
	(13, 'GELOFUSINE', 'GELOFUSINE', '2017M-0012585-R1', 'No vigente', '2022-06-09', 'B. BRAUN', 'Solucion inyectable', '2023-11-08 13:52:06', '2023-11-09 16:40:24', NULL),
	(14, 'GELOFUSINE', 'GELOFUSINE', '2017M-0012585-R1', 'No vigente', '2022-06-09', 'B. BRAUN', 'Solucion inyectable', '2023-11-08 13:52:06', '2023-11-09 16:40:24', NULL),
	(15, 'GELOFUSINE', 'GELOFUSINE', '2017M-0012585-R1', 'No vigente', '2022-06-09', 'B. BRAUN', 'Solucion inyectable', '2023-11-08 13:52:06', '2023-11-09 16:40:24', NULL);

CREATE TABLE IF NOT EXISTS `medication_templates` (
  `id` bigint unsigned NOT NULL AUTO_INCREMENT,
  `template_name` varchar(255) COLLATE utf8mb4_unicode_ci NOT NULL,
  `concentrationt` varchar(255) COLLATE utf8mb4_unicode_ci NOT NULL,
  `presentationt` varchar(255) COLLATE utf8mb4_unicode_ci NOT NULL,
  `received_amountt` int NOT NULL,
  `samplet` int NOT NULL,
  `invima_registrations_id` int unsigned NOT NULL,
  `created_at` timestamp NULL DEFAULT NULL,
  `updated_at` timestamp NULL DEFAULT NULL,
  `deleted_at` timestamp NULL DEFAULT NULL,
  PRIMARY KEY (`id`),
  KEY `medication_templates_invima_registrations_id_foreign` (`invima_registrations_id`)
) ENGINE=InnoDB AUTO_INCREMENT=10 DEFAULT CHARSET=utf8mb4 COLLATE=utf8mb4_unicode_ci;

INSERT INTO `medication_templates` (`id`, `template_name`, `concentrationt`, `presentationt`, `received_amountt`, `samplet`, `invima_registrations_id`, `created_at`, `updated_at`, `deleted_at`) VALUES
	(6, 'Oxicodona', '10 mg', 'Ampolla', 100, 10, 5, '2023-11-09 21:41:38', '2023-11-09 21:41:38', NULL),
	(7, 'GELOFUSINE', '150 mg', 'Ampolla', 100, 10, 7, '2023-11-09 21:50:10', '2023-11-10 19:01:08', NULL),
	(8, 'PRUEBA', '10 mg', 'iopiop', 100, 10, 6, '2023-11-14 21:48:28', '2023-11-14 21:48:43', NULL),
	(9, 'prueba', '500 mg', 'Caja x 100', 100, 10, 7, '2023-11-15 14:43:02', '2023-11-15 14:47:51', '2023-11-15 14:47:51');

CREATE TABLE IF NOT EXISTS `medicines` (
  `id` bigint unsigned NOT NULL AUTO_INCREMENT,
  `admission_date` date NOT NULL,
  `act_number` int NOT NULL,
  `generic_name` varchar(255) COLLATE utf8mb4_unicode_ci NOT NULL,
  `tradename` varchar(255) COLLATE utf8mb4_unicode_ci NOT NULL,
  `concentration` varchar(255) COLLATE utf8mb4_unicode_ci NOT NULL,
  `pharmaceutical_form` varchar(255) COLLATE utf8mb4_unicode_ci NOT NULL,
  `presentation` varchar(255) COLLATE utf8mb4_unicode_ci NOT NULL,
  `expiration_date` date NOT NULL,
  `lot_number` varchar(255) COLLATE utf8mb4_unicode_ci NOT NULL,
  `invima_registrations_id` int unsigned NOT NULL,
  `registration_validity` date NOT NULL,
  `manufacturer_laboratory` varchar(255) COLLATE utf8mb4_unicode_ci NOT NULL,
  `supplier` varchar(255) COLLATE utf8mb4_unicode_ci NOT NULL,
  `invoice_number` varchar(255) COLLATE utf8mb4_unicode_ci NOT NULL,
  `received_amount` int NOT NULL,
  `purchase_order` varchar(255) COLLATE utf8mb4_unicode_ci NOT NULL,
  `entered_by` varchar(255) COLLATE utf8mb4_unicode_ci NOT NULL,
  `sample` int NOT NULL,
  `lettering` varchar(255) CHARACTER SET utf8mb4 COLLATE utf8mb4_unicode_ci DEFAULT NULL,
  `packing` varchar(255) CHARACTER SET utf8mb4 COLLATE utf8mb4_unicode_ci DEFAULT NULL,
  `laminate` varchar(255) CHARACTER SET utf8mb4 COLLATE utf8mb4_unicode_ci DEFAULT NULL,
  `closing` varchar(255) CHARACTER SET utf8mb4 COLLATE utf8mb4_unicode_ci DEFAULT NULL,
  `all` varchar(255) CHARACTER SET utf8mb4 COLLATE utf8mb4_unicode_ci DEFAULT NULL,
  `liquids` varchar(255) CHARACTER SET utf8mb4 COLLATE utf8mb4_unicode_ci DEFAULT NULL,
  `semisolid` varchar(255) CHARACTER SET utf8mb4 COLLATE utf8mb4_unicode_ci DEFAULT NULL,
  `dust` varchar(255) CHARACTER SET utf8mb4 COLLATE utf8mb4_unicode_ci DEFAULT NULL,
  `tablet` varchar(255) CHARACTER SET utf8mb4 COLLATE utf8mb4_unicode_ci DEFAULT NULL,
  `capsule` varchar(255) CHARACTER SET utf8mb4 COLLATE utf8mb4_unicode_ci DEFAULT NULL,
  `arrival_temperature` varchar(255) COLLATE utf8mb4_unicode_ci NOT NULL,
  `observations` varchar(255) CHARACTER SET utf8mb4 COLLATE utf8mb4_unicode_ci DEFAULT NULL,
  `state` varchar(255) COLLATE utf8mb4_unicode_ci NOT NULL,
  `created_at` timestamp NULL DEFAULT NULL,
  `updated_at` timestamp NULL DEFAULT NULL,
  `deleted_at` timestamp NULL DEFAULT NULL,
  PRIMARY KEY (`id`),
  KEY `medicines_invima_registrations_id_foreign` (`invima_registrations_id`) USING BTREE,
  CONSTRAINT `medication_templates_invima_registrations_id_foreign` FOREIGN KEY (`invima_registrations_id`) REFERENCES `invima_registrations` (`id`)
) ENGINE=InnoDB AUTO_INCREMENT=25 DEFAULT CHARSET=utf8mb4 COLLATE=utf8mb4_unicode_ci;

INSERT INTO `medicines` (`id`, `admission_date`, `act_number`, `generic_name`, `tradename`, `concentration`, `pharmaceutical_form`, `presentation`, `expiration_date`, `lot_number`, `invima_registrations_id`, `registration_validity`, `manufacturer_laboratory`, `supplier`, `invoice_number`, `received_amount`, `purchase_order`, `entered_by`, `sample`, `lettering`, `packing`, `laminate`, `closing`, `all`, `liquids`, `semisolid`, `dust`, `tablet`, `capsule`, `arrival_temperature`, `observations`, `state`, `created_at`, `updated_at`, `deleted_at`) VALUES
	(15, '2023-11-22', 1, 'GELOFUSINE', 'GELOFUSINE', '150 mg', 'Solucion inyectable', 'Ampolla', '2023-11-30', '1234', 7, '2022-06-09', 'B. BRAUN', 'Fresenius', '1234', 100, 'Cumple', 'Administrador', 10, 'Optimo', 'Optimo', NULL, 'Optimo', 'Optimo', 'Optimo', NULL, NULL, NULL, NULL, 'N/A', NULL, 'Aceptado', '2023-11-22 14:24:31', '2023-11-23 18:46:47', NULL),
	(16, '2023-11-22', 2, 'OXICODONA', 'OXYRAPID', '10 mg', 'Solucion inyectable', 'Ampolla', '2023-11-30', '9', 5, '2024-07-03', 'MUNDIPHARMA', 'Sumintegral', '092', 100, 'No cumple', 'Administrador', 10, 'Critico', 'Mayor', NULL, 'Menor', 'Optimo', NULL, NULL, NULL, NULL, NULL, 'N/A', NULL, 'Rechazado', '2023-11-22 21:08:30', '2023-11-23 15:59:11', NULL),
	(17, '2023-11-22', 2, 'OXICODONA', 'OXYRAPID', '10 mg', 'Solucion inyectable', 'Ampolla', '2023-11-30', '9', 5, '2024-07-03', 'MUNDIPHARMA', 'Sumintegral', '092', 100, 'No cumple', 'Administrador', 10, 'Critico', 'Mayor', NULL, 'Menor', 'Optimo', NULL, NULL, NULL, NULL, NULL, 'N/A', NULL, 'Rechazado', '2023-11-22 21:08:30', '2023-11-23 15:59:11', NULL),
	(18, '2023-11-22', 2, 'OXICODONA', 'OXYRAPID', '10 mg', 'Solucion inyectable', 'Ampolla', '2023-11-30', '9', 5, '2024-07-03', 'MUNDIPHARMA', 'Sumintegral', '092', 100, 'No cumple', 'Administrador', 10, 'Critico', 'Mayor', NULL, 'Menor', 'Optimo', NULL, NULL, NULL, NULL, NULL, 'N/A', NULL, 'Rechazado', '2023-11-22 21:08:30', '2023-11-23 15:59:11', NULL),
	(19, '2023-11-22', 2, 'OXICODONA', 'OXYRAPID', '10 mg', 'Solucion inyectable', 'Ampolla', '2023-11-30', '9', 5, '2024-07-03', 'MUNDIPHARMA', 'Sumintegral', '092', 100, 'No cumple', 'Administrador', 10, 'Critico', 'Mayor', NULL, 'Menor', 'Optimo', NULL, NULL, NULL, NULL, NULL, 'N/A', NULL, 'Rechazado', '2023-11-22 21:08:30', '2023-11-23 15:59:11', NULL),
	(20, '2023-11-22', 2, 'OXICODONA', 'OXYRAPID', '10 mg', 'Solucion inyectable', 'Ampolla', '2023-11-30', '9', 5, '2024-07-03', 'MUNDIPHARMA', 'Sumintegral', '092', 100, 'No cumple', 'Administrador', 10, 'Critico', 'Mayor', NULL, 'Menor', 'Optimo', NULL, NULL, NULL, NULL, NULL, 'N/A', NULL, 'Rechazado', '2023-11-22 21:08:30', '2023-11-23 15:59:11', NULL),
	(21, '2023-11-22', 2, 'OXICODONA', 'OXYRAPID', '10 mg', 'Solucion inyectable', 'Ampolla', '2023-11-30', '9', 5, '2024-07-03', 'MUNDIPHARMA', 'Sumintegral', '092', 100, 'No cumple', 'Administrador', 10, 'Critico', 'Mayor', NULL, 'Menor', 'Optimo', NULL, NULL, NULL, NULL, NULL, 'N/A', NULL, 'Rechazado', '2023-11-22 21:08:30', '2023-11-23 15:59:11', NULL),
	(22, '2023-11-22', 2, 'OXICODONA', 'OXYRAPID', '10 mg', 'Solucion inyectable', 'Ampolla', '2023-11-30', '9', 5, '2024-07-03', 'MUNDIPHARMA', 'Sumintegral', '092', 100, 'No cumple', 'Administrador', 10, 'Critico', 'Mayor', NULL, 'Menor', 'Optimo', NULL, NULL, NULL, NULL, NULL, 'N/A', NULL, 'Rechazado', '2023-11-22 21:08:30', '2023-11-23 15:59:11', NULL),
	(23, '2023-11-22', 2, 'OXICODONA', 'OXYRAPID', '10 mg', 'Solucion inyectable', 'Ampolla', '2023-11-30', '9', 5, '2024-07-03', 'MUNDIPHARMA', 'Sumintegral', '092', 100, 'No cumple', 'Administrador', 10, 'Critico', 'Mayor', NULL, 'Menor', 'Optimo', NULL, NULL, NULL, NULL, NULL, 'N/A', NULL, 'Rechazado', '2023-11-22 21:08:30', '2023-11-23 15:59:11', NULL),
	(24, '2023-11-22', 3, 'OXICODONA', 'OXYRAPID', '10 mg', 'Solucion inyectable', 'Ampolla', '2023-11-30', '9', 5, '2024-07-03', 'MUNDIPHARMA', 'Sumintegral', '092', 100, 'No cumple', 'Administrador', 10, 'Critico', 'Mayor', NULL, 'Menor', 'Optimo', NULL, NULL, NULL, NULL, NULL, 'N/A', NULL, 'Rechazado', '2023-11-22 21:08:30', '2023-11-23 15:59:11', NULL);

CREATE TABLE IF NOT EXISTS `migrations` (
  `id` int unsigned NOT NULL AUTO_INCREMENT,
  `migration` varchar(255) COLLATE utf8mb4_unicode_ci NOT NULL,
  `batch` int NOT NULL,
  PRIMARY KEY (`id`)
) ENGINE=InnoDB AUTO_INCREMENT=22 DEFAULT CHARSET=utf8mb4 COLLATE=utf8mb4_unicode_ci;

INSERT INTO `migrations` (`id`, `migration`, `batch`) VALUES
	(1, '2014_10_12_000000_create_users_table', 1),
	(2, '2014_10_12_100000_create_password_resets_table', 1),
	(3, '2019_08_19_000000_create_failed_jobs_table', 1),
	(4, '2019_12_14_000001_create_personal_access_tokens_table', 1),
	(5, '2023_03_14_135314_create_permission_tables', 1),
	(6, '2023_03_15_200241_create_employes_table', 1),
	(7, '2023_03_15_205145_create_calendars_table', 1),
	(8, '2023_03_16_115621_create_attendances_table', 1),
	(13, '2023_06_14_141141_create_cards_table', 4),
	(14, '2023_06_21_090444_create_medicines_table', 5),
	(15, '2023_06_05_085103_create_contracts_table', 6),
	(16, '2023_06_05_120101_create_endowments_table', 7),
	(18, '2023_08_28_100422_create_invima_registrations_table', 8),
	(19, '2023_08_28_120904_create_medication_templates_table', 9),
	(21, '2023_11_02_094030_add_new_column_to_employes_table', 10);

CREATE TABLE IF NOT EXISTS `model_has_permissions` (
  `permission_id` bigint unsigned NOT NULL,
  `model_type` varchar(255) COLLATE utf8mb4_unicode_ci NOT NULL,
  `model_id` bigint unsigned NOT NULL,
  PRIMARY KEY (`permission_id`,`model_id`,`model_type`),
  KEY `model_has_permissions_model_id_model_type_index` (`model_id`,`model_type`),
  CONSTRAINT `model_has_permissions_permission_id_foreign` FOREIGN KEY (`permission_id`) REFERENCES `permissions` (`id`) ON DELETE CASCADE
) ENGINE=InnoDB DEFAULT CHARSET=utf8mb4 COLLATE=utf8mb4_unicode_ci;

INSERT INTO `model_has_permissions` (`permission_id`, `model_type`, `model_id`) VALUES
	(1, 'App\\Models\\User', 1),
	(2, 'App\\Models\\User', 1),
	(3, 'App\\Models\\User', 1),
	(4, 'App\\Models\\User', 1),
	(5, 'App\\Models\\User', 1),
	(6, 'App\\Models\\User', 1),
	(7, 'App\\Models\\User', 1),
	(8, 'App\\Models\\User', 1),
	(9, 'App\\Models\\User', 1),
	(10, 'App\\Models\\User', 1),
	(11, 'App\\Models\\User', 1),
	(12, 'App\\Models\\User', 1),
	(13, 'App\\Models\\User', 1),
	(14, 'App\\Models\\User', 1),
	(15, 'App\\Models\\User', 1),
	(16, 'App\\Models\\User', 1),
	(17, 'App\\Models\\User', 1),
	(18, 'App\\Models\\User', 1),
	(19, 'App\\Models\\User', 1),
	(20, 'App\\Models\\User', 1),
	(21, 'App\\Models\\User', 1),
	(22, 'App\\Models\\User', 1),
	(23, 'App\\Models\\User', 1),
	(24, 'App\\Models\\User', 1),
	(25, 'App\\Models\\User', 1),
	(46, 'App\\Models\\User', 12);

CREATE TABLE IF NOT EXISTS `model_has_roles` (
  `role_id` bigint unsigned NOT NULL,
  `model_type` varchar(255) COLLATE utf8mb4_unicode_ci NOT NULL,
  `model_id` bigint unsigned NOT NULL,
  PRIMARY KEY (`role_id`,`model_id`,`model_type`),
  KEY `model_has_roles_model_id_model_type_index` (`model_id`,`model_type`),
  CONSTRAINT `model_has_roles_role_id_foreign` FOREIGN KEY (`role_id`) REFERENCES `roles` (`id`) ON DELETE CASCADE
) ENGINE=InnoDB DEFAULT CHARSET=utf8mb4 COLLATE=utf8mb4_unicode_ci;

INSERT INTO `model_has_roles` (`role_id`, `model_type`, `model_id`) VALUES
	(1, 'App\\Models\\User', 1),
	(2, 'App\\Models\\User', 2),
	(1, 'App\\Models\\User', 8),
	(2, 'App\\Models\\User', 9),
	(2, 'App\\Models\\User', 10),
	(2, 'App\\Models\\User', 12),
	(2, 'App\\Models\\User', 18);

CREATE TABLE IF NOT EXISTS `password_resets` (
  `email` varchar(255) COLLATE utf8mb4_unicode_ci NOT NULL,
  `token` varchar(255) COLLATE utf8mb4_unicode_ci NOT NULL,
  `created_at` timestamp NULL DEFAULT NULL,
  KEY `password_resets_email_index` (`email`)
) ENGINE=InnoDB DEFAULT CHARSET=utf8mb4 COLLATE=utf8mb4_unicode_ci;


CREATE TABLE IF NOT EXISTS `permissions` (
  `id` bigint unsigned NOT NULL AUTO_INCREMENT,
  `name` varchar(255) COLLATE utf8mb4_unicode_ci NOT NULL,
  `display_name` varchar(255) COLLATE utf8mb4_unicode_ci NOT NULL,
  `guard_name` varchar(255) COLLATE utf8mb4_unicode_ci NOT NULL,
  `created_at` timestamp NULL DEFAULT NULL,
  `updated_at` timestamp NULL DEFAULT NULL,
  PRIMARY KEY (`id`),
  UNIQUE KEY `permissions_name_guard_name_unique` (`name`,`guard_name`)
) ENGINE=InnoDB AUTO_INCREMENT=47 DEFAULT CHARSET=utf8mb4 COLLATE=utf8mb4_unicode_ci;

INSERT INTO `permissions` (`id`, `name`, `display_name`, `guard_name`, `created_at`, `updated_at`) VALUES
	(1, 'view_user', 'Listar Usuario', 'web', NULL, NULL),
	(2, 'show_user', 'Ver Usuario', 'web', NULL, NULL),
	(3, 'create_user', 'Crear Usuario', 'web', NULL, NULL),
	(4, 'update_user', 'Actualizar Usuario', 'web', NULL, NULL),
	(5, 'destroy_user', 'Eliminar Usuario', 'web', NULL, NULL),
	(6, 'view_employes', 'Listar Empleado', 'web', NULL, NULL),
	(7, 'show_employes', 'Ver Empleado', 'web', NULL, NULL),
	(8, 'create_employes', 'Crear Empleado', 'web', NULL, NULL),
	(9, 'update_employes', 'Actualizar Empleado', 'web', NULL, NULL),
	(10, 'destroy_employes', 'Eliminar Empleado', 'web', NULL, NULL),
	(11, 'view_attendances', 'Listar asistencias', 'web', NULL, NULL),
	(12, 'show_attendances', 'Ver asistencias', 'web', NULL, NULL),
	(13, 'create_attendances', 'Crear asistencias', 'web', NULL, NULL),
	(14, 'update_attendances', 'Actualizar asistencias', 'web', NULL, NULL),
	(15, 'destroy_attendances', 'Eliminar asistencias', 'web', NULL, NULL),
	(16, 'view_calendars', 'Listar calendario', 'web', NULL, NULL),
	(17, 'show_calendars', 'Ver calendario', 'web', NULL, NULL),
	(18, 'create_calendars', 'Crear calendario', 'web', NULL, NULL),
	(19, 'update_calendars', 'Actualizar calendario', 'web', NULL, NULL),
	(20, 'destroy_calendars', 'Eliminar calendario', 'web', NULL, NULL),
	(21, 'view_role', 'Listar Roles', 'web', NULL, NULL),
	(22, 'show_role', 'Ver Roles', 'web', NULL, NULL),
	(23, 'create_role', 'Crear Roles', 'web', NULL, NULL),
	(24, 'update_role', 'Actualizar Roles', 'web', NULL, NULL),
	(25, 'destroy_role', 'Eliminar Roles', 'web', NULL, NULL),
	(26, 'view_contracts', 'Listar contratos', 'web', NULL, NULL),
	(27, 'show_contracts', 'Ver contratos', 'web', NULL, NULL),
	(28, 'create_contracts', 'Crear contratos', 'web', NULL, NULL),
	(29, 'update_contracts', 'Actualizar contratos', 'web', NULL, NULL),
	(30, 'destroy_contracts', 'Eliminar contratos', 'web', NULL, NULL),
	(31, 'view_endowments', 'Listar dotacion', 'web', NULL, NULL),
	(32, 'show_endowments', 'Ver dotacion', 'web', NULL, NULL),
	(33, 'create_endowments', 'Crear dotacion', 'web', NULL, NULL),
	(34, 'update_endowments', 'Actualizar dotacion', 'web', NULL, NULL),
	(35, 'destroy_endowments', 'Eliminar dotacion', 'web', NULL, NULL),
	(36, 'view_cards', 'Listar carnets', 'web', NULL, NULL),
	(37, 'show_cards', 'Ver carnets', 'web', NULL, NULL),
	(38, 'create_cards', 'Crear carnets', 'web', NULL, NULL),
	(39, 'update_cards', 'Actualizar carnets', 'web', NULL, NULL),
	(40, 'destroy_cards', 'Eliminar carnets', 'web', NULL, NULL),
	(41, 'view_medicines', 'Listar recepcion_medicamentos', 'web', NULL, NULL),
	(42, 'show_medicines', 'Ver recepcion_medicamentos', 'web', NULL, NULL),
	(43, 'create_medicines', 'Crear recepcion_medicamentos', 'web', NULL, NULL),
	(44, 'update_medicines', 'Actualizar recepcion_medicamentos', 'web', NULL, NULL),
	(45, 'destroy_medicines', 'Eliminar recepcion_medicamentos', 'web', NULL, NULL),
	(46, 'view_logistic', 'Listar asistencias_logistica', 'web', NULL, NULL);

CREATE TABLE IF NOT EXISTS `personal_access_tokens` (
  `id` bigint unsigned NOT NULL AUTO_INCREMENT,
  `tokenable_type` varchar(255) COLLATE utf8mb4_unicode_ci NOT NULL,
  `tokenable_id` bigint unsigned NOT NULL,
  `name` varchar(255) COLLATE utf8mb4_unicode_ci NOT NULL,
  `token` varchar(64) COLLATE utf8mb4_unicode_ci NOT NULL,
  `abilities` text COLLATE utf8mb4_unicode_ci,
  `last_used_at` timestamp NULL DEFAULT NULL,
  `created_at` timestamp NULL DEFAULT NULL,
  `updated_at` timestamp NULL DEFAULT NULL,
  PRIMARY KEY (`id`),
  UNIQUE KEY `personal_access_tokens_token_unique` (`token`),
  KEY `personal_access_tokens_tokenable_type_tokenable_id_index` (`tokenable_type`,`tokenable_id`)
) ENGINE=InnoDB DEFAULT CHARSET=utf8mb4 COLLATE=utf8mb4_unicode_ci;


CREATE TABLE IF NOT EXISTS `roles` (
  `id` bigint unsigned NOT NULL AUTO_INCREMENT,
  `name` varchar(255) COLLATE utf8mb4_unicode_ci NOT NULL,
  `display_name` varchar(255) COLLATE utf8mb4_unicode_ci NOT NULL,
  `guard_name` varchar(255) COLLATE utf8mb4_unicode_ci NOT NULL,
  `created_at` timestamp NULL DEFAULT NULL,
  `updated_at` timestamp NULL DEFAULT NULL,
  PRIMARY KEY (`id`),
  UNIQUE KEY `roles_name_guard_name_unique` (`name`,`guard_name`)
) ENGINE=InnoDB AUTO_INCREMENT=3 DEFAULT CHARSET=utf8mb4 COLLATE=utf8mb4_unicode_ci;

INSERT INTO `roles` (`id`, `name`, `display_name`, `guard_name`, `created_at`, `updated_at`) VALUES
	(1, 'Admin', 'Administrador', 'web', '2023-04-08 00:10:52', '2023-04-08 00:10:52'),
	(2, 'User', 'Usuario', 'web', '2023-04-08 00:10:52', '2023-04-08 00:10:52');

CREATE TABLE IF NOT EXISTS `role_has_permissions` (
  `permission_id` bigint unsigned NOT NULL,
  `role_id` bigint unsigned NOT NULL,
  PRIMARY KEY (`permission_id`,`role_id`),
  KEY `role_has_permissions_role_id_foreign` (`role_id`),
  CONSTRAINT `role_has_permissions_permission_id_foreign` FOREIGN KEY (`permission_id`) REFERENCES `permissions` (`id`) ON DELETE CASCADE,
  CONSTRAINT `role_has_permissions_role_id_foreign` FOREIGN KEY (`role_id`) REFERENCES `roles` (`id`) ON DELETE CASCADE
) ENGINE=InnoDB DEFAULT CHARSET=utf8mb4 COLLATE=utf8mb4_unicode_ci;

INSERT INTO `role_has_permissions` (`permission_id`, `role_id`) VALUES
	(1, 1),
	(2, 1),
	(3, 1),
	(4, 1),
	(5, 1),
	(6, 1),
	(7, 1),
	(8, 1),
	(9, 1),
	(10, 1),
	(11, 1),
	(12, 1),
	(13, 1),
	(14, 1),
	(15, 1),
	(16, 1),
	(17, 1),
	(18, 1),
	(19, 1),
	(20, 1),
	(21, 1),
	(22, 1),
	(23, 1),
	(24, 1),
	(25, 1),
	(26, 1),
	(27, 1),
	(28, 1),
	(29, 1),
	(30, 1),
	(31, 1),
	(32, 1),
	(33, 1),
	(34, 1),
	(35, 1),
	(36, 1),
	(37, 1),
	(38, 1),
	(39, 1),
	(40, 1),
	(41, 1),
	(42, 1),
	(43, 1),
	(44, 1),
	(45, 1),
	(46, 1);

CREATE TABLE IF NOT EXISTS `users` (
  `id` int unsigned NOT NULL AUTO_INCREMENT,
  `name` varchar(255) COLLATE utf8mb4_unicode_ci NOT NULL,
  `email` varchar(255) COLLATE utf8mb4_unicode_ci NOT NULL,
  `email_verified_at` timestamp NULL DEFAULT NULL,
  `password` varchar(255) COLLATE utf8mb4_unicode_ci NOT NULL,
  `remember_token` varchar(100) COLLATE utf8mb4_unicode_ci DEFAULT NULL,
  `created_at` timestamp NULL DEFAULT NULL,
  `updated_at` timestamp NULL DEFAULT NULL,
  PRIMARY KEY (`id`),
  UNIQUE KEY `users_email_unique` (`email`)
) ENGINE=InnoDB AUTO_INCREMENT=36 DEFAULT CHARSET=utf8mb4 COLLATE=utf8mb4_unicode_ci;

INSERT INTO `users` (`id`, `name`, `email`, `email_verified_at`, `password`, `remember_token`, `created_at`, `updated_at`) VALUES
	(1, 'Administrador', 'admin@cumi.com', NULL, '$2y$10$cXVLvs9JkKIq2OtLJni8jeJf/5wVsmiP2nkD4YrkgsnSa5Opmbkf.', NULL, '2023-04-08 00:10:52', '2023-04-08 00:10:52'),
	(2, 'Persona', 'persona@cumi.com', NULL, '$2y$10$cXVLvs9JkKIq2OtLJni8jeJf/5wVsmiP2nkD4YrkgsnSa5Opmbkf.', NULL, '2023-04-08 00:10:52', '2023-04-08 00:10:52'),
	(3, 'Palma Ledner', 'braxton.smitham@example.com', '2023-04-08 00:10:52', '$2y$10$92IXUNpkjO0rOQ5byMi.Ye4oKoEa3Ro9llC/.og/at2.uheWG/igi', 'Zn5DRXP4aF', '2023-04-08 00:10:52', '2023-04-08 00:10:52'),
	(4, 'Geovany Zboncak', 'eulah.thiel@example.com', '2023-04-08 00:10:52', '$2y$10$92IXUNpkjO0rOQ5byMi.Ye4oKoEa3Ro9llC/.og/at2.uheWG/igi', 'Yl5m28O5PD', '2023-04-08 00:10:52', '2023-04-08 00:10:52'),
	(5, 'Dr. Marilyne Ferry V', 'lenora.mckenzie@example.org', '2023-04-08 00:10:52', '$2y$10$92IXUNpkjO0rOQ5byMi.Ye4oKoEa3Ro9llC/.og/at2.uheWG/igi', '7oxnYeBlLz', '2023-04-08 00:10:52', '2023-04-08 00:10:52'),
	(6, 'Keara Hills', 'jodie.marvin@example.com', '2023-04-08 00:10:52', '$2y$10$92IXUNpkjO0rOQ5byMi.Ye4oKoEa3Ro9llC/.og/at2.uheWG/igi', 'ElPC3td3Pr', '2023-04-08 00:10:52', '2023-04-08 00:10:52'),
	(7, 'Dr. Kaleb Gorczany', 'sterling.terry@example.net', '2023-04-08 00:10:52', '$2y$10$92IXUNpkjO0rOQ5byMi.Ye4oKoEa3Ro9llC/.og/at2.uheWG/igi', '2wIexIUddq', '2023-04-08 00:10:52', '2023-04-08 00:10:52'),
	(8, 'Talento humano', 'th@cumi.com', NULL, '$2y$10$OuQOx7dawU2grHwVozqRVOiNOTQ.g5Dg7I1ow7H0CGQrciWC9L28u', NULL, '2023-04-13 22:23:43', '2023-04-13 22:23:43'),
	(9, 'Coordinacion', 'coordinacion@cumi.com', NULL, '$2y$10$S24CJh.F8YfRtQJxBJ9GfO5WgR5lCFOQzVBv2OUXbo5/3R1XKE10K', NULL, '2023-04-13 22:24:35', '2023-04-13 22:24:35'),
	(10, 'Prueba3', 'prueba3@gmail.com', NULL, '$2y$10$i3BYqes48i3DXdggkRZ.MeU3AOauu1qL.eWyic.iBDdI.P6phxrFK', NULL, '2023-04-14 20:37:17', '2023-05-11 20:02:36'),
	(11, 'mcb', 'mcb@cumi.com', NULL, '$2y$10$3iUnVwjKKw5Qpb7tm1FqsObGZ5s85BvOymOunLWt2CC266BkUodbu', NULL, '2023-05-18 15:48:58', '2023-05-18 15:48:58'),
	(12, 'Yisel Salazar', 'logistica@cumi.com', NULL, '$2y$10$yf96N5QrWv28zRAGdrqzXuG2VbBORfLJHpqcCSVeRIU8IhykLPQkm', NULL, '2023-07-31 18:51:42', '2023-07-31 18:51:42'),
	(34, 'prueba', 'prueba@cumi.com', NULL, '$2y$10$zzPU.ZSLbJRcB2aGP3jKjexIk5FNM/4c565ZvPxg0IfuBnq6gBmUa', NULL, '2023-09-11 13:56:31', '2023-09-11 13:56:31'),
	(35, 'prueba2', 'prueba2@cumi.com', NULL, '$2y$10$fbTLx5v0YYkuD/NK0XtCC.g.KQZUNc4lsOCegH.kisx8rBJ9wK6XK', NULL, '2023-09-11 15:12:12', '2023-09-11 15:12:12');

/*!40103 SET TIME_ZONE=IFNULL(@OLD_TIME_ZONE, 'system') */;
/*!40101 SET SQL_MODE=IFNULL(@OLD_SQL_MODE, '') */;
/*!40014 SET FOREIGN_KEY_CHECKS=IFNULL(@OLD_FOREIGN_KEY_CHECKS, 1) */;
/*!40101 SET CHARACTER_SET_CLIENT=@OLD_CHARACTER_SET_CLIENT */;
/*!40111 SET SQL_NOTES=IFNULL(@OLD_SQL_NOTES, 1) */;
