-- --------------------------------------------------------
-- Host:                         127.0.0.1
-- Versión del servidor:         8.0.30 - MySQL Community Server - GPL
-- SO del servidor:              Win64
-- HeidiSQL Versión:             12.1.0.6537
-- --------------------------------------------------------

/*!40101 SET @OLD_CHARACTER_SET_CLIENT=@@CHARACTER_SET_CLIENT */;
/*!40101 SET NAMES utf8 */;
/*!50503 SET NAMES utf8mb4 */;
/*!40103 SET @OLD_TIME_ZONE=@@TIME_ZONE */;
/*!40103 SET TIME_ZONE='+00:00' */;
/*!40014 SET @OLD_FOREIGN_KEY_CHECKS=@@FOREIGN_KEY_CHECKS, FOREIGN_KEY_CHECKS=0 */;
/*!40101 SET @OLD_SQL_MODE=@@SQL_MODE, SQL_MODE='NO_AUTO_VALUE_ON_ZERO' */;
/*!40111 SET @OLD_SQL_NOTES=@@SQL_NOTES, SQL_NOTES=0 */;


-- Volcando estructura de base de datos para cumisystem
CREATE DATABASE IF NOT EXISTS `cumisystem` /*!40100 DEFAULT CHARACTER SET utf8mb4 COLLATE utf8mb4_0900_ai_ci */ /*!80016 DEFAULT ENCRYPTION='N' */;
USE `cumisystem`;

-- Volcando estructura para tabla cumisystem.attendances
CREATE TABLE IF NOT EXISTS `attendances` (
  `id` int unsigned NOT NULL AUTO_INCREMENT,
  `workday` date NOT NULL,
  `aentry_time` varchar(255) COLLATE utf8mb4_unicode_ci NOT NULL,
  `adeparture_time` varchar(255) COLLATE utf8mb4_unicode_ci DEFAULT NULL,
  `employe_id` int unsigned NOT NULL,
  `created_at` timestamp NULL DEFAULT NULL,
  `updated_at` timestamp NULL DEFAULT NULL,
  `deleted_at` timestamp NULL DEFAULT NULL,
  PRIMARY KEY (`id`),
  KEY `attendances_employe_id_foreign` (`employe_id`),
  CONSTRAINT `attendances_employe_id_foreign` FOREIGN KEY (`employe_id`) REFERENCES `employes` (`id`)
) ENGINE=InnoDB AUTO_INCREMENT=1597 DEFAULT CHARSET=utf8mb4 COLLATE=utf8mb4_unicode_ci;

-- Volcando datos para la tabla cumisystem.attendances: ~484 rows (aproximadamente)
REPLACE INTO `attendances` (`id`, `workday`, `aentry_time`, `adeparture_time`, `employe_id`, `created_at`, `updated_at`, `deleted_at`) VALUES
	(1057, '2023-04-27', '15:20:23', '15:21:18', 1, '2023-05-10 13:19:45', '2023-05-10 13:19:46', NULL),
	(1058, '2023-04-27', '15:24:48', '15:25:16', 1, '2023-05-10 13:19:47', '2023-05-10 13:19:47', NULL),
	(1059, '2023-04-27', '15:24:54', '15:25:22', 2, '2023-05-10 13:19:47', '2023-05-10 13:19:47', NULL),
	(1060, '2023-04-27', '15:41:39', '15:42:26', 4, '2023-05-10 13:19:48', '2023-05-10 13:19:48', NULL),
	(1061, '2023-04-28', '06:09:20', '17:59:33', 13, '2023-05-10 13:19:48', '2023-05-10 13:49:20', NULL),
	(1062, '2023-04-28', '06:48:18', '17:11:28', 3, '2023-05-10 13:19:48', '2023-05-10 13:49:18', NULL),
	(1063, '2023-04-28', '07:37:03', '17:04:57', 17, '2023-05-10 13:19:49', '2023-05-10 13:49:16', NULL),
	(1064, '2023-04-28', '07:43:38', '17:12:42', 2, '2023-05-10 13:19:49', '2023-05-10 13:49:18', NULL),
	(1065, '2023-04-28', '07:46:40', '19:43:06', 4, '2023-05-10 13:19:49', '2023-05-10 13:49:20', NULL),
	(1066, '2023-04-28', '07:50:32', '17:57:27', 11, '2023-05-10 13:19:50', '2023-05-10 13:49:19', NULL),
	(1067, '2023-04-28', '07:50:36', '17:07:19', 20, '2023-05-10 13:19:50', '2023-05-10 13:49:16', NULL),
	(1068, '2023-04-28', '07:50:43', '17:09:04', 19, '2023-05-10 13:19:50', '2023-05-10 13:49:17', NULL),
	(1069, '2023-04-28', '07:53:23', '17:08:50', 15, '2023-05-10 13:19:50', '2023-05-10 13:49:16', NULL),
	(1070, '2023-04-28', '07:53:29', '17:09:08', 16, '2023-05-10 13:19:51', '2023-05-10 13:49:17', NULL),
	(1071, '2023-04-28', '07:53:38', '17:13:52', 14, '2023-05-10 13:19:51', '2023-05-10 13:49:19', NULL),
	(1072, '2023-04-28', '07:54:23', '17:14:00', 9, '2023-05-10 13:19:51', '2023-05-10 13:49:19', NULL),
	(1073, '2023-04-28', '07:55:06', '17:21:21', 8, '2023-05-10 13:19:51', '2023-05-10 13:49:19', NULL),
	(1074, '2023-04-28', '07:58:49', '17:08:58', 12, '2023-05-10 13:19:52', '2023-05-10 13:49:17', NULL),
	(1075, '2023-04-28', '07:59:53', '17:06:37', 10, '2023-05-10 13:19:52', '2023-05-10 13:49:16', NULL),
	(1076, '2023-04-28', '07:59:57', '19:43:02', 5, '2023-05-10 13:19:52', '2023-05-10 13:49:20', NULL),
	(1077, '2023-04-27', '15:20:23', '15:21:18', 1, '2023-05-10 13:49:09', '2023-05-10 13:49:09', NULL),
	(1078, '2023-04-27', '15:24:48', '15:25:16', 1, '2023-05-10 13:49:09', '2023-05-10 13:49:10', NULL),
	(1079, '2023-04-27', '15:24:54', '15:25:22', 2, '2023-05-10 13:49:09', '2023-05-10 13:49:10', NULL),
	(1080, '2023-04-27', '15:41:39', '15:42:26', 4, '2023-05-10 13:49:11', '2023-05-10 13:49:11', NULL),
	(1081, '2023-04-28', '08:07:29', '18:18:27', 1, '2023-05-10 13:49:15', '2023-05-10 13:49:20', NULL),
	(1082, '2023-04-28', '08:07:57', '17:09:32', 6, '2023-05-10 13:49:15', '2023-05-10 13:49:18', NULL),
	(1083, '2023-04-28', '08:35:12', '17:11:08', 21, '2023-05-10 13:49:15', '2023-05-10 13:49:18', NULL),
	(1084, '2023-04-29', '06:52:07', '13:13:57', 4, '2023-05-10 13:49:21', '2023-05-10 22:07:52', NULL),
	(1085, '2023-04-29', '07:07:18', '13:10:49', 21, '2023-05-10 13:49:21', '2023-05-10 22:07:51', NULL),
	(1086, '2023-04-29', '07:45:26', '13:02:51', 17, '2023-05-10 13:49:22', '2023-05-10 22:07:48', NULL),
	(1087, '2023-04-29', '07:46:15', '13:12:34', 14, '2023-05-10 13:49:22', '2023-05-10 22:07:51', NULL),
	(1088, '2023-04-29', '07:49:57', '13:05:20', 19, '2023-05-10 13:49:22', '2023-05-10 22:07:49', NULL),
	(1089, '2023-04-29', '07:50:28', '13:05:39', 3, '2023-05-10 13:49:22', '2023-05-10 22:07:49', NULL),
	(1090, '2023-04-29', '07:51:26', NULL, 20, '2023-05-10 13:49:22', '2023-05-10 13:49:22', NULL),
	(1091, '2023-04-29', '07:51:32', '13:03:29', 15, '2023-05-10 13:49:23', '2023-05-10 22:07:49', NULL),
	(1092, '2023-04-29', '07:51:37', '13:10:39', 11, '2023-05-10 13:49:23', '2023-05-10 22:07:51', NULL),
	(1093, '2023-04-29', '07:54:30', '13:43:46', 2, '2023-05-10 13:49:23', '2023-05-10 22:07:52', NULL),
	(1094, '2023-04-29', '07:54:42', '12:08:11', 9, '2023-05-10 13:49:23', '2023-05-10 22:07:48', NULL),
	(1095, '2023-04-29', '07:57:35', '13:44:26', 5, '2023-05-10 13:49:24', '2023-05-10 22:07:52', NULL),
	(1096, '2023-05-09', '09:30:23', '09:49:23', 1, '2023-05-10 13:50:09', '2023-05-10 13:50:10', NULL),
	(1097, '2023-05-09', '09:50:27', '09:50:46', 3, '2023-05-10 13:50:10', '2023-05-10 13:50:11', NULL),
	(1098, '2023-05-09', '09:50:52', '09:51:25', 3, '2023-05-10 13:50:11', '2023-05-10 13:50:11', NULL),
	(1099, '2023-05-09', '09:55:39', '09:58:54', 1, '2023-05-10 13:50:12', '2023-05-10 13:50:13', NULL),
	(1100, '2023-05-09', '10:01:10', '10:01:25', 1, '2023-05-10 13:50:13', '2023-05-10 13:50:14', NULL),
	(1101, '2023-05-09', '10:06:03', '10:06:47', 1, '2023-05-10 13:50:14', '2023-05-10 13:50:15', NULL),
	(1102, '2023-05-09', '10:07:10', '10:07:20', 1, '2023-05-10 13:50:16', '2023-05-10 13:50:16', NULL),
	(1103, '2023-05-09', '10:10:53', '10:11:12', 1, '2023-05-10 13:50:16', '2023-05-10 13:50:16', NULL),
	(1104, '2023-05-09', '10:13:19', '11:17:55', 1, '2023-05-10 13:50:17', '2023-05-10 13:50:18', NULL),
	(1105, '2023-05-09', '11:18:18', '11:18:35', 3, '2023-05-10 13:50:18', '2023-05-10 13:50:18', NULL),
	(1106, '2023-05-09', '11:18:48', '11:21:00', 3, '2023-05-10 13:50:19', '2023-05-10 13:50:20', NULL),
	(1107, '2023-05-09', '11:21:07', '13:28:16', 3, '2023-05-10 13:50:20', '2023-05-10 13:50:22', NULL),
	(1108, '2023-05-09', '11:29:13', '13:38:10', 1, '2023-05-10 13:50:20', '2023-05-10 13:50:23', NULL),
	(1109, '2023-05-09', '12:37:46', NULL, 4, '2023-05-10 13:50:21', '2023-05-10 13:50:21', NULL),
	(1110, '2023-05-09', '13:28:23', '13:28:35', 3, '2023-05-10 13:50:22', '2023-05-10 13:50:23', NULL),
	(1111, '2023-05-09', '13:38:14', '13:38:44', 1, '2023-05-10 13:50:24', '2023-05-10 13:50:24', NULL),
	(1112, '2023-04-27', '15:20:23', '15:21:18', 1, '2023-05-10 13:52:33', '2023-05-10 13:52:33', NULL),
	(1113, '2023-04-27', '15:24:48', '15:25:16', 1, '2023-05-10 13:52:34', '2023-05-10 13:52:34', NULL),
	(1114, '2023-04-27', '15:24:54', '15:25:22', 2, '2023-05-10 13:52:34', '2023-05-10 13:52:34', NULL),
	(1115, '2023-04-27', '15:41:39', '15:42:26', 4, '2023-05-10 13:52:35', '2023-05-10 13:52:35', NULL),
	(1116, '2023-04-28', '06:09:20', '17:59:33', 13, '2023-05-10 13:52:35', '2023-05-10 13:52:45', NULL),
	(1117, '2023-04-28', '06:48:18', '17:11:28', 3, '2023-05-10 13:52:36', '2023-05-10 13:52:44', NULL),
	(1118, '2023-04-28', '07:37:03', '17:04:57', 17, '2023-05-10 13:52:36', '2023-05-10 13:52:41', NULL),
	(1119, '2023-04-28', '07:43:38', '17:12:42', 2, '2023-05-10 13:52:36', '2023-05-10 13:52:44', NULL),
	(1120, '2023-04-28', '07:46:40', '19:43:06', 4, '2023-05-10 13:52:36', '2023-05-10 13:52:46', NULL),
	(1121, '2023-04-28', '07:50:32', '17:57:27', 11, '2023-05-10 13:52:37', '2023-05-10 13:52:45', NULL),
	(1122, '2023-04-28', '07:50:36', '17:07:19', 20, '2023-05-10 13:52:37', '2023-05-10 13:52:42', NULL),
	(1123, '2023-04-28', '07:50:43', '17:09:04', 19, '2023-05-10 13:52:37', '2023-05-10 13:52:43', NULL),
	(1124, '2023-04-28', '07:53:23', '17:08:50', 15, '2023-05-10 13:52:37', '2023-05-10 13:52:42', NULL),
	(1125, '2023-04-28', '07:53:29', '17:09:08', 16, '2023-05-10 13:52:38', '2023-05-10 13:52:43', NULL),
	(1126, '2023-04-28', '07:53:38', '17:13:52', 14, '2023-05-10 13:52:38', '2023-05-10 13:52:44', NULL),
	(1127, '2023-04-28', '07:54:23', '17:14:00', 9, '2023-05-10 13:52:38', '2023-05-10 13:52:44', NULL),
	(1128, '2023-04-28', '07:55:06', '17:21:21', 8, '2023-05-10 13:52:38', '2023-05-10 13:52:45', NULL),
	(1129, '2023-04-28', '07:58:49', '17:08:58', 12, '2023-05-10 13:52:39', '2023-05-10 13:52:42', NULL),
	(1130, '2023-04-28', '07:59:53', '17:06:37', 10, '2023-05-10 13:52:39', '2023-05-10 13:52:41', NULL),
	(1131, '2023-04-28', '07:59:57', '19:43:02', 5, '2023-05-10 13:52:39', '2023-05-10 13:52:46', NULL),
	(1132, '2023-04-28', '08:07:29', '18:18:27', 1, '2023-05-10 13:52:40', '2023-05-10 13:52:45', NULL),
	(1133, '2023-04-28', '08:07:57', '17:09:32', 6, '2023-05-10 13:52:40', '2023-05-10 13:52:43', NULL),
	(1134, '2023-04-28', '08:35:12', '17:11:08', 21, '2023-05-10 13:52:41', '2023-05-10 13:52:43', NULL),
	(1135, '2023-05-09', '09:12:32', '09:14:33', 1, '2023-05-10 13:53:33', '2023-05-10 13:53:33', NULL),
	(1136, '2023-05-09', '09:14:44', '09:49:23', 1, '2023-05-10 13:53:33', '2023-05-10 13:53:35', NULL),
	(1137, '2023-05-09', '09:50:27', '09:50:46', 3, '2023-05-10 13:53:35', '2023-05-10 13:53:35', NULL),
	(1138, '2023-05-09', '09:50:52', '09:51:25', 3, '2023-05-10 13:53:35', '2023-05-10 13:53:36', NULL),
	(1139, '2023-05-09', '09:55:39', '09:58:54', 1, '2023-05-10 13:53:36', '2023-05-10 13:53:37', NULL),
	(1140, '2023-05-09', '10:01:10', '10:01:25', 1, '2023-05-10 13:53:38', '2023-05-10 13:53:38', NULL),
	(1141, '2023-05-09', '10:06:03', '10:06:47', 1, '2023-05-10 13:53:38', '2023-05-10 13:53:39', NULL),
	(1142, '2023-05-09', '10:07:10', '10:07:20', 1, '2023-05-10 13:53:40', '2023-05-10 13:53:40', NULL),
	(1143, '2023-05-09', '10:10:53', '10:11:12', 1, '2023-05-10 13:53:41', '2023-05-10 13:53:41', NULL),
	(1144, '2023-05-09', '10:13:19', '11:17:55', 1, '2023-05-10 13:53:41', '2023-05-10 13:53:42', NULL),
	(1145, '2023-05-09', '11:18:18', '11:18:35', 3, '2023-05-10 13:53:43', '2023-05-10 13:53:43', NULL),
	(1146, '2023-05-09', '11:18:48', '11:21:00', 3, '2023-05-10 13:53:43', '2023-05-10 13:53:44', NULL),
	(1147, '2023-05-09', '11:21:07', '13:28:16', 3, '2023-05-10 13:53:45', '2023-05-10 13:53:47', NULL),
	(1148, '2023-05-09', '11:29:13', NULL, 1, '2023-05-10 13:53:45', '2023-05-10 13:53:45', NULL),
	(1149, '2023-05-09', '13:28:23', '13:28:35', 3, '2023-05-10 13:53:47', '2023-05-10 13:53:47', NULL),
	(1150, '2023-05-10', '09:13:32', '09:18:20', 1, '2023-05-10 14:15:34', '2023-05-10 14:26:24', NULL),
	(1151, '2023-05-02', '06:10:15', '17:09:27', 13, '2023-05-10 14:20:39', '2023-05-10 14:20:47', NULL),
	(1152, '2023-05-02', '06:35:57', '17:18:29', 4, '2023-05-10 14:20:39', '2023-05-10 14:20:49', NULL),
	(1153, '2023-05-02', '06:53:57', '17:15:55', 5, '2023-05-10 14:20:40', '2023-05-10 14:20:48', NULL),
	(1154, '2023-05-02', '07:19:09', '14:15:47', 1, '2023-05-10 14:20:40', '2023-05-10 14:20:45', NULL),
	(1155, '2023-05-02', '07:29:07', '17:04:04', 17, '2023-05-10 14:20:40', '2023-05-10 14:20:45', NULL),
	(1156, '2023-05-02', '07:31:30', '17:51:19', 8, '2023-05-10 14:20:40', '2023-05-10 14:20:49', NULL),
	(1157, '2023-05-02', '07:51:35', '17:15:50', 9, '2023-05-10 14:20:41', '2023-05-10 14:20:48', NULL),
	(1158, '2023-05-02', '07:52:01', '17:05:29', 15, '2023-05-10 14:20:41', '2023-05-10 14:20:45', NULL),
	(1159, '2023-05-02', '07:52:12', '17:05:24', 14, '2023-05-10 14:20:41', '2023-05-10 14:20:45', NULL),
	(1160, '2023-05-02', '07:52:18', '17:07:58', 3, '2023-05-10 14:20:41', '2023-05-10 14:20:47', NULL),
	(1161, '2023-05-02', '07:55:02', '17:09:16', 22, '2023-05-10 14:20:42', '2023-05-10 14:20:47', NULL),
	(1162, '2023-05-02', '07:55:09', '17:07:49', 19, '2023-05-10 14:20:42', '2023-05-10 14:20:46', NULL),
	(1163, '2023-05-02', '07:59:02', '17:11:59', 21, '2023-05-10 14:20:42', '2023-05-10 14:20:48', NULL),
	(1164, '2023-05-02', '07:59:11', '12:39:50', 11, '2023-05-10 14:20:42', '2023-05-10 14:20:44', NULL),
	(1165, '2023-05-02', '07:59:38', '17:09:56', 12, '2023-05-10 14:20:43', '2023-05-10 14:20:48', NULL),
	(1166, '2023-05-02', '08:00:53', '17:06:55', 16, '2023-05-10 14:20:43', '2023-05-10 14:20:46', NULL),
	(1167, '2023-05-02', '08:02:44', '17:07:02', 18, '2023-05-10 14:20:44', '2023-05-10 14:20:46', NULL),
	(1168, '2023-05-02', '08:05:53', '17:07:54', 2, '2023-05-10 14:20:44', '2023-05-10 14:20:46', NULL),
	(1169, '2023-05-02', '08:07:16', '17:09:13', 10, '2023-05-10 14:20:44', '2023-05-10 14:20:47', NULL),
	(1170, '2023-05-02', '08:08:47', '17:30:02', 6, '2023-05-10 14:20:44', '2023-05-10 14:20:49', NULL),
	(1171, '2023-05-03', '06:06:51', '17:59:14', 13, '2023-05-10 14:25:16', '2023-05-10 14:25:26', NULL),
	(1172, '2023-05-03', '07:26:57', '17:06:18', 17, '2023-05-10 14:25:17', '2023-05-10 14:25:22', NULL),
	(1173, '2023-05-03', '07:28:43', '17:21:41', 8, '2023-05-10 14:25:17', '2023-05-10 14:25:25', NULL),
	(1174, '2023-05-03', '07:40:51', '17:16:45', 9, '2023-05-10 14:25:17', '2023-05-10 14:25:24', NULL),
	(1175, '2023-05-03', '07:46:10', '17:07:39', 19, '2023-05-10 14:25:17', '2023-05-10 14:25:23', NULL),
	(1176, '2023-05-03', '07:46:15', '17:10:34', 22, '2023-05-10 14:25:18', '2023-05-10 14:25:23', NULL),
	(1177, '2023-05-03', '07:48:29', '17:08:46', 3, '2023-05-10 14:25:18', '2023-05-10 14:25:23', NULL),
	(1178, '2023-05-03', '07:50:35', '17:11:16', 16, '2023-05-10 14:25:18', '2023-05-10 14:25:24', NULL),
	(1179, '2023-05-03', '07:50:57', '17:15:22', 15, '2023-05-10 14:25:18', '2023-05-10 14:25:24', NULL),
	(1180, '2023-05-03', '07:53:46', '17:29:49', 21, '2023-05-10 14:25:19', '2023-05-10 14:25:25', NULL),
	(1181, '2023-05-03', '07:53:52', '17:09:53', 14, '2023-05-10 14:25:19', '2023-05-10 14:25:23', NULL),
	(1182, '2023-05-03', '07:55:56', '17:13:58', 12, '2023-05-10 14:25:19', '2023-05-10 14:25:24', NULL),
	(1183, '2023-05-03', '07:56:05', '17:05:45', 10, '2023-05-10 14:25:19', '2023-05-10 14:25:22', NULL),
	(1184, '2023-05-03', '07:58:24', '12:47:56', 11, '2023-05-10 14:25:19', '2023-05-10 14:25:21', NULL),
	(1185, '2023-05-03', '07:59:13', '17:38:21', 5, '2023-05-10 14:25:20', '2023-05-10 14:25:26', NULL),
	(1186, '2023-05-03', '08:00:11', '17:06:55', 18, '2023-05-10 14:25:20', '2023-05-10 14:25:23', NULL),
	(1187, '2023-05-03', '08:04:45', '17:21:17', 6, '2023-05-10 14:25:20', '2023-05-10 14:25:25', NULL),
	(1188, '2023-05-03', '08:13:36', '17:38:25', 4, '2023-05-10 14:25:20', '2023-05-10 14:25:26', NULL),
	(1189, '2023-05-03', '08:21:01', '17:18:24', 2, '2023-05-10 14:25:20', '2023-05-10 14:25:25', NULL),
	(1190, '2023-05-03', '08:49:24', '10:57:13', 1, '2023-05-10 14:25:21', '2023-05-10 14:25:21', NULL),
	(1191, '2023-05-03', '13:36:04', '17:29:33', 1, '2023-05-10 14:25:21', '2023-05-10 14:25:25', NULL),
	(1192, '2023-05-10', '09:13:32', '09:18:20', 1, '2023-05-10 14:26:47', '2023-05-10 14:26:48', NULL),
	(1193, '2023-05-10', '09:13:32', '09:18:20', 1, '2023-05-10 14:27:33', '2023-05-10 14:27:34', NULL),
	(1194, '2023-05-10', '09:30:55', '09:31:03', 1, '2023-05-10 14:31:23', '2023-05-10 14:31:23', NULL),
	(1195, '2023-05-04', '06:35:44', '17:11:07', 17, '2023-05-10 14:35:04', '2023-05-10 14:35:12', NULL),
	(1196, '2023-05-04', '07:19:46', '17:08:04', 13, '2023-05-10 14:35:04', '2023-05-10 14:35:11', NULL),
	(1197, '2023-05-04', '07:33:12', '17:46:03', 4, '2023-05-10 14:35:05', '2023-05-10 14:35:14', NULL),
	(1198, '2023-05-04', '07:44:05', '18:19:46', 9, '2023-05-10 14:35:05', '2023-05-10 14:35:14', NULL),
	(1199, '2023-05-04', '07:44:45', '17:21:34', 8, '2023-05-10 14:35:05', '2023-05-10 14:35:12', NULL),
	(1200, '2023-05-04', '07:45:48', '17:30:35', 2, '2023-05-10 14:35:05', '2023-05-10 14:35:12', NULL),
	(1201, '2023-05-04', '07:46:32', '17:07:58', 3, '2023-05-10 14:35:05', '2023-05-10 14:35:11', NULL),
	(1202, '2023-05-04', '07:53:13', '17:06:31', 10, '2023-05-10 14:35:06', '2023-05-10 14:35:10', NULL),
	(1203, '2023-05-04', '07:53:16', '17:04:58', 14, '2023-05-10 14:35:07', '2023-05-10 14:35:10', NULL),
	(1204, '2023-05-04', '07:55:30', '17:10:02', 16, '2023-05-10 14:35:07', '2023-05-10 14:35:11', NULL),
	(1205, '2023-05-04', '07:56:44', '17:07:13', 19, '2023-05-10 14:35:07', '2023-05-10 14:35:10', NULL),
	(1206, '2023-05-04', '07:56:48', '18:10:19', 22, '2023-05-10 14:35:07', '2023-05-10 14:35:14', NULL),
	(1207, '2023-05-04', '07:57:15', '13:00:34', 11, '2023-05-10 14:35:08', '2023-05-10 14:35:09', NULL),
	(1208, '2023-05-04', '07:59:13', '17:38:11', 5, '2023-05-10 14:35:08', '2023-05-10 14:35:13', NULL),
	(1209, '2023-05-04', '08:00:07', '17:07:09', 12, '2023-05-10 14:35:08', '2023-05-10 14:35:10', NULL),
	(1210, '2023-05-04', '08:01:53', '17:07:19', 18, '2023-05-10 14:35:08', '2023-05-10 14:35:11', NULL),
	(1211, '2023-05-04', '08:02:36', '17:08:40', 15, '2023-05-10 14:35:09', '2023-05-10 14:35:11', NULL),
	(1212, '2023-05-04', '08:08:10', NULL, 6, '2023-05-10 14:35:09', '2023-05-10 14:35:09', NULL),
	(1213, '2023-05-04', '08:08:15', '17:30:41', 1, '2023-05-10 14:35:09', '2023-05-10 14:35:13', NULL),
	(1214, '2023-05-05', '06:04:03', '17:13:03', 4, '2023-05-10 14:36:09', '2023-05-10 14:36:17', NULL),
	(1215, '2023-05-05', '06:11:29', '17:08:17', 13, '2023-05-10 14:36:10', '2023-05-10 14:36:16', NULL),
	(1216, '2023-05-05', '06:36:46', '18:43:23', 9, '2023-05-10 14:36:10', '2023-05-10 14:36:18', NULL),
	(1217, '2023-05-05', '07:39:35', '17:31:13', 8, '2023-05-10 14:36:10', '2023-05-10 14:36:18', NULL),
	(1218, '2023-05-05', '07:45:18', '17:06:38', 17, '2023-05-10 14:36:10', '2023-05-10 14:36:16', NULL),
	(1219, '2023-05-05', '07:48:14', '17:10:12', 3, '2023-05-10 14:36:11', '2023-05-10 14:36:17', NULL),
	(1220, '2023-05-05', '07:49:41', NULL, 19, '2023-05-10 14:36:11', '2023-05-10 14:36:11', NULL),
	(1221, '2023-05-05', '07:50:10', '17:06:34', 15, '2023-05-10 14:36:11', '2023-05-10 14:36:16', NULL),
	(1222, '2023-05-05', '07:51:12', NULL, 2, '2023-05-10 14:36:11', '2023-05-10 14:36:11', NULL),
	(1223, '2023-05-05', '07:53:21', '17:07:30', 16, '2023-05-10 14:36:12', '2023-05-10 14:36:16', NULL),
	(1224, '2023-05-05', '07:53:56', '17:05:06', 14, '2023-05-10 14:36:12', '2023-05-10 14:36:15', NULL),
	(1225, '2023-05-05', '07:58:04', '12:42:46', 11, '2023-05-10 14:36:12', '2023-05-10 14:36:14', NULL),
	(1226, '2023-05-05', '07:58:22', '17:16:12', 5, '2023-05-10 14:36:12', '2023-05-10 14:36:18', NULL),
	(1227, '2023-05-05', '08:00:03', '17:06:30', 12, '2023-05-10 14:36:13', '2023-05-10 14:36:15', NULL),
	(1228, '2023-05-05', '08:00:45', '09:00:18', 1, '2023-05-10 14:36:13', '2023-05-10 14:36:14', NULL),
	(1229, '2023-05-05', '08:03:33', '17:06:24', 18, '2023-05-10 14:36:13', '2023-05-10 14:36:15', NULL),
	(1230, '2023-05-05', '08:04:54', '17:16:17', 6, '2023-05-10 14:36:13', '2023-05-10 14:36:18', NULL),
	(1231, '2023-05-05', '09:12:05', '17:10:50', 1, '2023-05-10 14:36:14', '2023-05-10 14:36:17', NULL),
	(1232, '2023-05-06', '06:35:59', NULL, 9, '2023-05-10 14:38:14', '2023-05-10 14:38:14', NULL),
	(1233, '2023-05-06', '07:45:13', '13:11:59', 19, '2023-05-10 14:38:14', '2023-05-10 14:38:21', NULL),
	(1234, '2023-05-06', '07:48:10', '13:04:05', 3, '2023-05-10 14:38:14', '2023-05-10 14:38:20', NULL),
	(1235, '2023-05-06', '07:48:50', '13:14:49', 13, '2023-05-10 14:38:15', '2023-05-10 14:38:22', NULL),
	(1236, '2023-05-06', '07:52:57', '13:10:19', 2, '2023-05-10 14:38:15', '2023-05-10 14:38:21', NULL),
	(1237, '2023-05-06', '07:53:15', '13:03:25', 14, '2023-05-10 14:38:15', '2023-05-10 14:38:19', NULL),
	(1238, '2023-05-06', '07:53:59', '13:03:58', 16, '2023-05-10 14:38:15', '2023-05-10 14:38:20', NULL),
	(1239, '2023-05-06', '07:55:45', '13:12:04', 21, '2023-05-10 14:38:16', '2023-05-10 14:38:21', NULL),
	(1240, '2023-05-06', '07:55:57', '13:14:41', 11, '2023-05-10 14:38:16', '2023-05-10 14:38:21', NULL),
	(1241, '2023-05-06', '07:56:28', '13:05:17', 15, '2023-05-10 14:38:17', '2023-05-10 14:38:20', NULL),
	(1242, '2023-05-06', '07:57:04', '13:16:47', 4, '2023-05-10 14:38:17', '2023-05-10 14:38:22', NULL),
	(1243, '2023-05-06', '07:58:51', NULL, 12, '2023-05-10 14:38:17', '2023-05-10 14:38:17', NULL),
	(1244, '2023-05-06', '07:59:46', '13:03:21', 10, '2023-05-10 14:38:18', '2023-05-10 14:38:19', NULL),
	(1245, '2023-05-06', '08:01:56', '13:03:53', 18, '2023-05-10 14:38:18', '2023-05-10 14:38:19', NULL),
	(1246, '2023-05-06', '08:02:07', '13:16:43', 5, '2023-05-10 14:38:18', '2023-05-10 14:38:22', NULL),
	(1247, '2023-05-06', '08:10:11', '13:05:23', 17, '2023-05-10 14:38:18', '2023-05-10 14:38:20', NULL),
	(1248, '2023-05-06', '08:13:13', NULL, 6, '2023-05-10 14:38:19', '2023-05-10 14:38:19', NULL),
	(1250, '2023-05-10', '09:46:25', '09:57:16', 1, '2023-05-10 14:46:26', '2023-05-10 14:57:17', NULL),
	(1251, '2023-05-10', '09:59:20', '10:04:05', 1, '2023-05-10 14:59:22', '2023-05-10 15:04:06', NULL),
	(1252, '2023-05-10', '10:32:47', '10:47:03', 1, '2023-05-10 15:32:49', '2023-05-10 15:47:04', NULL),
	(1253, '2023-05-10', '11:30:15', '12:20:17', 1, '2023-05-10 16:30:17', '2023-05-10 17:20:19', NULL),
	(1258, '2023-05-10', '13:32:13', '16:45:06', 1, '2023-05-10 21:44:58', '2023-05-10 21:45:07', NULL),
	(1259, '2023-05-10', '17:02:01', '17:02:05', 23, '2023-05-10 22:02:02', '2023-05-10 22:02:06', NULL),
	(1260, '2023-05-10', '17:03:24', '17:03:48', 24, '2023-05-10 22:03:25', '2023-05-10 22:03:49', NULL),
	(1261, '2023-04-29', '07:57:44', '13:05:55', 18, '2023-05-10 22:07:46', '2023-05-10 22:07:50', NULL),
	(1262, '2023-04-29', '07:57:49', '13:10:23', 13, '2023-05-10 22:07:47', '2023-05-10 22:07:51', NULL),
	(1263, '2023-04-29', '07:58:15', '13:06:28', 12, '2023-05-10 22:07:47', '2023-05-10 22:07:50', NULL),
	(1264, '2023-04-29', '07:59:09', '13:43:51', 1, '2023-05-10 22:07:47', '2023-05-10 22:07:52', NULL),
	(1265, '2023-04-29', '08:02:24', '13:03:35', 10, '2023-05-10 22:07:47', '2023-05-10 22:07:49', NULL),
	(1266, '2023-04-29', '08:10:22', '13:44:31', 6, '2023-05-10 22:07:48', '2023-05-10 22:07:53', NULL),
	(1267, '2023-04-29', '08:10:58', NULL, 22, '2023-05-10 22:07:48', '2023-05-10 22:07:48', NULL),
	(1268, '2023-05-10', '16:57:58', '16:58:05', 20, '2023-05-10 22:08:45', '2023-05-10 22:08:45', NULL),
	(1269, '2023-05-11', '07:27:06', '17:21:50', 1, '2023-05-11 12:29:24', '2023-05-11 22:21:51', NULL),
	(1270, '2023-05-11', '07:30:50', '17:18:09', 13, '2023-05-11 12:31:06', '2023-05-11 22:18:09', NULL),
	(1271, '2023-05-11', '07:40:19', '17:04:02', 3, '2023-05-11 12:40:20', '2023-05-11 22:04:02', NULL),
	(1272, '2023-05-11', '07:44:56', '17:30:48', 8, '2023-05-11 12:44:57', '2023-05-11 22:30:48', NULL),
	(1273, '2023-05-11', '07:47:25', '18:36:08', 9, '2023-05-11 12:47:26', '2023-05-12 00:29:40', NULL),
	(1274, '2023-05-11', '07:47:30', '17:06:24', 2, '2023-05-11 12:47:31', '2023-05-11 22:06:24', NULL),
	(1275, '2023-05-11', '07:48:27', '17:07:22', 19, '2023-05-11 12:48:28', '2023-05-11 22:07:22', NULL),
	(1276, '2023-05-11', '07:48:32', '17:04:21', 14, '2023-05-11 12:48:34', '2023-05-11 22:04:21', NULL),
	(1277, '2023-05-11', '07:49:45', '17:03:42', 20, '2023-05-11 12:49:47', '2023-05-11 22:03:42', NULL),
	(1278, '2023-05-11', '07:50:49', '17:08:03', 22, '2023-05-11 12:50:51', '2023-05-11 22:08:03', NULL),
	(1279, '2023-05-11', '07:54:30', '17:05:51', 10, '2023-05-11 12:54:31', '2023-05-11 22:05:51', NULL),
	(1280, '2023-05-11', '07:57:39', '17:07:34', 23, '2023-05-11 12:57:40', '2023-05-11 22:07:34', NULL),
	(1281, '2023-05-11', '07:58:08', '17:22:06', 5, '2023-05-11 12:58:09', '2023-05-11 22:22:06', NULL),
	(1282, '2023-05-11', '07:59:27', '17:09:27', 12, '2023-05-11 12:59:29', '2023-05-11 22:09:27', NULL),
	(1283, '2023-05-11', '08:00:33', '17:07:28', 16, '2023-05-11 13:00:35', '2023-05-11 22:07:29', NULL),
	(1284, '2023-05-11', '08:01:02', '17:14:16', 15, '2023-05-11 13:01:03', '2023-05-11 22:14:16', NULL),
	(1285, '2023-05-11', '08:01:14', '17:05:05', 18, '2023-05-11 13:01:15', '2023-05-11 22:05:06', NULL),
	(1286, '2023-05-11', '08:04:00', NULL, 4, '2023-05-11 13:04:01', '2023-05-11 13:04:01', NULL),
	(1287, '2023-05-11', '08:05:28', '17:09:42', 21, '2023-05-11 13:05:30', '2023-05-11 22:09:43', NULL),
	(1288, '2023-05-11', '08:07:23', '17:14:59', 6, '2023-05-11 13:07:24', '2023-05-11 22:15:00', NULL),
	(1289, '2023-05-11', '07:57:17', '12:40:09', 11, '2023-05-11 13:23:37', '2023-05-11 17:40:10', NULL),
	(1291, '2023-05-11', '00:00:00', '00:00:00', 24, '2023-05-11 16:16:00', '2023-05-11 16:16:00', NULL),
	(1292, '2023-05-12', '06:07:31', '17:33:13', 13, '2023-05-12 12:41:11', '2023-05-12 22:33:12', NULL),
	(1293, '2023-05-12', '07:12:36', '17:08:50', 21, '2023-05-12 12:41:11', '2023-05-12 22:08:49', NULL),
	(1294, '2023-05-12', '07:22:05', '17:30:41', 4, '2023-05-12 12:41:12', '2023-05-12 22:30:39', NULL),
	(1295, '2023-05-12', '07:35:54', '17:08:45', 1, '2023-05-12 12:41:12', '2023-05-12 22:08:44', NULL),
	(1296, '2023-05-12', '07:44:55', '18:27:59', 9, '2023-05-12 12:44:54', '2023-05-12 23:27:58', NULL),
	(1297, '2023-05-12', '07:44:59', '17:10:21', 14, '2023-05-12 12:44:59', '2023-05-12 22:10:19', NULL),
	(1298, '2023-05-12', '07:47:14', '17:07:15', 20, '2023-05-12 12:47:13', '2023-05-12 22:07:14', NULL),
	(1299, '2023-05-12', '07:47:20', '17:06:58', 22, '2023-05-12 12:47:19', '2023-05-12 22:06:57', NULL),
	(1300, '2023-05-12', '07:47:26', '17:07:09', 19, '2023-05-12 12:47:25', '2023-05-12 22:07:08', NULL),
	(1301, '2023-05-12', '07:48:43', '17:22:57', 8, '2023-05-12 12:48:43', '2023-05-12 22:22:56', NULL),
	(1302, '2023-05-12', '07:51:29', '17:03:51', 3, '2023-05-12 12:51:29', '2023-05-12 22:03:50', NULL),
	(1303, '2023-05-12', '07:53:51', '12:39:17', 11, '2023-05-12 12:53:51', '2023-05-12 17:39:16', NULL),
	(1304, '2023-05-12', '07:54:56', NULL, 23, '2023-05-12 12:54:55', '2023-05-12 12:54:55', NULL),
	(1305, '2023-05-12', '07:56:45', '17:07:04', 15, '2023-05-12 12:56:44', '2023-05-12 22:07:03', NULL),
	(1306, '2023-05-12', '07:58:19', '17:07:41', 2, '2023-05-12 12:58:18', '2023-05-12 22:07:40', NULL),
	(1307, '2023-05-12', '07:59:48', '17:08:03', 16, '2023-05-12 12:59:48', '2023-05-12 22:08:01', NULL),
	(1308, '2023-05-12', '08:01:18', '17:11:18', 12, '2023-05-12 13:01:17', '2023-05-12 22:11:16', NULL),
	(1309, '2023-05-12', '08:01:21', '17:33:09', 5, '2023-05-12 13:01:21', '2023-05-12 22:33:08', NULL),
	(1310, '2023-05-12', '08:01:51', '17:06:56', 10, '2023-05-12 13:01:50', '2023-05-12 22:06:55', NULL),
	(1311, '2023-05-12', '08:08:42', '17:19:29', 6, '2023-05-12 13:08:41', '2023-05-12 22:19:28', NULL),
	(1312, '2023-05-12', '00:00:00', '00:00:00', 24, '2023-05-12 18:47:02', '2023-05-12 18:47:02', NULL),
	(1313, '2023-05-12', '00:00:00', '00:00:00', 18, '2023-05-12 18:47:02', '2023-05-12 18:47:02', NULL),
	(1314, '2023-05-13', '07:07:01', '13:23:18', 1, '2023-05-13 12:23:50', '2023-05-13 18:23:15', NULL),
	(1315, '2023-05-13', '07:39:02', '13:06:36', 13, '2023-05-13 12:39:00', '2023-05-13 18:06:33', NULL),
	(1316, '2023-05-13', '07:39:48', '13:02:15', 2, '2023-05-13 12:39:46', '2023-05-13 18:02:12', NULL),
	(1317, '2023-05-13', '07:42:49', NULL, 4, '2023-05-13 12:42:47', '2023-05-13 12:42:47', NULL),
	(1318, '2023-05-13', '07:44:58', '13:48:05', 9, '2023-05-13 12:44:56', '2023-05-13 18:48:02', NULL),
	(1319, '2023-05-13', '07:50:25', '13:02:08', 22, '2023-05-13 12:50:23', '2023-05-13 18:02:05', NULL),
	(1320, '2023-05-13', '07:50:30', '13:02:53', 19, '2023-05-13 12:50:28', '2023-05-13 18:02:51', NULL),
	(1321, '2023-05-13', '07:51:16', '13:04:52', 20, '2023-05-13 12:51:14', '2023-05-13 18:04:49', NULL),
	(1322, '2023-05-13', '07:53:59', '13:04:24', 3, '2023-05-13 12:53:57', '2023-05-13 18:04:22', NULL),
	(1323, '2023-05-13', '07:54:47', '13:03:31', 15, '2023-05-13 12:54:45', '2023-05-13 18:03:28', NULL),
	(1324, '2023-05-13', '07:55:48', '13:01:26', 14, '2023-05-13 12:55:46', '2023-05-13 18:01:24', NULL),
	(1325, '2023-05-13', '07:57:03', '13:03:36', 10, '2023-05-13 12:57:01', '2023-05-13 18:03:33', NULL),
	(1326, '2023-05-13', '07:57:53', '13:11:04', 23, '2023-05-13 12:57:51', '2023-05-13 18:11:01', NULL),
	(1327, '2023-05-13', '07:59:07', '13:04:46', 18, '2023-05-13 12:59:05', '2023-05-13 18:04:44', NULL),
	(1328, '2023-05-13', '08:00:22', '13:05:46', 16, '2023-05-13 13:00:19', '2023-05-13 18:05:44', NULL),
	(1329, '2023-05-13', '08:01:45', '13:23:21', 5, '2023-05-13 13:01:43', '2023-05-13 18:23:19', NULL),
	(1330, '2023-05-13', '08:04:09', '13:37:03', 12, '2023-05-13 13:04:07', '2023-05-13 18:37:00', NULL),
	(1331, '2023-05-13', '08:10:17', '13:06:40', 6, '2023-05-13 13:10:15', '2023-05-13 18:06:37', NULL),
	(1332, '2023-05-13', '08:55:32', '08:55:40', 25, '2023-05-13 15:23:39', '2023-05-13 15:23:39', NULL),
	(1333, '2023-05-13', '08:57:24', '08:57:29', 26, '2023-05-13 15:23:40', '2023-05-13 15:23:40', NULL),
	(1334, '2023-05-13', '08:59:53', '09:00:03', 27, '2023-05-13 15:23:40', '2023-05-13 15:23:40', NULL),
	(1335, '2023-05-13', '09:33:14', '09:33:18', 28, '2023-05-13 15:23:40', '2023-05-13 15:23:40', NULL),
	(1336, '2023-05-13', '09:40:11', '09:40:20', 29, '2023-05-13 15:23:41', '2023-05-13 15:23:41', NULL),
	(1337, '2023-05-13', '09:43:48', '09:43:54', 30, '2023-05-13 15:23:41', '2023-05-13 15:23:41', NULL),
	(1338, '2023-05-13', '09:47:03', '09:47:09', 31, '2023-05-13 15:23:41', '2023-05-13 15:23:41', NULL),
	(1339, '2023-05-13', '09:48:40', '09:48:44', 32, '2023-05-13 15:23:42', '2023-05-13 15:23:42', NULL),
	(1340, '2023-05-13', '09:50:07', '09:50:15', 33, '2023-05-13 15:23:43', '2023-05-13 15:23:43', NULL),
	(1341, '2023-05-13', '09:52:44', '09:52:53', 34, '2023-05-13 15:23:43', '2023-05-13 15:23:43', NULL),
	(1342, '2023-05-13', '09:56:00', '09:56:06', 35, '2023-05-13 15:23:43', '2023-05-13 15:23:43', NULL),
	(1343, '2023-05-13', '09:58:13', '09:59:11', 36, '2023-05-13 15:23:44', '2023-05-13 15:23:44', NULL),
	(1344, '2023-05-13', '10:01:20', '10:01:25', 37, '2023-05-13 15:23:44', '2023-05-13 15:23:44', NULL),
	(1345, '2023-05-13', '10:04:33', '10:04:38', 38, '2023-05-13 15:23:44', '2023-05-13 15:23:44', NULL),
	(1346, '2023-05-13', '10:06:45', '10:06:52', 39, '2023-05-13 15:23:45', '2023-05-13 15:23:45', NULL),
	(1347, '2023-05-13', '10:09:08', '10:09:21', 40, '2023-05-13 15:23:45', '2023-05-13 15:23:45', NULL),
	(1348, '2023-05-13', '10:11:23', '10:11:28', 41, '2023-05-13 15:23:45', '2023-05-13 15:23:46', NULL),
	(1349, '2023-05-13', '10:13:00', '10:13:08', 42, '2023-05-13 15:23:46', '2023-05-13 15:23:46', NULL),
	(1350, '2023-05-13', '10:15:01', '10:15:06', 43, '2023-05-13 15:23:46', '2023-05-13 15:23:46', NULL),
	(1351, '2023-05-13', '10:17:02', '10:17:13', 44, '2023-05-13 15:23:46', '2023-05-13 15:23:47', NULL),
	(1352, '2023-05-13', '10:19:25', '10:19:30', 45, '2023-05-13 15:23:47', '2023-05-13 15:23:47', NULL),
	(1353, '2023-05-13', '10:22:09', '10:22:15', 46, '2023-05-13 15:37:35', '2023-05-13 15:37:35', NULL),
	(1354, '2023-05-13', '10:28:04', '10:28:12', 47, '2023-05-13 15:37:35', '2023-05-13 15:37:35', NULL),
	(1355, '2023-05-13', '11:01:36', '11:01:42', 48, '2023-05-13 16:10:01', '2023-05-13 16:10:01', NULL),
	(1356, '2023-05-13', '11:03:50', '11:03:56', 49, '2023-05-13 16:10:02', '2023-05-13 16:10:02', NULL),
	(1357, '2023-05-13', '11:07:15', '11:07:24', 50, '2023-05-13 16:10:02', '2023-05-13 16:10:02', NULL),
	(1358, '2023-05-13', '11:14:38', '11:14:44', 51, '2023-05-13 16:19:07', '2023-05-13 16:19:08', NULL),
	(1359, '2023-05-13', '11:16:20', '11:16:25', 52, '2023-05-13 16:19:08', '2023-05-13 16:19:08', NULL),
	(1360, '2023-05-13', '12:14:43', '12:14:51', 53, '2023-05-13 17:16:26', '2023-05-13 17:16:26', NULL),
	(1361, '2023-05-15', '07:06:50', '17:46:20', 36, '2023-05-15 13:08:58', '2023-05-15 22:46:14', NULL),
	(1362, '2023-05-15', '07:08:47', '12:15:28', 28, '2023-05-15 13:08:58', '2023-05-15 17:15:23', NULL),
	(1363, '2023-05-15', '07:13:33', '12:03:10', 25, '2023-05-15 13:08:58', '2023-05-15 17:03:05', NULL),
	(1364, '2023-05-15', '07:13:44', '17:20:40', 37, '2023-05-15 13:08:58', '2023-05-15 22:20:35', NULL),
	(1365, '2023-05-15', '07:16:42', '12:45:03', 3, '2023-05-15 13:08:59', '2023-05-15 17:44:58', NULL),
	(1366, '2023-05-15', '07:20:24', '17:22:25', 43, '2023-05-15 13:08:59', '2023-05-15 22:22:20', NULL),
	(1367, '2023-05-15', '07:48:56', '17:41:06', 8, '2023-05-15 13:09:00', '2023-05-15 22:41:00', NULL),
	(1368, '2023-05-15', '07:54:12', '17:05:41', 21, '2023-05-15 13:09:00', '2023-05-15 22:05:36', NULL),
	(1369, '2023-05-15', '07:55:32', '17:08:00', 22, '2023-05-15 13:09:00', '2023-05-15 22:07:54', NULL),
	(1370, '2023-05-15', '07:55:38', '17:00:00', 19, '2023-05-15 13:09:00', '2023-05-16 02:30:07', NULL),
	(1371, '2023-05-15', '07:58:37', '12:39:26', 23, '2023-05-15 13:09:01', '2023-05-15 17:39:22', NULL),
	(1372, '2023-05-15', '07:59:45', '17:21:40', 48, '2023-05-15 13:09:01', '2023-05-15 22:21:34', NULL),
	(1373, '2023-05-15', '08:00:10', '17:04:55', 20, '2023-05-15 13:09:02', '2023-05-15 22:04:49', NULL),
	(1374, '2023-05-15', '08:00:30', '17:07:21', 15, '2023-05-15 13:09:02', '2023-05-15 22:07:15', NULL),
	(1375, '2023-05-15', '08:00:50', '18:02:19', 4, '2023-05-15 13:09:02', '2023-05-15 23:02:21', NULL),
	(1376, '2023-05-15', '08:01:31', '21:13:49', 9, '2023-05-15 13:09:02', '2023-05-16 02:13:50', NULL),
	(1377, '2023-05-15', '08:02:08', '17:05:21', 2, '2023-05-15 13:09:02', '2023-05-15 22:05:15', NULL),
	(1378, '2023-05-15', '08:02:42', '17:13:25', 24, '2023-05-15 13:09:03', '2023-05-15 22:13:19', NULL),
	(1379, '2023-05-15', '08:02:49', '17:18:28', 44, '2023-05-15 13:09:03', '2023-05-15 22:18:22', NULL),
	(1380, '2023-05-15', '08:03:03', '18:03:10', 12, '2023-05-15 13:09:03', '2023-05-15 23:03:22', NULL),
	(1381, '2023-05-15', '08:03:13', '17:07:09', 31, '2023-05-15 13:09:03', '2023-05-15 22:07:03', NULL),
	(1382, '2023-05-15', '08:03:43', '17:40:09', 30, '2023-05-15 13:09:03', '2023-05-15 22:40:03', NULL),
	(1383, '2023-05-15', '08:03:47', '12:27:33', 1, '2023-05-15 13:09:03', '2023-05-15 19:27:39', NULL),
	(1384, '2023-05-15', '08:03:53', '17:03:55', 14, '2023-05-15 13:09:04', '2023-05-15 22:03:50', NULL),
	(1385, '2023-05-15', '08:04:07', '12:04:03', 53, '2023-05-15 13:09:04', '2023-05-15 17:03:58', NULL),
	(1386, '2023-05-15', '08:05:17', '17:10:17', 29, '2023-05-15 13:09:04', '2023-05-15 22:10:11', NULL),
	(1387, '2023-05-15', '08:05:35', '17:05:12', 32, '2023-05-15 13:09:04', '2023-05-15 22:05:07', NULL),
	(1388, '2023-05-15', '08:05:41', '17:05:25', 33, '2023-05-15 13:09:05', '2023-05-15 22:05:19', NULL),
	(1389, '2023-05-15', '08:07:08', '17:13:30', 18, '2023-05-15 13:09:05', '2023-05-15 22:13:25', NULL),
	(1390, '2023-05-15', '08:07:31', '17:09:59', 10, '2023-05-15 13:09:05', '2023-05-15 22:09:54', NULL),
	(1391, '2023-05-15', '08:08:30', '17:11:28', 45, '2023-05-15 13:09:05', '2023-05-15 22:11:22', NULL),
	(1392, '2023-05-15', '08:11:07', '17:06:34', 16, '2023-05-15 13:12:00', '2023-05-15 22:06:28', NULL),
	(1393, '2023-05-15', '08:14:37', '17:00:00', 6, '2023-05-15 13:14:32', '2023-05-16 02:30:07', NULL),
	(1394, '2023-05-15', '06:09:51', '17:06:38', 13, '2023-05-15 13:18:49', '2023-05-15 22:06:33', NULL),
	(1395, '2023-05-15', '06:54:36', '15:07:58', 42, '2023-05-15 13:18:51', '2023-05-15 20:07:53', NULL),
	(1396, '2023-05-15', '06:55:17', '17:02:33', 39, '2023-05-15 13:18:51', '2023-05-15 22:02:27', NULL),
	(1397, '2023-05-15', '06:58:25', '12:02:56', 50, '2023-05-15 13:18:51', '2023-05-15 17:02:51', NULL),
	(1398, '2023-05-15', '06:59:40', '17:03:50', 35, '2023-05-15 13:18:51', '2023-05-15 22:03:44', NULL),
	(1399, '2023-05-15', '08:09:45', '17:38:32', 47, '2023-05-15 13:25:03', '2023-05-15 22:38:27', NULL),
	(1400, '2023-05-15', '08:11:04', '17:10:47', 11, '2023-05-15 13:25:03', '2023-05-15 22:10:41', NULL),
	(1401, '2023-05-15', '08:57:44', '17:11:20', 5, '2023-05-15 13:57:39', '2023-05-15 22:11:14', NULL),
	(1402, '2023-05-15', '09:52:01', '18:03:43', 41, '2023-05-15 14:51:57', '2023-05-15 23:03:37', NULL),
	(1403, '2023-05-15', '13:00:48', '16:12:14', 50, '2023-05-15 18:00:43', '2023-05-15 21:12:09', NULL),
	(1404, '2023-05-15', '13:26:25', '17:04:49', 23, '2023-05-15 18:26:20', '2023-05-15 22:04:44', NULL),
	(1405, '2023-05-15', '13:58:24', '17:46:51', 28, '2023-05-15 18:58:19', '2023-05-15 22:46:45', NULL),
	(1406, '2023-05-15', '14:02:48', '17:01:33', 54, '2023-05-15 19:02:43', '2023-05-15 22:01:28', NULL),
	(1407, '2023-05-15', '14:02:52', '17:00:00', 53, '2023-05-15 19:02:47', '2023-05-16 02:30:07', NULL),
	(1408, '2023-05-15', '14:03:03', '18:07:29', 38, '2023-05-15 19:02:58', '2023-05-15 23:07:24', NULL),
	(1409, '2023-05-15', '14:03:10', '17:40:25', 25, '2023-05-15 19:03:05', '2023-05-15 22:40:19', NULL),
	(1410, '2023-05-15', '14:11:52', '17:09:00', 52, '2023-05-15 19:11:47', '2023-05-15 22:08:54', NULL),
	(1411, '2023-05-15', '13:30:12', '17:28:21', 1, '2023-05-15 19:28:25', '2023-05-15 19:28:25', NULL),
	(1412, '2023-05-15', '00:00:00', '00:00:00', 7, '2023-05-16 02:30:08', '2023-05-16 02:30:08', NULL),
	(1413, '2023-05-15', '00:00:00', '00:00:00', 17, '2023-05-16 02:30:08', '2023-05-16 02:30:08', NULL),
	(1414, '2023-05-15', '00:00:00', '00:00:00', 34, '2023-05-16 02:30:08', '2023-05-16 02:30:08', NULL),
	(1415, '2023-05-15', '00:00:00', '00:00:00', 51, '2023-05-16 02:30:08', '2023-05-16 02:30:08', NULL),
	(1416, '2023-05-15', '00:00:00', '00:00:00', 56, '2023-05-16 02:30:08', '2023-05-16 02:30:08', NULL),
	(1417, '2023-05-15', '00:00:00', '00:00:00', 26, '2023-05-16 02:30:08', '2023-05-16 02:30:08', NULL),
	(1418, '2023-05-15', '00:00:00', '00:00:00', 27, '2023-05-16 02:30:08', '2023-05-16 02:30:08', NULL),
	(1419, '2023-05-15', '00:00:00', '00:00:00', 40, '2023-05-16 02:30:08', '2023-05-16 02:30:08', NULL),
	(1420, '2023-05-15', '00:00:00', '00:00:00', 46, '2023-05-16 02:30:08', '2023-05-16 02:30:08', NULL),
	(1421, '2023-05-15', '00:00:00', '00:00:00', 49, '2023-05-16 02:30:08', '2023-05-16 02:30:08', NULL),
	(1422, '2023-05-15', '00:00:00', '00:00:00', 55, '2023-05-16 02:30:08', '2023-05-16 02:30:08', NULL),
	(1423, '2023-05-16', '06:14:35', '17:09:56', 13, '2023-05-16 12:55:47', '2023-05-16 22:09:48', NULL),
	(1424, '2023-05-16', '07:56:03', '17:04:20', 2, '2023-05-16 12:56:11', '2023-05-16 22:04:12', NULL),
	(1425, '2023-05-16', '07:58:49', '17:00:00', 48, '2023-05-16 12:58:43', '2023-05-17 02:30:17', NULL),
	(1426, '2023-05-16', '07:59:27', '17:06:20', 45, '2023-05-16 12:59:20', '2023-05-16 22:06:12', NULL),
	(1427, '2023-05-16', '07:59:31', '17:05:55', 15, '2023-05-16 12:59:25', '2023-05-16 22:05:47', NULL),
	(1428, '2023-05-16', '07:59:38', '17:09:50', 18, '2023-05-16 12:59:31', '2023-05-16 22:09:42', NULL),
	(1429, '2023-05-16', '07:59:43', '17:05:52', 29, '2023-05-16 12:59:36', '2023-05-16 22:05:44', NULL),
	(1430, '2023-05-16', '08:00:01', '17:05:58', 31, '2023-05-16 12:59:54', '2023-05-16 22:05:51', NULL),
	(1431, '2023-05-16', '08:01:07', '17:33:45', 11, '2023-05-16 13:01:00', '2023-05-16 22:33:37', NULL),
	(1432, '2023-05-16', '08:02:04', '17:32:51', 47, '2023-05-16 13:01:58', '2023-05-16 22:32:43', NULL),
	(1433, '2023-05-16', '08:02:19', '17:10:38', 16, '2023-05-16 13:02:12', '2023-05-16 22:10:30', NULL),
	(1434, '2023-05-16', '08:03:45', '17:35:27', 24, '2023-05-16 13:03:38', '2023-05-16 22:35:19', NULL),
	(1435, '2023-05-16', '08:11:31', '17:00:00', 6, '2023-05-16 13:11:24', '2023-05-17 02:30:17', NULL),
	(1436, '2023-05-16', '06:43:36', '12:29:38', 53, '2023-05-16 13:23:42', '2023-05-16 17:29:31', NULL),
	(1437, '2023-05-16', '06:44:31', '17:00:00', 39, '2023-05-16 13:23:44', '2023-05-17 02:30:17', NULL),
	(1438, '2023-05-16', '06:47:34', '18:23:40', 46, '2023-05-16 13:23:44', '2023-05-16 23:23:32', NULL),
	(1439, '2023-05-16', '06:47:48', '17:02:03', 55, '2023-05-16 13:23:44', '2023-05-16 22:01:55', NULL),
	(1440, '2023-05-16', '06:47:58', '17:02:00', 27, '2023-05-16 13:23:45', '2023-05-16 22:01:52', NULL),
	(1441, '2023-05-16', '06:48:39', '17:00:00', 26, '2023-05-16 13:23:45', '2023-05-17 02:30:17', NULL),
	(1442, '2023-05-16', '06:53:21', '17:03:31', 35, '2023-05-16 13:23:45', '2023-05-16 22:03:23', NULL),
	(1443, '2023-05-16', '06:54:15', '17:34:00', 36, '2023-05-16 13:23:45', '2023-05-16 22:33:52', NULL),
	(1444, '2023-05-16', '06:56:50', '17:00:00', 54, '2023-05-16 13:23:45', '2023-05-17 02:30:17', NULL),
	(1445, '2023-05-16', '06:57:50', '15:35:22', 42, '2023-05-16 13:23:46', '2023-05-16 20:35:14', NULL),
	(1446, '2023-05-16', '06:58:05', '12:05:20', 50, '2023-05-16 13:23:46', '2023-05-16 17:05:14', NULL),
	(1447, '2023-05-16', '06:59:02', '18:24:03', 38, '2023-05-16 13:23:46', '2023-05-16 23:23:55', NULL),
	(1448, '2023-05-16', '06:59:33', '12:02:41', 52, '2023-05-16 13:23:46', '2023-05-16 17:02:34', NULL),
	(1449, '2023-05-16', '07:01:17', '17:34:04', 37, '2023-05-16 13:24:22', '2023-05-16 22:33:57', NULL),
	(1450, '2023-05-16', '07:05:24', '17:01:14', 43, '2023-05-16 13:24:22', '2023-05-16 22:01:06', NULL),
	(1451, '2023-05-16', '07:07:41', '17:00:00', 25, '2023-05-16 13:24:22', '2023-05-17 02:30:17', NULL),
	(1452, '2023-05-16', '07:08:30', '12:54:33', 28, '2023-05-16 13:24:22', '2023-05-16 17:54:31', NULL),
	(1453, '2023-05-16', '07:09:00', '17:09:44', 49, '2023-05-16 13:24:22', '2023-05-16 22:09:37', NULL),
	(1454, '2023-05-16', '07:10:55', '18:23:30', 40, '2023-05-16 13:24:23', '2023-05-16 23:23:22', NULL),
	(1455, '2023-05-16', '07:26:01', '18:06:28', 8, '2023-05-16 13:24:23', '2023-05-16 23:06:20', NULL),
	(1456, '2023-05-16', '07:36:02', '17:08:11', 12, '2023-05-16 13:24:57', '2023-05-16 22:08:03', NULL),
	(1457, '2023-05-16', '07:41:48', '17:03:24', 34, '2023-05-16 13:24:57', '2023-05-16 22:03:16', NULL),
	(1458, '2023-05-16', '07:46:24', '17:04:16', 33, '2023-05-16 13:24:58', '2023-05-16 22:04:08', NULL),
	(1459, '2023-05-16', '07:46:54', '17:06:01', 14, '2023-05-16 13:24:58', '2023-05-16 22:05:54', NULL),
	(1460, '2023-05-16', '07:49:53', '17:32:15', 22, '2023-05-16 13:24:58', '2023-05-16 22:32:07', NULL),
	(1461, '2023-05-16', '07:49:58', '17:35:17', 19, '2023-05-16 13:24:58', '2023-05-16 22:35:10', NULL),
	(1462, '2023-05-16', '07:50:09', '17:05:04', 20, '2023-05-16 13:24:59', '2023-05-16 22:04:57', NULL),
	(1463, '2023-05-16', '07:52:40', '18:10:20', 1, '2023-05-16 13:24:59', '2023-05-16 23:10:12', NULL),
	(1464, '2023-05-16', '07:53:13', '18:00:22', 30, '2023-05-16 13:24:59', '2023-05-16 23:00:14', NULL),
	(1465, '2023-05-16', '07:53:50', '17:09:21', 32, '2023-05-16 13:24:59', '2023-05-16 22:09:13', NULL),
	(1466, '2023-05-16', '07:54:26', '17:38:14', 56, '2023-05-16 13:24:59', '2023-05-16 22:38:06', NULL),
	(1467, '2023-05-16', '07:54:32', '17:59:47', 4, '2023-05-16 13:24:59', '2023-05-16 22:59:39', NULL),
	(1468, '2023-05-16', '07:54:37', '17:35:21', 23, '2023-05-16 13:25:00', '2023-05-16 22:35:13', NULL),
	(1469, '2023-05-16', '07:54:49', '17:21:22', 44, '2023-05-16 13:25:00', '2023-05-16 22:21:14', NULL),
	(1470, '2023-05-16', '07:55:05', '17:10:01', 10, '2023-05-16 13:25:00', '2023-05-16 22:09:53', NULL),
	(1471, '2023-05-16', '07:55:24', '17:05:47', 9, '2023-05-16 13:25:00', '2023-05-16 22:05:39', NULL),
	(1472, '2023-05-16', '07:55:28', '17:22:02', 21, '2023-05-16 13:25:00', '2023-05-16 22:21:54', NULL),
	(1473, '2023-05-16', '08:14:13', '16:55:43', 5, '2023-05-16 13:31:25', '2023-05-16 21:55:36', NULL),
	(1474, '2023-05-16', '09:56:55', '18:23:33', 41, '2023-05-16 14:56:58', '2023-05-16 23:23:25', NULL),
	(1475, '2023-05-16', '12:58:12', '17:00:00', 50, '2023-05-16 17:58:04', '2023-05-17 02:30:17', NULL),
	(1476, '2023-05-16', '13:37:13', '17:04:55', 3, '2023-05-16 18:37:06', '2023-05-16 22:04:47', NULL),
	(1477, '2023-05-16', '13:49:27', '19:25:13', 28, '2023-05-16 18:49:20', '2023-05-17 00:25:05', NULL),
	(1478, '2023-05-16', '14:27:05', '17:10:52', 53, '2023-05-16 19:26:58', '2023-05-16 22:10:45', NULL),
	(1479, '2023-05-16', '00:00:00', '00:00:00', 7, '2023-05-17 02:30:18', '2023-05-17 02:30:18', NULL),
	(1480, '2023-05-16', '00:00:00', '00:00:00', 17, '2023-05-17 02:30:18', '2023-05-17 02:30:18', NULL),
	(1481, '2023-05-16', '00:00:00', '00:00:00', 51, '2023-05-17 02:30:18', '2023-05-17 02:30:18', NULL),
	(1482, '2023-05-16', '00:00:00', '00:00:00', 57, '2023-05-17 02:30:18', '2023-05-17 02:30:18', NULL),
	(1483, '2023-05-16', '00:00:00', '00:00:00', 58, '2023-05-17 02:30:18', '2023-05-17 02:30:18', NULL),
	(1484, '2023-05-17', '06:13:46', '17:08:12', 13, '2023-05-17 11:13:38', '2023-05-17 22:18:28', NULL),
	(1485, '2023-05-17', '06:47:30', '18:02:37', 46, '2023-05-17 11:47:21', '2023-05-17 23:02:27', NULL),
	(1486, '2023-05-17', '06:48:31', '17:06:29', 27, '2023-05-17 11:48:22', '2023-05-17 22:18:26', NULL),
	(1487, '2023-05-17', '06:48:35', '17:00:26', 55, '2023-05-17 11:48:26', '2023-05-17 22:18:22', NULL),
	(1488, '2023-05-17', '06:50:41', '17:00:00', 36, '2023-05-17 11:50:32', '2023-05-18 02:30:07', NULL),
	(1489, '2023-05-17', '06:50:47', '17:03:46', 39, '2023-05-17 11:50:38', '2023-05-17 22:18:24', NULL),
	(1490, '2023-05-17', '06:56:59', '16:59:41', 49, '2023-05-17 11:56:50', '2023-05-17 22:17:13', NULL),
	(1491, '2023-05-17', '06:58:16', '14:16:41', 54, '2023-05-17 11:58:07', '2023-05-17 19:16:32', NULL),
	(1492, '2023-05-17', '06:58:49', '12:09:26', 40, '2023-05-17 11:58:40', '2023-05-17 17:09:17', NULL),
	(1493, '2023-05-17', '06:58:54', '18:11:39', 58, '2023-05-17 11:58:45', '2023-05-17 23:11:29', NULL),
	(1494, '2023-05-17', '06:59:37', '15:17:33', 42, '2023-05-17 11:59:28', '2023-05-17 20:17:23', NULL),
	(1495, '2023-05-17', '07:00:02', '12:00:52', 50, '2023-05-17 11:59:53', '2023-05-17 17:00:43', NULL),
	(1496, '2023-05-17', '07:00:07', '17:07:04', 35, '2023-05-17 11:59:58', '2023-05-17 22:18:26', NULL),
	(1497, '2023-05-17', '07:00:18', '12:09:17', 28, '2023-05-17 12:00:08', '2023-05-17 17:09:08', NULL),
	(1498, '2023-05-17', '07:00:26', '17:00:00', 26, '2023-05-17 12:00:17', '2023-05-18 02:30:07', NULL),
	(1499, '2023-05-17', '07:03:23', '17:03:37', 25, '2023-05-17 12:03:14', '2023-05-17 22:18:23', NULL),
	(1500, '2023-05-17', '07:06:10', '12:09:30', 38, '2023-05-17 12:06:01', '2023-05-17 17:09:21', NULL),
	(1501, '2023-05-17', '07:09:08', '17:03:41', 43, '2023-05-17 12:08:59', '2023-05-17 22:18:23', NULL),
	(1502, '2023-05-17', '07:09:38', '18:16:23', 37, '2023-05-17 12:09:29', '2023-05-17 23:16:13', NULL),
	(1503, '2023-05-17', '07:17:30', '12:23:04', 57, '2023-05-17 12:17:21', '2023-05-17 17:22:55', NULL),
	(1504, '2023-05-17', '07:24:56', '18:39:02', 56, '2023-05-17 12:24:47', '2023-05-17 23:38:52', NULL),
	(1505, '2023-05-17', '07:35:14', '17:30:25', 8, '2023-05-17 12:35:05', '2023-05-17 22:30:15', NULL),
	(1506, '2023-05-17', '07:40:37', '17:07:09', 34, '2023-05-17 12:40:28', '2023-05-17 22:18:27', NULL),
	(1507, '2023-05-17', '07:47:13', '18:01:21', 30, '2023-05-17 12:47:04', '2023-05-17 23:01:17', NULL),
	(1508, '2023-05-17', '07:50:47', '17:30:28', 1, '2023-05-17 12:50:38', '2023-05-17 22:30:18', NULL),
	(1509, '2023-05-17', '07:50:51', '17:11:35', 21, '2023-05-17 12:50:42', '2023-05-17 22:18:29', NULL),
	(1510, '2023-05-17', '07:51:09', '17:28:04', 23, '2023-05-17 12:51:00', '2023-05-17 22:27:54', NULL),
	(1511, '2023-05-17', '07:52:50', '17:05:48', 19, '2023-05-17 12:52:41', '2023-05-17 22:18:26', NULL),
	(1512, '2023-05-17', '07:52:55', '17:02:48', 9, '2023-05-17 12:52:46', '2023-05-17 22:18:23', NULL),
	(1513, '2023-05-17', '07:54:10', '17:04:36', 20, '2023-05-17 12:54:01', '2023-05-17 22:18:24', NULL),
	(1514, '2023-05-17', '07:54:15', '17:27:26', 22, '2023-05-17 12:54:06', '2023-05-17 22:27:16', NULL),
	(1515, '2023-05-17', '07:54:19', '17:04:12', 3, '2023-05-17 12:54:10', '2023-05-17 22:18:24', NULL),
	(1516, '2023-05-17', '07:54:42', '17:06:33', 14, '2023-05-17 12:54:33', '2023-05-17 22:18:26', NULL),
	(1517, '2023-05-17', '07:54:48', '17:02:40', 10, '2023-05-17 12:54:39', '2023-05-17 22:18:23', NULL),
	(1518, '2023-05-17', '07:57:26', '17:24:21', 44, '2023-05-17 12:57:17', '2023-05-17 22:24:11', NULL),
	(1519, '2023-05-17', '07:57:48', '17:18:08', 2, '2023-05-17 12:57:39', '2023-05-17 22:18:29', NULL),
	(1520, '2023-05-17', '07:57:54', '17:05:08', 32, '2023-05-17 12:57:45', '2023-05-17 22:18:24', NULL),
	(1521, '2023-05-17', '07:59:16', '17:19:50', 4, '2023-05-17 12:59:07', '2023-05-17 22:19:40', NULL),
	(1522, '2023-05-17', '07:59:42', '17:12:42', 15, '2023-05-17 12:59:33', '2023-05-17 22:18:29', NULL),
	(1523, '2023-05-17', '07:59:47', '18:01:42', 48, '2023-05-17 12:59:37', '2023-05-17 23:01:33', NULL),
	(1524, '2023-05-17', '07:59:52', '17:24:28', 45, '2023-05-17 12:59:43', '2023-05-17 22:24:18', NULL),
	(1525, '2023-05-17', '08:00:06', '17:05:44', 12, '2023-05-17 12:59:57', '2023-05-17 22:18:26', NULL),
	(1526, '2023-05-17', '08:00:10', '17:07:30', 47, '2023-05-17 13:00:01', '2023-05-17 22:18:27', NULL),
	(1527, '2023-05-17', '08:00:38', '17:07:45', 29, '2023-05-17 13:00:29', '2023-05-17 22:18:27', NULL),
	(1528, '2023-05-17', '08:01:22', '17:11:21', 11, '2023-05-17 13:01:13', '2023-05-17 22:18:28', NULL),
	(1529, '2023-05-17', '08:03:41', '17:07:24', 5, '2023-05-17 13:03:32', '2023-05-17 22:18:27', NULL),
	(1530, '2023-05-17', '08:07:51', '17:04:22', 18, '2023-05-17 13:07:41', '2023-05-17 22:18:24', NULL),
	(1531, '2023-05-17', '08:08:27', '17:02:44', 6, '2023-05-17 13:08:18', '2023-05-17 22:18:23', NULL),
	(1532, '2023-05-17', '08:08:35', '17:11:29', 24, '2023-05-17 13:08:26', '2023-05-17 22:18:28', NULL),
	(1533, '2023-05-17', '08:10:54', '17:05:14', 33, '2023-05-17 13:10:45', '2023-05-17 22:18:25', NULL),
	(1534, '2023-05-17', '08:28:27', '17:18:04', 31, '2023-05-17 13:28:19', '2023-05-17 22:18:29', NULL),
	(1535, '2023-05-17', '09:43:24', '18:02:42', 41, '2023-05-17 14:43:16', '2023-05-17 23:02:32', NULL),
	(1536, '2023-05-17', '00:00:00', '00:00:00', 7, '2023-05-17 16:30:05', '2023-05-17 16:30:05', NULL),
	(1537, '2023-05-17', '00:00:00', '00:00:00', 16, '2023-05-17 16:30:05', '2023-05-17 16:30:05', NULL),
	(1538, '2023-05-17', '00:00:00', '00:00:00', 17, '2023-05-17 16:30:05', '2023-05-17 16:30:05', NULL),
	(1539, '2023-05-17', '00:00:00', '00:00:00', 51, '2023-05-17 16:30:05', '2023-05-17 16:30:05', NULL),
	(1540, '2023-05-17', '00:00:00', '00:00:00', 53, '2023-05-17 16:30:05', '2023-05-17 16:30:05', NULL),
	(1541, '2023-05-17', '00:00:00', '00:00:00', 52, '2023-05-17 16:30:05', '2023-05-17 16:30:05', NULL),
	(1542, '2023-05-17', '12:59:04', '16:11:45', 50, '2023-05-17 17:58:55', '2023-05-17 22:16:19', NULL),
	(1543, '2023-05-17', '14:02:25', '17:46:24', 38, '2023-05-17 19:02:16', '2023-05-17 22:46:14', NULL),
	(1544, '2023-05-17', '14:02:36', '17:11:02', 28, '2023-05-17 19:02:26', '2023-05-17 22:18:28', NULL),
	(1545, '2023-05-17', '14:03:31', '17:17:58', 53, '2023-05-17 19:03:21', '2023-05-17 22:18:29', NULL),
	(1546, '2023-05-17', '14:12:23', '17:00:00', 52, '2023-05-17 19:12:13', '2023-05-18 02:30:07', NULL),
	(1547, '2023-05-18', '06:38:44', NULL, 53, '2023-05-18 12:58:56', '2023-05-18 12:58:56', NULL),
	(1548, '2023-05-18', '06:44:38', NULL, 46, '2023-05-18 12:58:58', '2023-05-18 12:58:58', NULL),
	(1549, '2023-05-18', '06:46:33', NULL, 55, '2023-05-18 12:58:59', '2023-05-18 12:58:59', NULL),
	(1550, '2023-05-18', '06:47:24', NULL, 27, '2023-05-18 12:59:00', '2023-05-18 12:59:00', NULL),
	(1551, '2023-05-18', '06:47:58', NULL, 9, '2023-05-18 12:59:01', '2023-05-18 12:59:01', NULL),
	(1552, '2023-05-18', '06:51:13', NULL, 54, '2023-05-18 12:59:02', '2023-05-18 12:59:02', NULL),
	(1553, '2023-05-18', '06:54:36', NULL, 36, '2023-05-18 12:59:04', '2023-05-18 12:59:04', NULL),
	(1554, '2023-05-18', '06:56:35', NULL, 26, '2023-05-18 12:59:05', '2023-05-18 12:59:05', NULL),
	(1555, '2023-05-18', '06:57:02', NULL, 35, '2023-05-18 12:59:06', '2023-05-18 12:59:06', NULL),
	(1556, '2023-05-18', '06:57:28', NULL, 49, '2023-05-18 12:59:07', '2023-05-18 12:59:07', NULL),
	(1557, '2023-05-18', '06:58:41', NULL, 58, '2023-05-18 12:59:08', '2023-05-18 12:59:08', NULL),
	(1558, '2023-05-18', '06:59:11', NULL, 37, '2023-05-18 12:59:10', '2023-05-18 12:59:10', NULL),
	(1559, '2023-05-18', '06:59:36', NULL, 28, '2023-05-18 12:59:12', '2023-05-18 12:59:12', NULL),
	(1560, '2023-05-18', '06:59:45', NULL, 50, '2023-05-18 13:27:00', '2023-05-18 13:27:00', NULL),
	(1561, '2023-05-18', '07:02:07', NULL, 42, '2023-05-18 13:28:04', '2023-05-18 13:28:04', NULL),
	(1562, '2023-05-18', '07:03:17', NULL, 40, '2023-05-18 13:28:04', '2023-05-18 13:28:04', NULL),
	(1563, '2023-05-18', '07:04:32', NULL, 38, '2023-05-18 13:28:04', '2023-05-18 13:28:04', NULL),
	(1564, '2023-05-18', '07:06:28', NULL, 25, '2023-05-18 13:28:04', '2023-05-18 13:28:04', NULL),
	(1565, '2023-05-18', '07:07:56', NULL, 43, '2023-05-18 13:28:04', '2023-05-18 13:28:04', NULL),
	(1566, '2023-05-18', '07:08:18', NULL, 3, '2023-05-18 13:28:04', '2023-05-18 13:28:04', NULL),
	(1567, '2023-05-18', '07:08:39', NULL, 57, '2023-05-18 13:28:05', '2023-05-18 13:28:05', NULL),
	(1568, '2023-05-18', '07:25:22', NULL, 10, '2023-05-18 13:28:05', '2023-05-18 13:28:05', NULL),
	(1569, '2023-05-18', '07:29:45', NULL, 34, '2023-05-18 13:28:05', '2023-05-18 13:28:05', NULL),
	(1570, '2023-05-18', '07:39:17', NULL, 33, '2023-05-18 13:28:47', '2023-05-18 13:28:47', NULL),
	(1571, '2023-05-18', '07:40:14', NULL, 56, '2023-05-18 13:28:47', '2023-05-18 13:28:47', NULL),
	(1572, '2023-05-18', '07:42:11', NULL, 8, '2023-05-18 13:28:47', '2023-05-18 13:28:47', NULL),
	(1573, '2023-05-18', '07:43:17', NULL, 4, '2023-05-18 13:28:48', '2023-05-18 13:28:48', NULL),
	(1574, '2023-05-18', '07:44:29', NULL, 30, '2023-05-18 13:28:48', '2023-05-18 13:28:48', NULL),
	(1575, '2023-05-18', '07:50:33', NULL, 21, '2023-05-18 13:28:48', '2023-05-18 13:28:48', NULL),
	(1576, '2023-05-18', '07:50:36', NULL, 16, '2023-05-18 13:28:48', '2023-05-18 13:28:48', NULL),
	(1577, '2023-05-18', '07:50:59', NULL, 1, '2023-05-18 13:28:48', '2023-05-18 13:28:48', NULL),
	(1578, '2023-05-18', '07:51:08', NULL, 14, '2023-05-18 13:28:48', '2023-05-18 13:28:48', NULL),
	(1579, '2023-05-18', '07:51:39', NULL, 2, '2023-05-18 13:28:49', '2023-05-18 13:28:49', NULL),
	(1580, '2023-05-18', '07:51:55', NULL, 22, '2023-05-18 13:28:49', '2023-05-18 13:28:49', NULL),
	(1581, '2023-05-18', '07:52:00', NULL, 20, '2023-05-18 13:28:49', '2023-05-18 13:28:49', NULL),
	(1582, '2023-05-18', '07:52:05', NULL, 19, '2023-05-18 13:28:49', '2023-05-18 13:28:49', NULL),
	(1583, '2023-05-18', '07:54:07', NULL, 15, '2023-05-18 13:28:49', '2023-05-18 13:28:49', NULL),
	(1584, '2023-05-18', '07:55:11', NULL, 5, '2023-05-18 13:28:50', '2023-05-18 13:28:50', NULL),
	(1585, '2023-05-18', '07:57:42', NULL, 23, '2023-05-18 13:28:50', '2023-05-18 13:28:50', NULL),
	(1586, '2023-05-18', '07:58:17', NULL, 11, '2023-05-18 13:28:50', '2023-05-18 13:28:50', NULL),
	(1587, '2023-05-18', '07:58:30', NULL, 47, '2023-05-18 13:28:51', '2023-05-18 13:28:51', NULL),
	(1588, '2023-05-18', '08:00:28', NULL, 44, '2023-05-18 13:29:34', '2023-05-18 13:29:34', NULL),
	(1589, '2023-05-18', '08:00:45', NULL, 32, '2023-05-18 13:29:34', '2023-05-18 13:29:34', NULL),
	(1590, '2023-05-18', '08:00:48', NULL, 31, '2023-05-18 13:29:34', '2023-05-18 13:29:34', NULL),
	(1591, '2023-05-18', '08:01:56', NULL, 48, '2023-05-18 13:29:34', '2023-05-18 13:29:34', NULL),
	(1592, '2023-05-18', '08:02:47', NULL, 12, '2023-05-18 13:29:35', '2023-05-18 13:29:35', NULL),
	(1593, '2023-05-18', '08:03:05', NULL, 29, '2023-05-18 13:29:35', '2023-05-18 13:29:35', NULL),
	(1594, '2023-05-18', '08:07:19', NULL, 45, '2023-05-18 13:29:35', '2023-05-18 13:29:35', NULL),
	(1595, '2023-05-18', '08:08:25', NULL, 24, '2023-05-18 13:29:35', '2023-05-18 13:29:35', NULL),
	(1596, '2023-05-18', '08:11:22', NULL, 6, '2023-05-18 13:29:35', '2023-05-18 13:29:35', NULL);

-- Volcando estructura para tabla cumisystem.calendars
CREATE TABLE IF NOT EXISTS `calendars` (
  `id` int unsigned NOT NULL AUTO_INCREMENT,
  `start_date` date NOT NULL,
  `end_date` date NOT NULL,
  `entry_time` varchar(255) COLLATE utf8mb4_unicode_ci NOT NULL,
  `departure_time` varchar(255) COLLATE utf8mb4_unicode_ci NOT NULL,
  `floor` varchar(255) COLLATE utf8mb4_unicode_ci NOT NULL,
  `employe_id` int unsigned NOT NULL,
  `created_at` timestamp NULL DEFAULT NULL,
  `updated_at` timestamp NULL DEFAULT NULL,
  `deleted_at` timestamp NULL DEFAULT NULL,
  PRIMARY KEY (`id`),
  KEY `calendars_employe_id_foreign` (`employe_id`),
  CONSTRAINT `calendars_employe_id_foreign` FOREIGN KEY (`employe_id`) REFERENCES `employes` (`id`)
) ENGINE=InnoDB AUTO_INCREMENT=1287 DEFAULT CHARSET=utf8mb4 COLLATE=utf8mb4_unicode_ci;

-- Volcando datos para la tabla cumisystem.calendars: ~292 rows (aproximadamente)
REPLACE INTO `calendars` (`id`, `start_date`, `end_date`, `entry_time`, `departure_time`, `floor`, `employe_id`, `created_at`, `updated_at`, `deleted_at`) VALUES
	(994, '2023-05-01', '2023-05-05', '08:00:00', '17:00:00', 'Piso 2', 1, '2023-05-17 19:58:40', '2023-05-17 19:58:40', NULL),
	(995, '2023-05-08', '2023-05-12', '08:00:00', '17:00:00', 'Piso 2', 1, '2023-05-17 19:58:40', '2023-05-17 19:58:40', NULL),
	(996, '2023-05-15', '2023-05-19', '08:00:00', '17:00:00', 'Piso 2', 1, '2023-05-17 19:58:40', '2023-05-17 20:09:26', NULL),
	(997, '2023-05-22', '2023-05-26', '08:00:00', '17:00:00', 'Piso 2', 1, '2023-05-17 19:58:40', '2023-05-17 19:58:40', NULL),
	(998, '2023-05-29', '2023-06-02', '08:00:00', '17:00:00', 'Piso 2', 1, '2023-05-17 19:58:40', '2023-05-17 19:58:40', NULL),
	(999, '2023-05-01', '2023-05-05', '08:00:00', '17:00:00', 'Piso 2', 2, '2023-05-17 19:58:40', '2023-05-17 19:58:40', NULL),
	(1000, '2023-05-08', '2023-05-12', '08:00:00', '17:00:00', 'Piso 2', 2, '2023-05-17 19:58:40', '2023-05-17 19:58:40', NULL),
	(1001, '2023-05-15', '2023-05-19', '08:00:00', '17:00:00', 'Piso 2', 2, '2023-05-17 19:58:40', '2023-05-17 19:58:40', NULL),
	(1002, '2023-05-22', '2023-05-26', '08:00:00', '17:00:00', 'Piso 2', 2, '2023-05-17 19:58:40', '2023-05-17 19:58:40', NULL),
	(1003, '2023-05-29', '2023-06-02', '08:00:00', '17:00:00', 'Piso 2', 2, '2023-05-17 19:58:40', '2023-05-17 19:58:40', NULL),
	(1004, '2023-05-01', '2023-05-05', '08:00:00', '17:00:00', 'Piso 2', 3, '2023-05-17 19:58:40', '2023-05-17 19:58:40', NULL),
	(1005, '2023-05-08', '2023-05-12', '08:00:00', '17:00:00', 'Piso 2', 3, '2023-05-17 19:58:40', '2023-05-17 19:58:40', NULL),
	(1006, '2023-05-15', '2023-05-19', '08:00:00', '17:00:00', 'Piso 2', 3, '2023-05-17 19:58:40', '2023-05-17 19:58:40', NULL),
	(1007, '2023-05-22', '2023-05-26', '08:00:00', '17:00:00', 'Piso 2', 3, '2023-05-17 19:58:40', '2023-05-17 19:58:40', NULL),
	(1008, '2023-05-29', '2023-06-02', '08:00:00', '17:00:00', 'Piso 2', 3, '2023-05-17 19:58:40', '2023-05-17 19:58:40', NULL),
	(1009, '2023-05-01', '2023-05-05', '08:00:00', '17:00:00', 'Piso 2', 4, '2023-05-17 19:58:40', '2023-05-17 19:58:40', NULL),
	(1010, '2023-05-08', '2023-05-12', '08:00:00', '17:00:00', 'Piso 2', 4, '2023-05-17 19:58:40', '2023-05-17 19:58:40', NULL),
	(1011, '2023-05-15', '2023-05-19', '08:00:00', '17:00:00', 'Piso 2', 4, '2023-05-17 19:58:40', '2023-05-17 19:58:40', NULL),
	(1012, '2023-05-22', '2023-05-26', '08:00:00', '17:00:00', 'Piso 2', 4, '2023-05-17 19:58:40', '2023-05-17 19:58:40', NULL),
	(1013, '2023-05-29', '2023-06-02', '08:00:00', '17:00:00', 'Piso 2', 4, '2023-05-17 19:58:40', '2023-05-17 19:58:40', NULL),
	(1014, '2023-05-01', '2023-05-05', '08:00:00', '17:00:00', 'Piso 2', 5, '2023-05-17 19:58:40', '2023-05-17 19:58:40', NULL),
	(1015, '2023-05-08', '2023-05-12', '08:00:00', '17:00:00', 'Piso 2', 5, '2023-05-17 19:58:40', '2023-05-17 19:58:40', NULL),
	(1016, '2023-05-15', '2023-05-19', '08:00:00', '17:00:00', 'Piso 2', 5, '2023-05-17 19:58:41', '2023-05-17 19:58:41', NULL),
	(1017, '2023-05-22', '2023-05-26', '08:00:00', '17:00:00', 'Piso 2', 5, '2023-05-17 19:58:41', '2023-05-17 19:58:41', NULL),
	(1018, '2023-05-29', '2023-06-02', '08:00:00', '17:00:00', 'Piso 2', 5, '2023-05-17 19:58:41', '2023-05-17 19:58:41', NULL),
	(1019, '2023-05-01', '2023-05-05', '08:00:00', '17:00:00', 'Piso 2', 6, '2023-05-17 19:58:41', '2023-05-17 19:58:41', NULL),
	(1020, '2023-05-08', '2023-05-12', '08:00:00', '17:00:00', 'Piso 2', 6, '2023-05-17 19:58:41', '2023-05-17 19:58:41', NULL),
	(1021, '2023-05-15', '2023-05-19', '08:00:00', '17:00:00', 'Piso 2', 6, '2023-05-17 19:58:41', '2023-05-17 19:58:41', NULL),
	(1022, '2023-05-22', '2023-05-26', '08:00:00', '17:00:00', 'Piso 2', 6, '2023-05-17 19:58:41', '2023-05-17 19:58:41', NULL),
	(1023, '2023-05-29', '2023-06-02', '08:00:00', '17:00:00', 'Piso 2', 6, '2023-05-17 19:58:41', '2023-05-17 19:58:41', NULL),
	(1024, '2023-05-01', '2023-05-05', '08:00:00', '17:00:00', 'Piso 11', 7, '2023-05-17 19:58:41', '2023-05-17 19:58:41', NULL),
	(1025, '2023-05-08', '2023-05-12', '08:00:00', '17:00:00', 'Piso 11', 7, '2023-05-17 19:58:41', '2023-05-17 19:58:41', NULL),
	(1026, '2023-05-15', '2023-05-19', '08:00:00', '17:00:00', 'Piso 11', 7, '2023-05-17 19:58:41', '2023-05-17 19:58:41', NULL),
	(1027, '2023-05-22', '2023-05-26', '08:00:00', '17:00:00', 'Piso 11', 7, '2023-05-17 19:58:41', '2023-05-17 19:58:41', NULL),
	(1028, '2023-05-29', '2023-06-02', '08:00:00', '17:00:00', 'Piso 11', 7, '2023-05-17 19:58:41', '2023-05-17 19:58:41', NULL),
	(1029, '2023-05-01', '2023-05-05', '08:00:00', '17:00:00', 'Piso 2', 8, '2023-05-17 19:58:41', '2023-05-17 19:58:41', NULL),
	(1030, '2023-05-08', '2023-05-12', '08:00:00', '17:00:00', 'Piso 2', 8, '2023-05-17 19:58:41', '2023-05-17 19:58:41', NULL),
	(1031, '2023-05-15', '2023-05-19', '08:00:00', '17:00:00', 'Piso 2', 8, '2023-05-17 19:58:41', '2023-05-17 19:58:41', NULL),
	(1032, '2023-05-22', '2023-05-26', '08:00:00', '17:00:00', 'Piso 2', 8, '2023-05-17 19:58:41', '2023-05-17 19:58:41', NULL),
	(1033, '2023-05-29', '2023-06-02', '08:00:00', '17:00:00', 'Piso 2', 8, '2023-05-17 19:58:41', '2023-05-17 19:58:41', NULL),
	(1034, '2023-05-01', '2023-05-05', '08:00:00', '17:00:00', 'Piso 2', 9, '2023-05-17 19:58:41', '2023-05-17 19:58:41', NULL),
	(1035, '2023-05-08', '2023-05-12', '08:00:00', '17:00:00', 'Piso 2', 9, '2023-05-17 19:58:41', '2023-05-17 19:58:41', NULL),
	(1036, '2023-05-15', '2023-05-19', '08:00:00', '17:00:00', 'Piso 2', 9, '2023-05-17 19:58:41', '2023-05-17 19:58:41', NULL),
	(1037, '2023-05-22', '2023-05-26', '08:00:00', '17:00:00', 'Piso 2', 9, '2023-05-17 19:58:41', '2023-05-17 19:58:41', NULL),
	(1038, '2023-05-29', '2023-06-02', '08:00:00', '17:00:00', 'Piso 2', 9, '2023-05-17 19:58:41', '2023-05-17 19:58:41', NULL),
	(1039, '2023-05-01', '2023-05-05', '08:00:00', '17:00:00', 'Piso 2', 10, '2023-05-17 19:58:41', '2023-05-17 19:58:41', NULL),
	(1040, '2023-05-08', '2023-05-12', '08:00:00', '17:00:00', 'Piso 2', 10, '2023-05-17 19:58:41', '2023-05-17 19:58:41', NULL),
	(1041, '2023-05-15', '2023-05-19', '08:00:00', '17:00:00', 'Piso 2', 10, '2023-05-17 19:58:41', '2023-05-17 19:58:41', NULL),
	(1042, '2023-05-22', '2023-05-26', '08:00:00', '17:00:00', 'Piso 2', 10, '2023-05-17 19:58:41', '2023-05-17 19:58:41', NULL),
	(1043, '2023-05-29', '2023-06-02', '08:00:00', '17:00:00', 'Piso 2', 10, '2023-05-17 19:58:41', '2023-05-17 19:58:41', NULL),
	(1044, '2023-05-01', '2023-05-05', '08:00:00', '17:00:00', 'Piso 2', 11, '2023-05-17 19:58:41', '2023-05-17 19:58:41', NULL),
	(1045, '2023-05-08', '2023-05-12', '08:00:00', '17:00:00', 'Piso 2', 11, '2023-05-17 19:58:41', '2023-05-17 19:58:41', NULL),
	(1046, '2023-05-15', '2023-05-19', '08:00:00', '17:00:00', 'Piso 2', 11, '2023-05-17 19:58:41', '2023-05-17 19:58:41', NULL),
	(1047, '2023-05-22', '2023-05-26', '08:00:00', '17:00:00', 'Piso 2', 11, '2023-05-17 19:58:41', '2023-05-17 19:58:41', NULL),
	(1048, '2023-05-29', '2023-06-02', '08:00:00', '17:00:00', 'Piso 2', 11, '2023-05-17 19:58:41', '2023-05-17 19:58:41', NULL),
	(1049, '2023-05-01', '2023-05-05', '08:00:00', '17:00:00', 'Piso 2', 12, '2023-05-17 19:58:41', '2023-05-17 19:58:41', NULL),
	(1050, '2023-05-08', '2023-05-12', '08:00:00', '17:00:00', 'Piso 2', 12, '2023-05-17 19:58:41', '2023-05-17 19:58:41', NULL),
	(1051, '2023-05-15', '2023-05-19', '08:00:00', '17:00:00', 'Piso 2', 12, '2023-05-17 19:58:41', '2023-05-17 19:58:41', NULL),
	(1052, '2023-05-22', '2023-05-26', '08:00:00', '17:00:00', 'Piso 2', 12, '2023-05-17 19:58:41', '2023-05-17 19:58:41', NULL),
	(1053, '2023-05-29', '2023-06-02', '08:00:00', '17:00:00', 'Piso 2', 12, '2023-05-17 19:58:41', '2023-05-17 19:58:41', NULL),
	(1054, '2023-05-01', '2023-05-05', '08:00:00', '17:00:00', 'Piso 2', 13, '2023-05-17 19:58:41', '2023-05-17 19:58:41', NULL),
	(1055, '2023-05-08', '2023-05-12', '08:00:00', '17:00:00', 'Piso 2', 13, '2023-05-17 19:58:41', '2023-05-17 19:58:41', NULL),
	(1056, '2023-05-15', '2023-05-19', '08:00:00', '17:00:00', 'Piso 2', 13, '2023-05-17 19:58:41', '2023-05-17 19:58:41', NULL),
	(1057, '2023-05-22', '2023-05-26', '08:00:00', '17:00:00', 'Piso 2', 13, '2023-05-17 19:58:41', '2023-05-17 19:58:41', NULL),
	(1058, '2023-05-29', '2023-06-02', '08:00:00', '17:00:00', 'Piso 2', 13, '2023-05-17 19:58:41', '2023-05-17 19:58:41', NULL),
	(1059, '2023-05-01', '2023-05-05', '08:00:00', '17:00:00', 'Piso 2', 14, '2023-05-17 19:58:41', '2023-05-17 19:58:41', NULL),
	(1060, '2023-05-08', '2023-05-12', '08:00:00', '17:00:00', 'Piso 2', 14, '2023-05-17 19:58:41', '2023-05-17 19:58:41', NULL),
	(1061, '2023-05-15', '2023-05-19', '08:00:00', '17:00:00', 'Piso 2', 14, '2023-05-17 19:58:41', '2023-05-17 19:58:41', NULL),
	(1062, '2023-05-22', '2023-05-26', '08:00:00', '17:00:00', 'Piso 2', 14, '2023-05-17 19:58:41', '2023-05-17 19:58:41', NULL),
	(1063, '2023-05-29', '2023-06-02', '08:00:00', '17:00:00', 'Piso 2', 14, '2023-05-17 19:58:41', '2023-05-17 19:58:41', NULL),
	(1064, '2023-05-01', '2023-05-05', '08:00:00', '17:00:00', 'Piso 2', 15, '2023-05-17 19:58:41', '2023-05-17 19:58:41', NULL),
	(1065, '2023-05-08', '2023-05-12', '08:00:00', '17:00:00', 'Piso 2', 15, '2023-05-17 19:58:41', '2023-05-17 19:58:41', NULL),
	(1066, '2023-05-15', '2023-05-19', '08:00:00', '17:00:00', 'Piso 2', 15, '2023-05-17 19:58:41', '2023-05-17 19:58:41', NULL),
	(1067, '2023-05-22', '2023-05-26', '08:00:00', '17:00:00', 'Piso 2', 15, '2023-05-17 19:58:41', '2023-05-17 19:58:41', NULL),
	(1068, '2023-05-29', '2023-06-02', '08:00:00', '17:00:00', 'Piso 2', 15, '2023-05-17 19:58:41', '2023-05-17 19:58:41', NULL),
	(1069, '2023-05-01', '2023-05-05', '08:00:00', '17:00:00', 'Piso 2', 16, '2023-05-17 19:58:41', '2023-05-17 19:58:41', NULL),
	(1070, '2023-05-08', '2023-05-12', '08:00:00', '17:00:00', 'Piso 2', 16, '2023-05-17 19:58:41', '2023-05-17 19:58:41', NULL),
	(1071, '2023-05-15', '2023-05-19', '08:00:00', '17:00:00', 'Piso 2', 16, '2023-05-17 19:58:41', '2023-05-17 19:58:41', NULL),
	(1072, '2023-05-22', '2023-05-26', '08:00:00', '17:00:00', 'Piso 2', 16, '2023-05-17 19:58:41', '2023-05-17 19:58:41', NULL),
	(1073, '2023-05-29', '2023-06-02', '08:00:00', '17:00:00', 'Piso 2', 16, '2023-05-17 19:58:41', '2023-05-17 19:58:41', NULL),
	(1074, '2023-05-01', '2023-05-05', '08:00:00', '17:00:00', 'Piso 2', 17, '2023-05-17 19:58:41', '2023-05-17 19:58:41', NULL),
	(1075, '2023-05-08', '2023-05-12', '08:00:00', '17:00:00', 'Piso 2', 17, '2023-05-17 19:58:41', '2023-05-17 19:58:41', NULL),
	(1076, '2023-05-15', '2023-05-19', '08:00:00', '17:00:00', 'Piso 2', 17, '2023-05-17 19:58:41', '2023-05-17 19:58:41', NULL),
	(1077, '2023-05-22', '2023-05-26', '08:00:00', '17:00:00', 'Piso 2', 17, '2023-05-17 19:58:41', '2023-05-17 19:58:41', NULL),
	(1078, '2023-05-29', '2023-06-02', '08:00:00', '17:00:00', 'Piso 2', 17, '2023-05-17 19:58:41', '2023-05-17 19:58:41', NULL),
	(1079, '2023-05-01', '2023-05-05', '08:00:00', '17:00:00', 'Piso 2', 18, '2023-05-17 19:58:41', '2023-05-17 19:58:41', NULL),
	(1080, '2023-05-08', '2023-05-12', '08:00:00', '17:00:00', 'Piso 2', 18, '2023-05-17 19:58:41', '2023-05-17 19:58:41', NULL),
	(1081, '2023-05-15', '2023-05-19', '08:00:00', '17:00:00', 'Piso 2', 18, '2023-05-17 19:58:41', '2023-05-17 19:58:41', NULL),
	(1082, '2023-05-22', '2023-05-26', '08:00:00', '17:00:00', 'Piso 2', 18, '2023-05-17 19:58:41', '2023-05-17 19:58:41', NULL),
	(1083, '2023-05-29', '2023-06-02', '08:00:00', '17:00:00', 'Piso 2', 18, '2023-05-17 19:58:41', '2023-05-17 19:58:41', NULL),
	(1084, '2023-05-01', '2023-05-05', '08:00:00', '17:00:00', 'Piso 2', 19, '2023-05-17 19:58:41', '2023-05-17 19:58:41', NULL),
	(1085, '2023-05-08', '2023-05-12', '08:00:00', '17:00:00', 'Piso 2', 19, '2023-05-17 19:58:41', '2023-05-17 19:58:41', NULL),
	(1086, '2023-05-15', '2023-05-19', '08:00:00', '17:00:00', 'Piso 2', 19, '2023-05-17 19:58:41', '2023-05-17 19:58:41', NULL),
	(1087, '2023-05-22', '2023-05-26', '08:00:00', '17:00:00', 'Piso 2', 19, '2023-05-17 19:58:41', '2023-05-17 19:58:41', NULL),
	(1088, '2023-05-29', '2023-06-02', '08:00:00', '17:00:00', 'Piso 2', 19, '2023-05-17 19:58:41', '2023-05-17 19:58:41', NULL),
	(1089, '2023-05-01', '2023-05-05', '08:00:00', '17:00:00', 'Piso 2', 20, '2023-05-17 19:58:41', '2023-05-17 19:58:41', NULL),
	(1090, '2023-05-08', '2023-05-12', '08:00:00', '17:00:00', 'Piso 2', 20, '2023-05-17 19:58:41', '2023-05-17 19:58:41', NULL),
	(1091, '2023-05-15', '2023-05-19', '08:00:00', '17:00:00', 'Piso 2', 20, '2023-05-17 19:58:41', '2023-05-17 19:58:41', NULL),
	(1092, '2023-05-22', '2023-05-26', '08:00:00', '17:00:00', 'Piso 2', 20, '2023-05-17 19:58:41', '2023-05-17 19:58:41', NULL),
	(1093, '2023-05-29', '2023-06-02', '08:00:00', '17:00:00', 'Piso 2', 20, '2023-05-17 19:58:41', '2023-05-17 19:58:41', NULL),
	(1094, '2023-05-01', '2023-05-05', '08:00:00', '17:00:00', 'Piso 2', 21, '2023-05-17 19:58:41', '2023-05-17 19:58:41', NULL),
	(1095, '2023-05-08', '2023-05-12', '08:00:00', '17:00:00', 'Piso 2', 21, '2023-05-17 19:58:41', '2023-05-17 19:58:41', NULL),
	(1096, '2023-05-15', '2023-05-19', '08:00:00', '17:00:00', 'Piso 2', 21, '2023-05-17 19:58:41', '2023-05-17 19:58:41', NULL),
	(1097, '2023-05-22', '2023-05-26', '08:00:00', '17:00:00', 'Piso 2', 21, '2023-05-17 19:58:41', '2023-05-17 19:58:41', NULL),
	(1098, '2023-05-29', '2023-06-02', '08:00:00', '17:00:00', 'Piso 2', 21, '2023-05-17 19:58:41', '2023-05-17 19:58:41', NULL),
	(1099, '2023-05-01', '2023-05-05', '08:00:00', '17:00:00', 'Piso 2', 22, '2023-05-17 19:58:41', '2023-05-17 19:58:41', NULL),
	(1100, '2023-05-08', '2023-05-12', '08:00:00', '17:00:00', 'Piso 2', 22, '2023-05-17 19:58:41', '2023-05-17 19:58:41', NULL),
	(1101, '2023-05-15', '2023-05-19', '08:00:00', '17:00:00', 'Piso 2', 22, '2023-05-17 19:58:41', '2023-05-17 19:58:41', NULL),
	(1102, '2023-05-22', '2023-05-26', '08:00:00', '17:00:00', 'Piso 2', 22, '2023-05-17 19:58:41', '2023-05-17 19:58:41', NULL),
	(1103, '2023-05-29', '2023-06-02', '08:00:00', '17:00:00', 'Piso 2', 22, '2023-05-17 19:58:41', '2023-05-17 19:58:41', NULL),
	(1104, '2023-05-01', '2023-05-05', '08:00:00', '17:00:00', 'Piso 2', 23, '2023-05-17 19:58:41', '2023-05-17 19:58:41', NULL),
	(1105, '2023-05-08', '2023-05-12', '08:00:00', '17:00:00', 'Piso 2', 23, '2023-05-17 19:58:41', '2023-05-17 19:58:41', NULL),
	(1106, '2023-05-15', '2023-05-19', '08:00:00', '17:00:00', 'Piso 2', 23, '2023-05-17 19:58:41', '2023-05-17 19:58:41', NULL),
	(1107, '2023-05-22', '2023-05-26', '08:00:00', '17:00:00', 'Piso 2', 23, '2023-05-17 19:58:41', '2023-05-17 19:58:41', NULL),
	(1108, '2023-05-29', '2023-06-02', '08:00:00', '17:00:00', 'Piso 2', 23, '2023-05-17 19:58:41', '2023-05-17 19:58:41', NULL),
	(1109, '2023-05-01', '2023-05-05', '08:00:00', '17:00:00', 'Piso 2', 24, '2023-05-17 19:58:41', '2023-05-17 19:58:41', NULL),
	(1110, '2023-05-08', '2023-05-12', '08:00:00', '17:00:00', 'Piso 2', 24, '2023-05-17 19:58:41', '2023-05-17 19:58:41', NULL),
	(1111, '2023-05-15', '2023-05-19', '08:00:00', '17:00:00', 'Piso 2', 24, '2023-05-17 19:58:41', '2023-05-17 19:58:41', NULL),
	(1112, '2023-05-22', '2023-05-26', '08:00:00', '17:00:00', 'Piso 2', 24, '2023-05-17 19:58:41', '2023-05-17 19:58:41', NULL),
	(1113, '2023-05-29', '2023-06-02', '08:00:00', '17:00:00', 'Piso 2', 24, '2023-05-17 19:58:41', '2023-05-17 19:58:41', NULL),
	(1114, '2023-05-01', '2023-05-05', '08:00:00', '17:00:00', 'Piso 6', 25, '2023-05-17 19:58:41', '2023-05-17 19:58:41', NULL),
	(1115, '2023-05-08', '2023-05-12', '08:00:00', '17:00:00', 'Piso 6', 25, '2023-05-17 19:58:41', '2023-05-17 19:58:41', NULL),
	(1116, '2023-05-15', '2023-05-19', '08:00:00', '17:00:00', 'Piso 6', 25, '2023-05-17 19:58:41', '2023-05-17 19:58:41', NULL),
	(1117, '2023-05-22', '2023-05-26', '08:00:00', '17:00:00', 'Piso 6', 25, '2023-05-17 19:58:41', '2023-05-17 19:58:41', NULL),
	(1118, '2023-05-29', '2023-06-02', '08:00:00', '17:00:00', 'Piso 6', 25, '2023-05-17 19:58:41', '2023-05-17 19:58:41', NULL),
	(1119, '2023-05-01', '2023-05-05', '08:00:00', '17:00:00', 'Piso 5', 29, '2023-05-17 19:58:41', '2023-05-17 19:58:41', NULL),
	(1120, '2023-05-08', '2023-05-12', '08:00:00', '17:00:00', 'Piso 5', 29, '2023-05-17 19:58:41', '2023-05-17 19:58:41', NULL),
	(1121, '2023-05-15', '2023-05-19', '08:00:00', '17:00:00', 'Piso 5', 29, '2023-05-17 19:58:41', '2023-05-17 19:58:41', NULL),
	(1122, '2023-05-22', '2023-05-26', '08:00:00', '17:00:00', 'Piso 5', 29, '2023-05-17 19:58:41', '2023-05-17 19:58:41', NULL),
	(1123, '2023-05-29', '2023-06-02', '08:00:00', '17:00:00', 'Piso 5', 29, '2023-05-17 19:58:41', '2023-05-17 19:58:41', NULL),
	(1124, '2023-05-01', '2023-05-05', '08:00:00', '17:00:00', 'Piso 1', 30, '2023-05-17 19:58:41', '2023-05-17 19:58:41', NULL),
	(1125, '2023-05-08', '2023-05-12', '08:00:00', '17:00:00', 'Piso 1', 30, '2023-05-17 19:58:41', '2023-05-17 19:58:41', NULL),
	(1126, '2023-05-15', '2023-05-19', '08:00:00', '17:00:00', 'Piso 1', 30, '2023-05-17 19:58:41', '2023-05-17 19:58:41', NULL),
	(1127, '2023-05-22', '2023-05-26', '08:00:00', '17:00:00', 'Piso 1', 30, '2023-05-17 19:58:41', '2023-05-17 19:58:41', NULL),
	(1128, '2023-05-29', '2023-06-02', '08:00:00', '17:00:00', 'Piso 1', 30, '2023-05-17 19:58:41', '2023-05-17 19:58:41', NULL),
	(1129, '2023-05-01', '2023-05-05', '08:00:00', '17:00:00', 'Piso 11', 31, '2023-05-17 19:58:41', '2023-05-17 19:58:41', NULL),
	(1130, '2023-05-08', '2023-05-12', '08:00:00', '17:00:00', 'Piso 11', 31, '2023-05-17 19:58:41', '2023-05-17 19:58:41', NULL),
	(1131, '2023-05-15', '2023-05-19', '08:00:00', '17:00:00', 'Piso 11', 31, '2023-05-17 19:58:41', '2023-05-17 19:58:41', NULL),
	(1132, '2023-05-22', '2023-05-26', '08:00:00', '17:00:00', 'Piso 11', 31, '2023-05-17 19:58:41', '2023-05-17 19:58:41', NULL),
	(1133, '2023-05-29', '2023-06-02', '08:00:00', '17:00:00', 'Piso 11', 31, '2023-05-17 19:58:41', '2023-05-17 19:58:41', NULL),
	(1134, '2023-05-01', '2023-05-05', '08:00:00', '17:00:00', 'Piso 9', 32, '2023-05-17 19:58:41', '2023-05-17 19:58:41', NULL),
	(1135, '2023-05-08', '2023-05-12', '08:00:00', '17:00:00', 'Piso 9', 32, '2023-05-17 19:58:41', '2023-05-17 19:58:41', NULL),
	(1136, '2023-05-15', '2023-05-19', '08:00:00', '17:00:00', 'Piso 9', 32, '2023-05-17 19:58:41', '2023-05-17 19:58:41', NULL),
	(1137, '2023-05-22', '2023-05-26', '08:00:00', '17:00:00', 'Piso 9', 32, '2023-05-17 19:58:41', '2023-05-17 19:58:41', NULL),
	(1138, '2023-05-29', '2023-06-02', '08:00:00', '17:00:00', 'Piso 9', 32, '2023-05-17 19:58:41', '2023-05-17 19:58:41', NULL),
	(1139, '2023-05-01', '2023-05-05', '08:00:00', '17:00:00', 'Piso 10', 33, '2023-05-17 19:58:41', '2023-05-17 19:58:41', NULL),
	(1140, '2023-05-08', '2023-05-12', '08:00:00', '17:00:00', 'Piso 10', 33, '2023-05-17 19:58:41', '2023-05-17 19:58:41', NULL),
	(1141, '2023-05-15', '2023-05-19', '08:00:00', '17:00:00', 'Piso 10', 33, '2023-05-17 19:58:41', '2023-05-17 19:58:41', NULL),
	(1142, '2023-05-22', '2023-05-26', '08:00:00', '17:00:00', 'Piso 10', 33, '2023-05-17 19:58:41', '2023-05-17 19:58:41', NULL),
	(1143, '2023-05-29', '2023-06-02', '08:00:00', '17:00:00', 'Piso 10', 33, '2023-05-17 19:58:41', '2023-05-17 19:58:41', NULL),
	(1144, '2023-05-01', '2023-05-05', '08:00:00', '17:00:00', 'Piso 3', 34, '2023-05-17 19:58:41', '2023-05-17 19:58:41', NULL),
	(1145, '2023-05-08', '2023-05-12', '08:00:00', '17:00:00', 'Piso 3', 34, '2023-05-17 19:58:41', '2023-05-17 19:58:41', NULL),
	(1146, '2023-05-15', '2023-05-19', '08:00:00', '17:00:00', 'Piso 3', 34, '2023-05-17 19:58:41', '2023-05-17 19:58:41', NULL),
	(1147, '2023-05-22', '2023-05-26', '08:00:00', '17:00:00', 'Piso 3', 34, '2023-05-17 19:58:41', '2023-05-17 19:58:41', NULL),
	(1148, '2023-05-29', '2023-06-02', '08:00:00', '17:00:00', 'Piso 3', 34, '2023-05-17 19:58:41', '2023-05-17 19:58:41', NULL),
	(1149, '2023-05-01', '2023-05-05', '08:00:00', '17:00:00', 'Piso 1', 44, '2023-05-17 19:58:41', '2023-05-17 19:58:41', NULL),
	(1150, '2023-05-08', '2023-05-12', '08:00:00', '17:00:00', 'Piso 1', 44, '2023-05-17 19:58:41', '2023-05-17 19:58:41', NULL),
	(1151, '2023-05-15', '2023-05-19', '08:00:00', '17:00:00', 'Piso 1', 44, '2023-05-17 19:58:41', '2023-05-17 19:58:41', NULL),
	(1152, '2023-05-22', '2023-05-26', '08:00:00', '17:00:00', 'Piso 1', 44, '2023-05-17 19:58:41', '2023-05-17 19:58:41', NULL),
	(1153, '2023-05-29', '2023-06-02', '08:00:00', '17:00:00', 'Piso 1', 44, '2023-05-17 19:58:41', '2023-05-17 19:58:41', NULL),
	(1154, '2023-05-01', '2023-05-05', '08:00:00', '17:00:00', 'Piso 1', 45, '2023-05-17 19:58:41', '2023-05-17 19:58:41', NULL),
	(1155, '2023-05-08', '2023-05-12', '08:00:00', '17:00:00', 'Piso 1', 45, '2023-05-17 19:58:41', '2023-05-17 19:58:41', NULL),
	(1156, '2023-05-15', '2023-05-19', '08:00:00', '17:00:00', 'Piso 1', 45, '2023-05-17 19:58:41', '2023-05-17 19:58:41', NULL),
	(1157, '2023-05-22', '2023-05-26', '08:00:00', '17:00:00', 'Piso 1', 45, '2023-05-17 19:58:41', '2023-05-17 19:58:41', NULL),
	(1158, '2023-05-29', '2023-06-02', '08:00:00', '17:00:00', 'Piso 1', 45, '2023-05-17 19:58:41', '2023-05-17 19:58:41', NULL),
	(1159, '2023-05-01', '2023-05-05', '08:00:00', '17:00:00', 'Piso 1', 47, '2023-05-17 19:58:41', '2023-05-17 19:58:41', NULL),
	(1160, '2023-05-08', '2023-05-12', '08:00:00', '17:00:00', 'Piso 1', 47, '2023-05-17 19:58:41', '2023-05-17 19:58:41', NULL),
	(1161, '2023-05-15', '2023-05-19', '08:00:00', '17:00:00', 'Piso 1', 47, '2023-05-17 19:58:41', '2023-05-17 19:58:41', NULL),
	(1162, '2023-05-22', '2023-05-26', '08:00:00', '17:00:00', 'Piso 1', 47, '2023-05-17 19:58:41', '2023-05-17 19:58:41', NULL),
	(1163, '2023-05-29', '2023-06-02', '08:00:00', '17:00:00', 'Piso 1', 47, '2023-05-17 19:58:41', '2023-05-17 19:58:41', NULL),
	(1164, '2023-05-01', '2023-05-05', '08:00:00', '17:00:00', 'Piso 1', 48, '2023-05-17 19:58:41', '2023-05-17 19:58:41', NULL),
	(1165, '2023-05-08', '2023-05-12', '08:00:00', '17:00:00', 'Piso 1', 48, '2023-05-17 19:58:41', '2023-05-17 19:58:41', NULL),
	(1166, '2023-05-15', '2023-05-19', '08:00:00', '17:00:00', 'Piso 1', 48, '2023-05-17 19:58:41', '2023-05-17 19:58:41', NULL),
	(1167, '2023-05-22', '2023-05-26', '08:00:00', '17:00:00', 'Piso 1', 48, '2023-05-17 19:58:41', '2023-05-17 19:58:41', NULL),
	(1168, '2023-05-29', '2023-06-02', '08:00:00', '17:00:00', 'Piso 1', 48, '2023-05-17 19:58:41', '2023-05-17 19:58:41', NULL),
	(1169, '2023-05-01', '2023-05-05', '08:00:00', '17:00:00', 'Piso 10', 51, '2023-05-17 19:58:41', '2023-05-17 19:58:41', NULL),
	(1170, '2023-05-08', '2023-05-12', '08:00:00', '17:00:00', 'Piso 10', 51, '2023-05-17 19:58:41', '2023-05-17 19:58:41', NULL),
	(1171, '2023-05-15', '2023-05-19', '08:00:00', '17:00:00', 'Piso 10', 51, '2023-05-17 19:58:41', '2023-05-17 19:58:41', NULL),
	(1172, '2023-05-22', '2023-05-26', '08:00:00', '17:00:00', 'Piso 10', 51, '2023-05-17 19:58:41', '2023-05-17 19:58:41', NULL),
	(1173, '2023-05-29', '2023-06-02', '08:00:00', '17:00:00', 'Piso 10', 51, '2023-05-17 19:58:41', '2023-05-17 19:58:41', NULL),
	(1174, '2023-05-01', '2023-05-05', '08:00:00', '17:00:00', 'Piso 2', 53, '2023-05-17 19:58:41', '2023-05-17 19:58:41', NULL),
	(1175, '2023-05-08', '2023-05-12', '08:00:00', '17:00:00', 'Piso 2', 53, '2023-05-17 19:58:41', '2023-05-17 19:58:41', NULL),
	(1176, '2023-05-15', '2023-05-19', '08:00:00', '17:00:00', 'Piso 2', 53, '2023-05-17 19:58:41', '2023-05-17 19:58:41', NULL),
	(1177, '2023-05-22', '2023-05-26', '08:00:00', '17:00:00', 'Piso 2', 53, '2023-05-17 19:58:41', '2023-05-17 19:58:41', NULL),
	(1178, '2023-05-29', '2023-06-02', '08:00:00', '17:00:00', 'Piso 2', 53, '2023-05-17 19:58:41', '2023-05-17 19:58:41', NULL),
	(1179, '2023-05-01', '2023-05-05', '08:00:00', '17:00:00', 'Piso 10', 56, '2023-05-17 19:58:41', '2023-05-17 19:58:41', NULL),
	(1180, '2023-05-08', '2023-05-12', '08:00:00', '17:00:00', 'Piso 10', 56, '2023-05-17 19:58:41', '2023-05-17 19:58:41', NULL),
	(1181, '2023-05-15', '2023-05-19', '08:00:00', '17:00:00', 'Piso 10', 56, '2023-05-17 19:58:41', '2023-05-17 19:58:41', NULL),
	(1182, '2023-05-22', '2023-05-26', '08:00:00', '17:00:00', 'Piso 10', 56, '2023-05-17 19:58:41', '2023-05-17 19:58:41', NULL),
	(1183, '2023-05-29', '2023-06-02', '08:00:00', '17:00:00', 'Piso 10', 56, '2023-05-17 19:58:41', '2023-05-17 19:58:41', NULL),
	(1184, '2023-05-01', '2023-05-05', '07:00:00', '17:00:00', 'Piso 6', 26, '2023-05-17 19:58:41', '2023-05-17 19:58:41', NULL),
	(1185, '2023-05-08', '2023-05-12', '07:00:00', '17:00:00', 'Piso 6', 26, '2023-05-17 19:58:41', '2023-05-17 19:58:41', NULL),
	(1186, '2023-05-15', '2023-05-19', '07:00:00', '17:00:00', 'Piso 6', 26, '2023-05-17 19:58:41', '2023-05-17 19:58:41', NULL),
	(1187, '2023-05-22', '2023-05-26', '07:00:00', '17:00:00', 'Piso 6', 26, '2023-05-17 19:58:41', '2023-05-17 19:58:41', NULL),
	(1188, '2023-05-29', '2023-06-02', '07:00:00', '17:00:00', 'Piso 6', 26, '2023-05-17 19:58:41', '2023-05-17 19:58:41', NULL),
	(1189, '2023-05-01', '2023-05-05', '07:00:00', '17:00:00', 'Piso 6', 27, '2023-05-17 19:58:41', '2023-05-17 19:58:41', NULL),
	(1190, '2023-05-08', '2023-05-12', '07:00:00', '17:00:00', 'Piso 6', 27, '2023-05-17 19:58:41', '2023-05-17 19:58:41', NULL),
	(1191, '2023-05-15', '2023-05-19', '07:00:00', '17:00:00', 'Piso 6', 27, '2023-05-17 19:58:41', '2023-05-17 19:58:41', NULL),
	(1192, '2023-05-22', '2023-05-26', '07:00:00', '17:00:00', 'Piso 6', 27, '2023-05-17 19:58:41', '2023-05-17 19:58:41', NULL),
	(1193, '2023-05-29', '2023-06-02', '07:00:00', '17:00:00', 'Piso 6', 27, '2023-05-17 19:58:41', '2023-05-17 19:58:41', NULL),
	(1194, '2023-05-01', '2023-05-05', '07:00:00', '17:00:00', 'Piso 3', 28, '2023-05-17 19:58:41', '2023-05-17 19:58:41', NULL),
	(1195, '2023-05-08', '2023-05-12', '07:00:00', '17:00:00', 'Piso 3', 28, '2023-05-17 19:58:41', '2023-05-17 19:58:41', NULL),
	(1196, '2023-05-15', '2023-05-19', '07:00:00', '17:00:00', 'Piso 3', 28, '2023-05-17 19:58:41', '2023-05-17 19:58:41', NULL),
	(1197, '2023-05-22', '2023-05-26', '07:00:00', '17:00:00', 'Piso 3', 28, '2023-05-17 19:58:41', '2023-05-17 19:58:41', NULL),
	(1198, '2023-05-29', '2023-06-02', '07:00:00', '17:00:00', 'Piso 3', 28, '2023-05-17 19:58:41', '2023-05-17 19:58:41', NULL),
	(1199, '2023-05-01', '2023-05-05', '07:00:00', '17:00:00', 'Piso 3', 35, '2023-05-17 19:58:41', '2023-05-17 19:58:41', NULL),
	(1200, '2023-05-08', '2023-05-12', '07:00:00', '17:00:00', 'Piso 3', 35, '2023-05-17 19:58:41', '2023-05-17 19:58:41', NULL),
	(1201, '2023-05-15', '2023-05-19', '07:00:00', '17:00:00', 'Piso 3', 35, '2023-05-17 19:58:41', '2023-05-17 19:58:41', NULL),
	(1202, '2023-05-22', '2023-05-26', '07:00:00', '17:00:00', 'Piso 3', 35, '2023-05-17 19:58:41', '2023-05-17 19:58:41', NULL),
	(1203, '2023-05-29', '2023-06-02', '07:00:00', '17:00:00', 'Piso 3', 35, '2023-05-17 19:58:41', '2023-05-17 19:58:41', NULL),
	(1204, '2023-05-01', '2023-05-05', '07:00:00', '17:00:00', 'Piso 6', 36, '2023-05-17 19:58:41', '2023-05-17 19:58:41', NULL),
	(1205, '2023-05-08', '2023-05-12', '07:00:00', '17:00:00', 'Piso 6', 36, '2023-05-17 19:58:41', '2023-05-17 19:58:41', NULL),
	(1206, '2023-05-15', '2023-05-19', '07:00:00', '17:00:00', 'Piso 6', 36, '2023-05-17 19:58:41', '2023-05-17 19:58:41', NULL),
	(1207, '2023-05-22', '2023-05-26', '07:00:00', '17:00:00', 'Piso 6', 36, '2023-05-17 19:58:41', '2023-05-17 19:58:41', NULL),
	(1208, '2023-05-29', '2023-06-02', '07:00:00', '17:00:00', 'Piso 6', 36, '2023-05-17 19:58:41', '2023-05-17 19:58:41', NULL),
	(1209, '2023-05-01', '2023-05-05', '07:00:00', '17:00:00', 'Piso 6', 37, '2023-05-17 19:58:41', '2023-05-17 19:58:41', NULL),
	(1210, '2023-05-08', '2023-05-12', '07:00:00', '17:00:00', 'Piso 6', 37, '2023-05-17 19:58:41', '2023-05-17 19:58:41', NULL),
	(1211, '2023-05-15', '2023-05-19', '07:00:00', '17:00:00', 'Piso 6', 37, '2023-05-17 19:58:41', '2023-05-17 19:58:41', NULL),
	(1212, '2023-05-22', '2023-05-26', '07:00:00', '17:00:00', 'Piso 6', 37, '2023-05-17 19:58:41', '2023-05-17 19:58:41', NULL),
	(1213, '2023-05-29', '2023-06-02', '07:00:00', '17:00:00', 'Piso 6', 37, '2023-05-17 19:58:41', '2023-05-17 19:58:41', NULL),
	(1214, '2023-05-01', '2023-05-05', '07:00:00', '17:00:00', 'Piso 3', 38, '2023-05-17 19:58:41', '2023-05-17 19:58:41', NULL),
	(1215, '2023-05-08', '2023-05-12', '07:00:00', '17:00:00', 'Piso 3', 38, '2023-05-17 19:58:41', '2023-05-17 19:58:41', NULL),
	(1216, '2023-05-15', '2023-05-19', '07:00:00', '17:00:00', 'Piso 3', 38, '2023-05-17 19:58:41', '2023-05-17 19:58:41', NULL),
	(1217, '2023-05-22', '2023-05-26', '07:00:00', '17:00:00', 'Piso 3', 38, '2023-05-17 19:58:41', '2023-05-17 19:58:41', NULL),
	(1218, '2023-05-29', '2023-06-02', '07:00:00', '17:00:00', 'Piso 3', 38, '2023-05-17 19:58:41', '2023-05-17 19:58:41', NULL),
	(1219, '2023-05-01', '2023-05-05', '07:00:00', '17:00:00', 'Piso 4', 39, '2023-05-17 19:58:41', '2023-05-17 19:58:41', NULL),
	(1220, '2023-05-08', '2023-05-12', '07:00:00', '17:00:00', 'Piso 4', 39, '2023-05-17 19:58:41', '2023-05-17 19:58:41', NULL),
	(1221, '2023-05-15', '2023-05-19', '07:00:00', '17:00:00', 'Piso 4', 39, '2023-05-17 19:58:41', '2023-05-17 19:58:41', NULL),
	(1222, '2023-05-22', '2023-05-26', '07:00:00', '17:00:00', 'Piso 4', 39, '2023-05-17 19:58:41', '2023-05-17 19:58:41', NULL),
	(1223, '2023-05-29', '2023-06-02', '07:00:00', '17:00:00', 'Piso 4', 39, '2023-05-17 19:58:41', '2023-05-17 19:58:41', NULL),
	(1224, '2023-05-01', '2023-05-05', '07:00:00', '17:00:00', 'Piso 3', 40, '2023-05-17 19:58:41', '2023-05-17 19:58:41', NULL),
	(1225, '2023-05-08', '2023-05-12', '07:00:00', '17:00:00', 'Piso 3', 40, '2023-05-17 19:58:41', '2023-05-17 19:58:41', NULL),
	(1226, '2023-05-15', '2023-05-19', '07:00:00', '17:00:00', 'Piso 3', 40, '2023-05-17 19:58:41', '2023-05-17 19:58:41', NULL),
	(1227, '2023-05-22', '2023-05-26', '07:00:00', '17:00:00', 'Piso 3', 40, '2023-05-17 19:58:41', '2023-05-17 19:58:41', NULL),
	(1228, '2023-05-29', '2023-06-02', '07:00:00', '17:00:00', 'Piso 3', 40, '2023-05-17 19:58:41', '2023-05-17 19:58:41', NULL),
	(1229, '2023-05-01', '2023-05-05', '07:00:00', '17:00:00', 'Piso 3', 41, '2023-05-17 19:58:41', '2023-05-17 19:58:41', NULL),
	(1230, '2023-05-08', '2023-05-12', '07:00:00', '17:00:00', 'Piso 3', 41, '2023-05-17 19:58:41', '2023-05-17 19:58:41', NULL),
	(1231, '2023-05-15', '2023-05-19', '07:00:00', '17:00:00', 'Piso 3', 41, '2023-05-17 19:58:41', '2023-05-17 19:58:41', NULL),
	(1232, '2023-05-22', '2023-05-26', '07:00:00', '17:00:00', 'Piso 3', 41, '2023-05-17 19:58:41', '2023-05-17 19:58:41', NULL),
	(1233, '2023-05-29', '2023-06-02', '07:00:00', '17:00:00', 'Piso 3', 41, '2023-05-17 19:58:41', '2023-05-17 19:58:41', NULL),
	(1234, '2023-05-01', '2023-05-05', '07:00:00', '17:00:00', 'Piso 3', 42, '2023-05-17 19:58:41', '2023-05-17 19:58:41', NULL),
	(1235, '2023-05-08', '2023-05-12', '07:00:00', '17:00:00', 'Piso 3', 42, '2023-05-17 19:58:41', '2023-05-17 19:58:41', NULL),
	(1236, '2023-05-15', '2023-05-19', '07:00:00', '17:00:00', 'Piso 3', 42, '2023-05-17 19:58:41', '2023-05-17 19:58:41', NULL),
	(1237, '2023-05-22', '2023-05-26', '07:00:00', '17:00:00', 'Piso 3', 42, '2023-05-17 19:58:41', '2023-05-17 19:58:41', NULL),
	(1238, '2023-05-29', '2023-06-02', '07:00:00', '17:00:00', 'Piso 3', 42, '2023-05-17 19:58:41', '2023-05-17 19:58:41', NULL),
	(1239, '2023-05-01', '2023-05-05', '07:00:00', '17:00:00', 'Piso 6', 43, '2023-05-17 19:58:41', '2023-05-17 19:58:41', NULL),
	(1240, '2023-05-08', '2023-05-12', '07:00:00', '17:00:00', 'Piso 6', 43, '2023-05-17 19:58:41', '2023-05-17 19:58:41', NULL),
	(1241, '2023-05-15', '2023-05-19', '07:00:00', '17:00:00', 'Piso 6', 43, '2023-05-17 19:58:41', '2023-05-17 19:58:41', NULL),
	(1242, '2023-05-22', '2023-05-26', '07:00:00', '17:00:00', 'Piso 6', 43, '2023-05-17 19:58:41', '2023-05-17 19:58:41', NULL),
	(1243, '2023-05-29', '2023-06-02', '07:00:00', '17:00:00', 'Piso 6', 43, '2023-05-17 19:58:41', '2023-05-17 19:58:41', NULL),
	(1244, '2023-05-01', '2023-05-05', '07:00:00', '17:00:00', 'Piso 3', 46, '2023-05-17 19:58:41', '2023-05-17 19:58:41', NULL),
	(1245, '2023-05-08', '2023-05-12', '07:00:00', '17:00:00', 'Piso 3', 46, '2023-05-17 19:58:41', '2023-05-17 19:58:41', NULL),
	(1246, '2023-05-15', '2023-05-19', '07:00:00', '17:00:00', 'Piso 3', 46, '2023-05-17 19:58:41', '2023-05-17 19:58:41', NULL),
	(1247, '2023-05-22', '2023-05-26', '07:00:00', '17:00:00', 'Piso 3', 46, '2023-05-17 19:58:41', '2023-05-17 19:58:41', NULL),
	(1248, '2023-05-29', '2023-06-02', '07:00:00', '17:00:00', 'Piso 3', 46, '2023-05-17 19:58:41', '2023-05-17 19:58:41', NULL),
	(1249, '2023-05-01', '2023-05-05', '07:00:00', '17:00:00', 'Piso 1', 49, '2023-05-17 19:58:41', '2023-05-17 19:58:41', NULL),
	(1250, '2023-05-08', '2023-05-12', '07:00:00', '17:00:00', 'Piso 1', 49, '2023-05-17 19:58:41', '2023-05-17 19:58:41', NULL),
	(1251, '2023-05-15', '2023-05-19', '07:00:00', '17:00:00', 'Piso 1', 49, '2023-05-17 19:58:41', '2023-05-17 19:58:41', NULL),
	(1252, '2023-05-22', '2023-05-26', '07:00:00', '17:00:00', 'Piso 1', 49, '2023-05-17 19:58:41', '2023-05-17 19:58:41', NULL),
	(1253, '2023-05-29', '2023-06-02', '07:00:00', '17:00:00', 'Piso 1', 49, '2023-05-17 19:58:41', '2023-05-17 19:58:41', NULL),
	(1254, '2023-05-01', '2023-05-05', '07:00:00', '17:00:00', 'Piso 11', 50, '2023-05-17 19:58:41', '2023-05-17 19:58:41', NULL),
	(1255, '2023-05-08', '2023-05-12', '07:00:00', '17:00:00', 'Piso 11', 50, '2023-05-17 19:58:41', '2023-05-17 19:58:41', NULL),
	(1256, '2023-05-15', '2023-05-19', '07:00:00', '17:00:00', 'Piso 11', 50, '2023-05-17 19:58:41', '2023-05-17 19:58:41', NULL),
	(1257, '2023-05-22', '2023-05-26', '07:00:00', '17:00:00', 'Piso 11', 50, '2023-05-17 19:58:41', '2023-05-17 19:58:41', NULL),
	(1258, '2023-05-29', '2023-06-02', '07:00:00', '17:00:00', 'Piso 11', 50, '2023-05-17 19:58:41', '2023-05-17 19:58:41', NULL),
	(1259, '2023-05-01', '2023-05-05', '07:00:00', '17:00:00', 'Piso 9', 52, '2023-05-17 19:58:41', '2023-05-17 19:58:41', NULL),
	(1260, '2023-05-08', '2023-05-12', '07:00:00', '17:00:00', 'Piso 9', 52, '2023-05-17 19:58:41', '2023-05-17 19:58:41', NULL),
	(1261, '2023-05-15', '2023-05-19', '07:00:00', '17:00:00', 'Piso 9', 52, '2023-05-17 19:58:41', '2023-05-17 19:58:41', NULL),
	(1262, '2023-05-22', '2023-05-26', '07:00:00', '17:00:00', 'Piso 9', 52, '2023-05-17 19:58:41', '2023-05-17 19:58:41', NULL),
	(1263, '2023-05-29', '2023-06-02', '07:00:00', '17:00:00', 'Piso 9', 52, '2023-05-17 19:58:41', '2023-05-17 19:58:41', NULL),
	(1264, '2023-05-01', '2023-05-05', '07:00:00', '17:00:00', 'Piso 2', 54, '2023-05-17 19:58:41', '2023-05-17 19:58:41', NULL),
	(1265, '2023-05-08', '2023-05-12', '07:00:00', '17:00:00', 'Piso 2', 54, '2023-05-17 19:58:41', '2023-05-17 19:58:41', NULL),
	(1266, '2023-05-15', '2023-05-19', '07:00:00', '17:00:00', 'Piso 2', 54, '2023-05-17 19:58:41', '2023-05-17 19:58:41', NULL),
	(1267, '2023-05-22', '2023-05-26', '07:00:00', '17:00:00', 'Piso 2', 54, '2023-05-17 19:58:41', '2023-05-17 19:58:41', NULL),
	(1268, '2023-05-29', '2023-06-02', '07:00:00', '17:00:00', 'Piso 2', 54, '2023-05-17 19:58:41', '2023-05-17 19:58:41', NULL),
	(1269, '2023-05-01', '2023-05-05', '07:00:00', '17:00:00', 'Piso 1', 55, '2023-05-17 19:58:41', '2023-05-17 19:58:41', NULL),
	(1270, '2023-05-08', '2023-05-12', '07:00:00', '17:00:00', 'Piso 1', 55, '2023-05-17 19:58:41', '2023-05-17 19:58:41', NULL),
	(1271, '2023-05-15', '2023-05-19', '07:00:00', '17:00:00', 'Piso 1', 55, '2023-05-17 19:58:41', '2023-05-17 19:58:41', NULL),
	(1272, '2023-05-22', '2023-05-26', '07:00:00', '17:00:00', 'Piso 1', 55, '2023-05-17 19:58:41', '2023-05-17 19:58:41', NULL),
	(1273, '2023-05-29', '2023-06-02', '07:00:00', '17:00:00', 'Piso 1', 55, '2023-05-17 19:58:41', '2023-05-17 19:58:41', NULL),
	(1274, '2023-05-01', '2023-05-05', '07:00:00', '17:00:00', 'Piso 3', 57, '2023-05-17 19:58:41', '2023-05-17 19:58:41', NULL),
	(1275, '2023-05-08', '2023-05-12', '07:00:00', '17:00:00', 'Piso 3', 57, '2023-05-17 19:58:41', '2023-05-17 19:58:41', NULL),
	(1276, '2023-05-15', '2023-05-19', '07:00:00', '17:00:00', 'Piso 3', 57, '2023-05-17 19:58:41', '2023-05-17 19:58:41', NULL),
	(1277, '2023-05-22', '2023-05-26', '07:00:00', '17:00:00', 'Piso 3', 57, '2023-05-17 19:58:41', '2023-05-17 19:58:41', NULL),
	(1278, '2023-05-29', '2023-06-02', '07:00:00', '17:00:00', 'Piso 3', 57, '2023-05-17 19:58:41', '2023-05-17 19:58:41', NULL),
	(1279, '2023-05-01', '2023-05-05', '07:00:00', '17:00:00', 'Piso 3', 58, '2023-05-17 19:58:41', '2023-05-17 19:58:41', NULL),
	(1280, '2023-05-08', '2023-05-12', '07:00:00', '17:00:00', 'Piso 3', 58, '2023-05-17 19:58:41', '2023-05-17 19:58:41', NULL),
	(1281, '2023-05-15', '2023-05-19', '07:00:00', '17:00:00', 'Piso 3', 58, '2023-05-17 19:58:41', '2023-05-17 19:58:41', NULL),
	(1282, '2023-05-22', '2023-05-26', '07:00:00', '17:00:00', 'Piso 3', 58, '2023-05-17 19:58:41', '2023-05-17 19:58:41', NULL),
	(1283, '2023-05-29', '2023-06-02', '07:00:00', '17:00:00', 'Piso 3', 58, '2023-05-17 19:58:41', '2023-05-17 19:58:41', NULL);

-- Volcando estructura para tabla cumisystem.employes
CREATE TABLE IF NOT EXISTS `employes` (
  `id` int unsigned NOT NULL AUTO_INCREMENT,
  `dni` int NOT NULL,
  `name` varchar(255) COLLATE utf8mb4_unicode_ci NOT NULL,
  `work_position` varchar(255) COLLATE utf8mb4_unicode_ci NOT NULL,
  `unit` varchar(255) COLLATE utf8mb4_unicode_ci NOT NULL,
  `cost_center` varchar(255) COLLATE utf8mb4_unicode_ci NOT NULL,
  `created_at` timestamp NULL DEFAULT NULL,
  `updated_at` timestamp NULL DEFAULT NULL,
  `deleted_at` timestamp NULL DEFAULT NULL,
  PRIMARY KEY (`id`)
) ENGINE=InnoDB AUTO_INCREMENT=59 DEFAULT CHARSET=utf8mb4 COLLATE=utf8mb4_unicode_ci;

-- Volcando datos para la tabla cumisystem.employes: ~58 rows (aproximadamente)
REPLACE INTO `employes` (`id`, `dni`, `name`, `work_position`, `unit`, `cost_center`, `created_at`, `updated_at`, `deleted_at`) VALUES
	(1, 13213164, 'Mauricio Camargo', 'Ingeniero de soporte', 'Administrativo', 'Piso 2', '2023-04-08 00:10:52', '2023-04-27 15:15:25', NULL),
	(2, 654567, 'Julio Alvarez', 'Auxiliar de sistemas', 'Administrativo', 'Piso 2', '2023-04-08 00:10:52', '2023-04-08 00:10:52', NULL),
	(3, 647321, 'Jesus David Ruiz Peralta', 'Analista  de datos', 'Administrativo', 'Piso 2', '2023-04-08 00:10:52', '2023-04-27 16:39:15', NULL),
	(4, 789789, 'Guilllermo Avila', 'Ingeniero biomedico', 'Administrativo', 'Piso 2', '2023-04-08 00:10:52', '2023-04-27 15:38:52', NULL),
	(5, 1067947645, 'Maria Alejandra Ponce', 'Comunicadora social', 'Administrativo', 'Piso 2', '2023-04-08 00:10:52', '2023-04-27 15:56:49', NULL),
	(6, 1067927399, 'Yisel Salazar Florez', 'Logistica', 'Administrativo', 'Piso 2', '2023-04-27 17:01:02', '2023-04-27 17:01:02', NULL),
	(7, 1067954877, 'Fulanito de tal', 'Jolie', 'Administrativo', 'Piso 11', '2023-04-12 15:36:06', '2023-04-15 16:06:21', NULL),
	(8, 1067862700, 'Erica Agudelo', 'Enfermera auditor cuentas medicas', 'Administrativo', 'Piso 2', '2023-04-27 17:06:55', '2023-04-27 17:06:55', NULL),
	(9, 1064998062, 'Andrea Reyes Bohorquez', 'Auxiliar de radicacion', 'Administrativo', 'Piso 2', '2023-04-27 17:10:36', '2023-04-27 17:10:36', NULL),
	(10, 1067890234, 'Yeraldin Tuiran Vargas', 'Auxiliar de autorizacion', 'Administrativo', 'Piso 2', '2023-04-27 17:13:25', '2023-04-27 17:13:25', NULL),
	(11, 1067956947, 'Daniela Salas', 'Psicologa organizacional', 'Administrativo', 'Piso 2', '2023-04-27 17:15:22', '2023-04-27 17:15:22', NULL),
	(12, 1067877609, 'Lucia Corcho Diaz', 'Profesional Cartera', 'Administrativo', 'Piso 2', '2023-04-27 17:17:43', '2023-04-27 17:17:43', NULL),
	(13, 1003190388, 'Alejandra Milena Miranda', 'Auxiliar talento humano', 'Administrativo', 'Piso 2', '2023-04-27 17:20:38', '2023-04-27 17:20:38', NULL),
	(14, 1067958229, 'Melisa Alvarez Marquez', 'SST', 'Administrativo', 'Piso 2', '2023-04-27 17:20:38', '2023-04-27 17:20:38', NULL),
	(15, 1003716436, 'Ana Sofia Lopez Martinez', 'Gestion riesgo y control interno', 'Administrativo', 'Piso 2', '2023-04-27 18:41:12', '2023-04-27 18:41:24', NULL),
	(16, 1003395501, 'Leandra Vanessa Garcia Gomez', 'Asistente contable', 'Administrativo', 'Piso 2', '2023-04-27 19:00:13', '2023-04-27 19:00:13', NULL),
	(17, 1003043704, 'Mateo Paez Cogollo', 'Ingeniero de procesos', 'Administrativo', 'Piso 2', '2023-04-27 19:08:30', '2023-04-27 19:08:30', NULL),
	(18, 1067937435, 'Daniel Jose Quintero Doria', 'Asistente contable torre 2', 'Administrativo', 'Piso 2', '2023-04-27 19:08:30', '2023-04-27 19:08:30', NULL),
	(19, 1065009429, 'Marisol Garcia Arrieta', 'Profesional de costos y presupuestos', 'Administrativo', 'Piso 2', '2023-04-27 19:15:09', '2023-04-27 19:15:09', NULL),
	(20, 26173922, 'Josefina Del Carmen Durango Negrete', 'Tesoreria', 'Administrativo', 'Piso 2', '2023-04-27 19:18:18', '2023-04-27 19:51:49', NULL),
	(21, 1067891102, 'Kelly de la salas Ensuncho', 'Profesional de nomina', 'Administrativo', 'Piso 2', '2023-04-28 13:31:14', '2023-04-28 13:31:14', NULL),
	(22, 50966594, 'Vilma Herrera', 'Coordinadora de facturacion', 'Administrativo', 'Piso 2', '2023-04-28 20:25:05', '2023-04-28 20:25:05', NULL),
	(23, 1067877865, 'Pedro Leon', 'Coordinador de sistemas', 'Administrativo', 'Piso 2', '2023-05-10 22:00:55', '2023-05-10 22:00:55', NULL),
	(24, 1067463611, 'Sandra Padilla', 'Contadora', 'Administrativo', 'Piso 2', '2023-05-10 22:02:39', '2023-05-10 22:02:39', NULL),
	(25, 1104377098, 'Alis Alcira Garcia Martinez', 'Referente seguridad del paciente', 'Administrativo', 'Piso 6', '2023-05-13 13:53:04', '2023-05-13 13:53:04', NULL),
	(26, 55304624, 'Haidy Espitia Muñoz', 'Auditor Médico', 'Administrativo asistencial', 'Piso 6', '2023-05-13 13:56:36', '2023-05-15 17:27:25', NULL),
	(27, 26037454, 'Dayana Regino Fuentes', 'Coordinadora general de enfermeria', 'Administrativo asistencial', 'Piso 6', '2023-05-13 13:58:28', '2023-05-15 17:27:20', NULL),
	(28, 1129508295, 'Diana Molina', 'Coordinador de servicio farmaceutico', 'Administrativo asistencial', 'Piso 3', '2023-05-13 14:30:57', '2023-05-15 17:27:05', NULL),
	(29, 1067851692, 'Sindy Milena Burgos Díaz', 'Facturador UCI', 'Administrativo', 'Piso 5', '2023-05-13 14:36:53', '2023-05-13 14:36:53', NULL),
	(30, 35116315, 'Claudia Mercado', 'Facturador urgencias', 'Administrativo', 'Piso 1', '2023-05-13 14:42:52', '2023-05-13 14:42:52', NULL),
	(31, 1067946048, 'Ana Marcela Oyola Díaz', 'Facturadora piso 11', 'Administrativo', 'Piso 11', '2023-05-13 14:45:04', '2023-05-13 14:45:04', NULL),
	(32, 1063153338, 'Juan David Altamiranda Cogollo', 'Facturador piso 9', 'Administrativo', 'Piso 9', '2023-05-13 14:47:53', '2023-05-13 14:47:53', NULL),
	(33, 1064978322, 'Jorge Emilio Guerrero Ospino', 'Facturador piso 10', 'Administrativo', 'Piso 10', '2023-05-13 14:49:21', '2023-05-13 14:49:21', NULL),
	(34, 50986841, 'Kattia Ines Cogollo Martinez', 'Facturador cirugia', 'Administrativo', 'Piso 3', '2023-05-13 14:51:10', '2023-05-13 14:51:10', NULL),
	(35, 1133809225, 'Yurleis Gonzalez Martinez', 'Admisiones cirugia', 'Administrativo asistencial', 'Piso 3', '2023-05-13 14:54:00', '2023-05-15 17:26:29', NULL),
	(36, 1032468914, 'Sandra Milena Castillo Gloria', 'Coordinación de UCI', 'Administrativo asistencial', 'Piso 6', '2023-05-13 14:57:18', '2023-05-15 17:26:10', NULL),
	(37, 1068658491, 'Eliana Josefa Castaño Zarur', 'Líder de fisioterapia', 'Administrativo asistencial', 'Piso 6', '2023-05-13 15:00:22', '2023-05-15 17:25:57', NULL),
	(38, 1066188447, 'Zahamaria Carmona Vertel', 'Ingenieria de procesos', 'Administrativo asistencial', 'Piso 3', '2023-05-13 15:02:56', '2023-05-17 18:48:31', NULL),
	(39, 1065010935, 'Keyla Martinez Cantero', 'Admision piso 4', 'Administrativo asistencial', 'Piso 4', '2023-05-13 15:05:58', '2023-05-17 18:47:12', NULL),
	(40, 30685352, 'Lorena Saibis Bedoya', 'Programacion de cirugia', 'Administrativo asistencial', 'Piso 3', '2023-05-13 15:08:25', '2023-05-15 17:25:26', NULL),
	(41, 1064977945, 'Breilly Saena Baron Arroyo', 'Gestor quirurgico', 'Administrativo asistencial', 'Piso 3', '2023-05-13 15:10:14', '2023-05-15 17:25:17', NULL),
	(42, 1065000844, 'Yulieth Paola Herazo Hoyos', 'Gestor quirurgico', 'Administrativo asistencial', 'Piso 3', '2023-05-13 15:12:00', '2023-05-15 17:24:19', NULL),
	(43, 1067913894, 'Yuli Maria Hernandez Negrete', 'Psicologa clinica', 'Administrativo asistencial', 'Piso 6', '2023-05-13 15:13:47', '2023-05-15 17:24:05', NULL),
	(44, 1066738042, 'Dairo Enrique Hoyos Avilez', 'Auxiliar compras', 'Administrativo', 'Piso 1', '2023-05-13 15:15:53', '2023-05-13 15:15:53', NULL),
	(45, 50932826, 'Claudia Patricia Narvaez Ramirez', 'Profesional de compras', 'Administrativo', 'Piso 1', '2023-05-13 15:18:00', '2023-05-13 15:18:00', NULL),
	(46, 1003404453, 'Angie Carolina Torres Camacho', 'Auxiliar de gestión quirúrgica', 'Administrativo asistencial', 'Piso 3', '2023-05-13 15:20:58', '2023-05-15 17:22:32', NULL),
	(47, 1068668177, 'Oswaldo Correa', 'Auxiliar de gestion documental', 'Administrativo', 'Piso 1', '2023-05-13 15:26:55', '2023-05-13 15:26:55', NULL),
	(48, 25784836, 'Monica Liliana Romero Nieto', 'Convenios especiales', 'Administrativo', 'Piso 1', '2023-05-13 16:00:22', '2023-05-13 16:00:22', NULL),
	(49, 1017124593, 'Karen Cura', 'Coordinadora urgencias', 'Administrativo asistencial', 'Piso 1', '2023-05-13 16:02:45', '2023-05-15 17:21:57', NULL),
	(50, 1047968514, 'Elizabeth Sanchez Loaiza', 'Nutricionista', 'Administrativo asistencial', 'Piso 11', '2023-05-13 16:05:36', '2023-05-15 17:21:40', NULL),
	(51, 50914359, 'Yeidyt Negrete Nieves', 'Coordinadora de calidad', 'Administrativo', 'Piso 10', '2023-05-13 16:13:25', '2023-05-13 16:13:25', NULL),
	(52, 1064992305, 'Laura Zuluaga Giraldo', 'Coordinadora de hospitalizacion', 'Administrativo asistencial', 'Piso 9', '2023-05-13 16:15:41', '2023-05-15 17:21:29', NULL),
	(53, 7920394, 'Jorge Rodriguez', 'Arquitecto', 'Administrativo', 'Piso 2', '2023-05-13 17:13:38', '2023-05-13 17:13:38', NULL),
	(54, 1067876737, 'Claudia Vanessa Navarro Pacheco', 'Coordinacion imagenes', 'Administrativo asistencial', 'Piso 2', '2023-05-15 16:09:42', '2023-05-15 17:21:17', NULL),
	(55, 16074246, 'Nelson Yadir Impata Montoya', 'Lider enfermeria urgencias', 'Administrativo asistencial', 'Piso 1', '2023-05-15 16:10:29', '2023-05-15 17:13:39', NULL),
	(56, 1003393264, 'Juan Orozco', 'Auxiliar calidad', 'Administrativo', 'Piso 10', '2023-05-15 20:14:26', '2023-05-15 20:14:26', NULL),
	(57, 1050036216, 'Emiro Vasquez Ripoll', 'Quimico farmaceutico clinico', 'Administrativo asistencial', 'Piso 3', '2023-05-16 21:11:31', '2023-05-16 21:11:31', NULL),
	(58, 25875013, 'Amalia Regino Pantoja', 'Líder de central de esterilización', 'Administrativo asistencial', 'Piso 3', '2023-05-16 21:12:45', '2023-05-16 21:12:45', NULL);

-- Volcando estructura para tabla cumisystem.failed_jobs
CREATE TABLE IF NOT EXISTS `failed_jobs` (
  `id` bigint unsigned NOT NULL AUTO_INCREMENT,
  `uuid` varchar(255) COLLATE utf8mb4_unicode_ci NOT NULL,
  `connection` text COLLATE utf8mb4_unicode_ci NOT NULL,
  `queue` text COLLATE utf8mb4_unicode_ci NOT NULL,
  `payload` longtext COLLATE utf8mb4_unicode_ci NOT NULL,
  `exception` longtext COLLATE utf8mb4_unicode_ci NOT NULL,
  `failed_at` timestamp NOT NULL DEFAULT CURRENT_TIMESTAMP,
  PRIMARY KEY (`id`),
  UNIQUE KEY `failed_jobs_uuid_unique` (`uuid`)
) ENGINE=InnoDB DEFAULT CHARSET=utf8mb4 COLLATE=utf8mb4_unicode_ci;

-- Volcando datos para la tabla cumisystem.failed_jobs: ~0 rows (aproximadamente)

-- Volcando estructura para tabla cumisystem.migrations
CREATE TABLE IF NOT EXISTS `migrations` (
  `id` int unsigned NOT NULL AUTO_INCREMENT,
  `migration` varchar(255) COLLATE utf8mb4_unicode_ci NOT NULL,
  `batch` int NOT NULL,
  PRIMARY KEY (`id`)
) ENGINE=InnoDB AUTO_INCREMENT=9 DEFAULT CHARSET=utf8mb4 COLLATE=utf8mb4_unicode_ci;

-- Volcando datos para la tabla cumisystem.migrations: ~0 rows (aproximadamente)
REPLACE INTO `migrations` (`id`, `migration`, `batch`) VALUES
	(1, '2014_10_12_000000_create_users_table', 1),
	(2, '2014_10_12_100000_create_password_resets_table', 1),
	(3, '2019_08_19_000000_create_failed_jobs_table', 1),
	(4, '2019_12_14_000001_create_personal_access_tokens_table', 1),
	(5, '2023_03_14_135314_create_permission_tables', 1),
	(6, '2023_03_15_200241_create_employes_table', 1),
	(7, '2023_03_15_205145_create_calendars_table', 1),
	(8, '2023_03_16_115621_create_attendances_table', 1);

-- Volcando estructura para tabla cumisystem.model_has_permissions
CREATE TABLE IF NOT EXISTS `model_has_permissions` (
  `permission_id` bigint unsigned NOT NULL,
  `model_type` varchar(255) COLLATE utf8mb4_unicode_ci NOT NULL,
  `model_id` bigint unsigned NOT NULL,
  PRIMARY KEY (`permission_id`,`model_id`,`model_type`),
  KEY `model_has_permissions_model_id_model_type_index` (`model_id`,`model_type`),
  CONSTRAINT `model_has_permissions_permission_id_foreign` FOREIGN KEY (`permission_id`) REFERENCES `permissions` (`id`) ON DELETE CASCADE
) ENGINE=InnoDB DEFAULT CHARSET=utf8mb4 COLLATE=utf8mb4_unicode_ci;

-- Volcando datos para la tabla cumisystem.model_has_permissions: ~26 rows (aproximadamente)
REPLACE INTO `model_has_permissions` (`permission_id`, `model_type`, `model_id`) VALUES
	(1, 'App\\Models\\User', 1),
	(2, 'App\\Models\\User', 1),
	(3, 'App\\Models\\User', 1),
	(4, 'App\\Models\\User', 1),
	(5, 'App\\Models\\User', 1),
	(6, 'App\\Models\\User', 1),
	(7, 'App\\Models\\User', 1),
	(8, 'App\\Models\\User', 1),
	(9, 'App\\Models\\User', 1),
	(10, 'App\\Models\\User', 1),
	(11, 'App\\Models\\User', 1),
	(12, 'App\\Models\\User', 1),
	(13, 'App\\Models\\User', 1),
	(14, 'App\\Models\\User', 1),
	(15, 'App\\Models\\User', 1),
	(16, 'App\\Models\\User', 1),
	(17, 'App\\Models\\User', 1),
	(18, 'App\\Models\\User', 1),
	(19, 'App\\Models\\User', 1),
	(20, 'App\\Models\\User', 1),
	(21, 'App\\Models\\User', 1),
	(22, 'App\\Models\\User', 1),
	(23, 'App\\Models\\User', 1),
	(24, 'App\\Models\\User', 1),
	(25, 'App\\Models\\User', 1),
	(11, 'App\\Models\\User', 2),
	(13, 'App\\Models\\User', 2);

-- Volcando estructura para tabla cumisystem.model_has_roles
CREATE TABLE IF NOT EXISTS `model_has_roles` (
  `role_id` bigint unsigned NOT NULL,
  `model_type` varchar(255) COLLATE utf8mb4_unicode_ci NOT NULL,
  `model_id` bigint unsigned NOT NULL,
  PRIMARY KEY (`role_id`,`model_id`,`model_type`),
  KEY `model_has_roles_model_id_model_type_index` (`model_id`,`model_type`),
  CONSTRAINT `model_has_roles_role_id_foreign` FOREIGN KEY (`role_id`) REFERENCES `roles` (`id`) ON DELETE CASCADE
) ENGINE=InnoDB DEFAULT CHARSET=utf8mb4 COLLATE=utf8mb4_unicode_ci;

-- Volcando datos para la tabla cumisystem.model_has_roles: ~4 rows (aproximadamente)
REPLACE INTO `model_has_roles` (`role_id`, `model_type`, `model_id`) VALUES
	(1, 'App\\Models\\User', 1),
	(2, 'App\\Models\\User', 2),
	(1, 'App\\Models\\User', 8),
	(2, 'App\\Models\\User', 9),
	(2, 'App\\Models\\User', 10);

-- Volcando estructura para tabla cumisystem.password_resets
CREATE TABLE IF NOT EXISTS `password_resets` (
  `email` varchar(255) COLLATE utf8mb4_unicode_ci NOT NULL,
  `token` varchar(255) COLLATE utf8mb4_unicode_ci NOT NULL,
  `created_at` timestamp NULL DEFAULT NULL,
  KEY `password_resets_email_index` (`email`)
) ENGINE=InnoDB DEFAULT CHARSET=utf8mb4 COLLATE=utf8mb4_unicode_ci;

-- Volcando datos para la tabla cumisystem.password_resets: ~0 rows (aproximadamente)

-- Volcando estructura para tabla cumisystem.permissions
CREATE TABLE IF NOT EXISTS `permissions` (
  `id` bigint unsigned NOT NULL AUTO_INCREMENT,
  `name` varchar(255) COLLATE utf8mb4_unicode_ci NOT NULL,
  `display_name` varchar(255) COLLATE utf8mb4_unicode_ci NOT NULL,
  `guard_name` varchar(255) COLLATE utf8mb4_unicode_ci NOT NULL,
  `created_at` timestamp NULL DEFAULT NULL,
  `updated_at` timestamp NULL DEFAULT NULL,
  PRIMARY KEY (`id`),
  UNIQUE KEY `permissions_name_guard_name_unique` (`name`,`guard_name`)
) ENGINE=InnoDB AUTO_INCREMENT=26 DEFAULT CHARSET=utf8mb4 COLLATE=utf8mb4_unicode_ci;

-- Volcando datos para la tabla cumisystem.permissions: ~25 rows (aproximadamente)
REPLACE INTO `permissions` (`id`, `name`, `display_name`, `guard_name`, `created_at`, `updated_at`) VALUES
	(1, 'view_user', 'Listar Usuario', 'web', NULL, NULL),
	(2, 'show_user', 'Ver Usuario', 'web', NULL, NULL),
	(3, 'create_user', 'Crear Usuario', 'web', NULL, NULL),
	(4, 'update_user', 'Actualizar Usuario', 'web', NULL, NULL),
	(5, 'destroy_user', 'Eliminar Usuario', 'web', NULL, NULL),
	(6, 'view_employes', 'Listar Empleado', 'web', NULL, NULL),
	(7, 'show_employes', 'Ver Empleado', 'web', NULL, NULL),
	(8, 'create_employes', 'Crear Empleado', 'web', NULL, NULL),
	(9, 'update_employes', 'Actualizar Empleado', 'web', NULL, NULL),
	(10, 'destroy_employes', 'Eliminar Empleado', 'web', NULL, NULL),
	(11, 'view_attendances', 'Listar asistencias', 'web', NULL, NULL),
	(12, 'show_attendances', 'Ver asistencias', 'web', NULL, NULL),
	(13, 'create_attendances', 'Crear asistencias', 'web', NULL, NULL),
	(14, 'update_attendances', 'Actualizar asistencias', 'web', NULL, NULL),
	(15, 'destroy_attendances', 'Eliminar asistencias', 'web', NULL, NULL),
	(16, 'view_calendars', 'Listar calendario', 'web', NULL, NULL),
	(17, 'show_calendars', 'Ver calendario', 'web', NULL, NULL),
	(18, 'create_calendars', 'Crear calendario', 'web', NULL, NULL),
	(19, 'update_calendars', 'Actualizar calendario', 'web', NULL, NULL),
	(20, 'destroy_calendars', 'Eliminar calendario', 'web', NULL, NULL),
	(21, 'view_role', 'Listar Roles', 'web', NULL, NULL),
	(22, 'show_role', 'Ver Roles', 'web', NULL, NULL),
	(23, 'create_role', 'Crear Roles', 'web', NULL, NULL),
	(24, 'update_role', 'Actualizar Roles', 'web', NULL, NULL),
	(25, 'destroy_role', 'Eliminar Roles', 'web', NULL, NULL);

-- Volcando estructura para tabla cumisystem.personal_access_tokens
CREATE TABLE IF NOT EXISTS `personal_access_tokens` (
  `id` bigint unsigned NOT NULL AUTO_INCREMENT,
  `tokenable_type` varchar(255) COLLATE utf8mb4_unicode_ci NOT NULL,
  `tokenable_id` bigint unsigned NOT NULL,
  `name` varchar(255) COLLATE utf8mb4_unicode_ci NOT NULL,
  `token` varchar(64) COLLATE utf8mb4_unicode_ci NOT NULL,
  `abilities` text COLLATE utf8mb4_unicode_ci,
  `last_used_at` timestamp NULL DEFAULT NULL,
  `created_at` timestamp NULL DEFAULT NULL,
  `updated_at` timestamp NULL DEFAULT NULL,
  PRIMARY KEY (`id`),
  UNIQUE KEY `personal_access_tokens_token_unique` (`token`),
  KEY `personal_access_tokens_tokenable_type_tokenable_id_index` (`tokenable_type`,`tokenable_id`)
) ENGINE=InnoDB DEFAULT CHARSET=utf8mb4 COLLATE=utf8mb4_unicode_ci;

-- Volcando datos para la tabla cumisystem.personal_access_tokens: ~0 rows (aproximadamente)

-- Volcando estructura para tabla cumisystem.roles
CREATE TABLE IF NOT EXISTS `roles` (
  `id` bigint unsigned NOT NULL AUTO_INCREMENT,
  `name` varchar(255) COLLATE utf8mb4_unicode_ci NOT NULL,
  `display_name` varchar(255) COLLATE utf8mb4_unicode_ci NOT NULL,
  `guard_name` varchar(255) COLLATE utf8mb4_unicode_ci NOT NULL,
  `created_at` timestamp NULL DEFAULT NULL,
  `updated_at` timestamp NULL DEFAULT NULL,
  PRIMARY KEY (`id`),
  UNIQUE KEY `roles_name_guard_name_unique` (`name`,`guard_name`)
) ENGINE=InnoDB AUTO_INCREMENT=3 DEFAULT CHARSET=utf8mb4 COLLATE=utf8mb4_unicode_ci;

-- Volcando datos para la tabla cumisystem.roles: ~2 rows (aproximadamente)
REPLACE INTO `roles` (`id`, `name`, `display_name`, `guard_name`, `created_at`, `updated_at`) VALUES
	(1, 'Admin', 'Administrador', 'web', '2023-04-08 00:10:52', '2023-04-08 00:10:52'),
	(2, 'User', 'Usuario', 'web', '2023-04-08 00:10:52', '2023-04-08 00:10:52');

-- Volcando estructura para tabla cumisystem.role_has_permissions
CREATE TABLE IF NOT EXISTS `role_has_permissions` (
  `permission_id` bigint unsigned NOT NULL,
  `role_id` bigint unsigned NOT NULL,
  PRIMARY KEY (`permission_id`,`role_id`),
  KEY `role_has_permissions_role_id_foreign` (`role_id`),
  CONSTRAINT `role_has_permissions_permission_id_foreign` FOREIGN KEY (`permission_id`) REFERENCES `permissions` (`id`) ON DELETE CASCADE,
  CONSTRAINT `role_has_permissions_role_id_foreign` FOREIGN KEY (`role_id`) REFERENCES `roles` (`id`) ON DELETE CASCADE
) ENGINE=InnoDB DEFAULT CHARSET=utf8mb4 COLLATE=utf8mb4_unicode_ci;

-- Volcando datos para la tabla cumisystem.role_has_permissions: ~25 rows (aproximadamente)
REPLACE INTO `role_has_permissions` (`permission_id`, `role_id`) VALUES
	(1, 1),
	(2, 1),
	(3, 1),
	(4, 1),
	(5, 1),
	(6, 1),
	(7, 1),
	(8, 1),
	(9, 1),
	(10, 1),
	(11, 1),
	(12, 1),
	(13, 1),
	(14, 1),
	(15, 1),
	(16, 1),
	(17, 1),
	(18, 1),
	(19, 1),
	(20, 1),
	(21, 1),
	(22, 1),
	(23, 1),
	(24, 1),
	(25, 1);

-- Volcando estructura para tabla cumisystem.users
CREATE TABLE IF NOT EXISTS `users` (
  `id` int unsigned NOT NULL AUTO_INCREMENT,
  `name` varchar(255) COLLATE utf8mb4_unicode_ci NOT NULL,
  `email` varchar(255) COLLATE utf8mb4_unicode_ci NOT NULL,
  `email_verified_at` timestamp NULL DEFAULT NULL,
  `password` varchar(255) COLLATE utf8mb4_unicode_ci NOT NULL,
  `remember_token` varchar(100) COLLATE utf8mb4_unicode_ci DEFAULT NULL,
  `created_at` timestamp NULL DEFAULT NULL,
  `updated_at` timestamp NULL DEFAULT NULL,
  PRIMARY KEY (`id`),
  UNIQUE KEY `users_email_unique` (`email`)
) ENGINE=InnoDB AUTO_INCREMENT=11 DEFAULT CHARSET=utf8mb4 COLLATE=utf8mb4_unicode_ci;

-- Volcando datos para la tabla cumisystem.users: ~10 rows (aproximadamente)
REPLACE INTO `users` (`id`, `name`, `email`, `email_verified_at`, `password`, `remember_token`, `created_at`, `updated_at`) VALUES
	(1, 'Administrador', 'admin@cumi.com', NULL, '$2y$10$cXVLvs9JkKIq2OtLJni8jeJf/5wVsmiP2nkD4YrkgsnSa5Opmbkf.', NULL, '2023-04-08 00:10:52', '2023-04-08 00:10:52'),
	(2, 'Persona', 'persona@cumi.com', NULL, '$2y$10$cXVLvs9JkKIq2OtLJni8jeJf/5wVsmiP2nkD4YrkgsnSa5Opmbkf.', NULL, '2023-04-08 00:10:52', '2023-04-08 00:10:52'),
	(3, 'Palma Ledner', 'braxton.smitham@example.com', '2023-04-08 00:10:52', '$2y$10$92IXUNpkjO0rOQ5byMi.Ye4oKoEa3Ro9llC/.og/at2.uheWG/igi', 'Zn5DRXP4aF', '2023-04-08 00:10:52', '2023-04-08 00:10:52'),
	(4, 'Geovany Zboncak', 'eulah.thiel@example.com', '2023-04-08 00:10:52', '$2y$10$92IXUNpkjO0rOQ5byMi.Ye4oKoEa3Ro9llC/.og/at2.uheWG/igi', 'Yl5m28O5PD', '2023-04-08 00:10:52', '2023-04-08 00:10:52'),
	(5, 'Dr. Marilyne Ferry V', 'lenora.mckenzie@example.org', '2023-04-08 00:10:52', '$2y$10$92IXUNpkjO0rOQ5byMi.Ye4oKoEa3Ro9llC/.og/at2.uheWG/igi', '7oxnYeBlLz', '2023-04-08 00:10:52', '2023-04-08 00:10:52'),
	(6, 'Keara Hills', 'jodie.marvin@example.com', '2023-04-08 00:10:52', '$2y$10$92IXUNpkjO0rOQ5byMi.Ye4oKoEa3Ro9llC/.og/at2.uheWG/igi', 'ElPC3td3Pr', '2023-04-08 00:10:52', '2023-04-08 00:10:52'),
	(7, 'Dr. Kaleb Gorczany', 'sterling.terry@example.net', '2023-04-08 00:10:52', '$2y$10$92IXUNpkjO0rOQ5byMi.Ye4oKoEa3Ro9llC/.og/at2.uheWG/igi', '2wIexIUddq', '2023-04-08 00:10:52', '2023-04-08 00:10:52'),
	(8, 'Talento humano', 'th@cumi.com', NULL, '$2y$10$OuQOx7dawU2grHwVozqRVOiNOTQ.g5Dg7I1ow7H0CGQrciWC9L28u', NULL, '2023-04-13 22:23:43', '2023-04-13 22:23:43'),
	(9, 'Coordinacion', 'coordinacion@cumi.com', NULL, '$2y$10$S24CJh.F8YfRtQJxBJ9GfO5WgR5lCFOQzVBv2OUXbo5/3R1XKE10K', NULL, '2023-04-13 22:24:35', '2023-04-13 22:24:35'),
	(10, 'Prueba3', 'prueba3@gmail.com', NULL, '$2y$10$i3BYqes48i3DXdggkRZ.MeU3AOauu1qL.eWyic.iBDdI.P6phxrFK', NULL, '2023-04-14 20:37:17', '2023-05-11 20:02:36');

/*!40103 SET TIME_ZONE=IFNULL(@OLD_TIME_ZONE, 'system') */;
/*!40101 SET SQL_MODE=IFNULL(@OLD_SQL_MODE, '') */;
/*!40014 SET FOREIGN_KEY_CHECKS=IFNULL(@OLD_FOREIGN_KEY_CHECKS, 1) */;
/*!40101 SET CHARACTER_SET_CLIENT=@OLD_CHARACTER_SET_CLIENT */;
/*!40111 SET SQL_NOTES=IFNULL(@OLD_SQL_NOTES, 1) */;
